STATUS,LINES,SECTION,PATH
STUB,5,ductwork-piping-distribution,ductwork-piping-distribution/ductwork-air-distribution/vav-terminal-units/_index.md
STUB,5,ductwork-piping-distribution,ductwork-piping-distribution/ductwork-air-distribution/vav-terminal-units/fan-powered-terminals/_index.md
STUB,5,heating-systems,heating-systems/combustion-heating/_index.md
STUB,5,heating-systems,heating-systems/combustion-heating/fuels/_index.md
STUB,5,hvac-fundamentals,hvac-fundamentals/building-envelope-moisture/building-assembly-moisture-design/_index.md
STUB,5,hvac-fundamentals,hvac-fundamentals/building-envelope-moisture/building-assembly-moisture-design/foundation-assemblies/_index.md
STUB,5,hvac-fundamentals,hvac-fundamentals/building-envelope-moisture/building-assembly-moisture-design/roof-assembly-moisture-control/_index.md
STUB,5,hvac-fundamentals,hvac-fundamentals/building-envelope-moisture/building-assembly-moisture-design/wall-assembly-moisture/_index.md
STUB,5,hvac-fundamentals,hvac-fundamentals/building-envelope-moisture/building-envelope-heat-air-moisture-control/_index.md
STUB,5,hvac-fundamentals,hvac-fundamentals/building-envelope-moisture/building-envelope-heat-air-moisture-control/air-leakage-moisture-transport/_index.md
STUB,5,hvac-fundamentals,hvac-fundamentals/building-envelope-moisture/building-envelope-heat-air-moisture-control/moisture-storage-capacity/_index.md
STUB,5,hvac-fundamentals,hvac-fundamentals/building-envelope-moisture/building-envelope-heat-air-moisture-control/vapor-diffusion-fundamentals/_index.md
STUB,5,hvac-fundamentals,hvac-fundamentals/building-envelope-moisture/hygrothermal-material-properties/air-permeability-materials/_index.md
STUB,5,hvac-fundamentals,hvac-fundamentals/building-envelope-moisture/hygrothermal-material-properties/liquid-water-conductivity/_index.md
STUB,5,hvac-fundamentals,hvac-fundamentals/building-envelope-moisture/hygrothermal-material-properties/moisture-storage-functions/_index.md
STUB,5,hvac-fundamentals,hvac-fundamentals/building-envelope-moisture/mold-growth-prediction/critical-moisture-content/_index.md
STUB,5,hvac-fundamentals,hvac-fundamentals/building-envelope-moisture/mold-growth-prediction/mold-growth-conditions/_index.md
STUB,5,hvac-fundamentals,hvac-fundamentals/building-envelope-moisture/mold-growth-prediction/mold-growth-models/_index.md
STUB,5,hvac-fundamentals,hvac-fundamentals/energy-resources/energy-efficiency-potential/conservation-strategies/_index.md
STUB,5,hvac-fundamentals,hvac-fundamentals/energy-resources/energy-efficiency-potential/demand-response/_index.md
STUB,5,hvac-fundamentals,hvac-fundamentals/energy-resources/energy-efficiency-potential/efficiency-improvement-opportunities/_index.md
STUB,5,hvac-fundamentals,hvac-fundamentals/fluid-mechanics/_index.md
STUB,5,hvac-fundamentals,hvac-fundamentals/fluid-mechanics/pipe-flow/_index.md
STUB,5,hvac-fundamentals,hvac-fundamentals/fluid-mechanics/pumps-fans/_index.md
STUB,5,hvac-fundamentals,hvac-fundamentals/heat-transfer/_index.md
STUB,5,hvac-fundamentals,hvac-fundamentals/heat-transfer/conduction/_index.md
STUB,5,hvac-fundamentals,hvac-fundamentals/heat-transfer/convection/_index.md
STUB,5,hvac-fundamentals,hvac-fundamentals/heat-transfer/convection/forced-convection/_index.md
STUB,5,hvac-fundamentals,hvac-fundamentals/heat-transfer/convection/phase-change/_index.md
STUB,5,hvac-fundamentals,hvac-fundamentals/heat-transfer/radiation/_index.md
STUB,5,hvac-fundamentals,hvac-fundamentals/material-properties/physical-properties-materials/air-properties-detailed/_index.md
STUB,5,hvac-fundamentals,hvac-fundamentals/material-properties/physical-properties-materials/building-materials-thermal/_index.md
STUB,5,hvac-fundamentals,hvac-fundamentals/material-properties/physical-properties-materials/insulation-materials-properties/_index.md
STUB,5,hvac-fundamentals,hvac-fundamentals/material-properties/physical-properties-materials/insulation-materials-properties/foam-boards/_index.md
STUB,5,hvac-fundamentals,hvac-fundamentals/material-properties/physical-properties-materials/insulation-materials-properties/spray-foam/_index.md
STUB,5,hvac-fundamentals,hvac-fundamentals/material-properties/physical-properties-materials/pipe-duct-materials/_index.md
STUB,5,hvac-fundamentals,hvac-fundamentals/material-properties/physical-properties-materials/steam-properties/_index.md
STUB,5,hvac-fundamentals,hvac-fundamentals/material-properties/physical-properties-materials/water-properties-detailed/_index.md
STUB,5,hvac-fundamentals,hvac-fundamentals/material-properties/thermophysical-properties-refrigerants/pressure-enthalpy-diagrams/_index.md
STUB,5,hvac-fundamentals,hvac-fundamentals/material-properties/thermophysical-properties-refrigerants/refrigerant-mixtures/_index.md
STUB,5,hvac-fundamentals,hvac-fundamentals/material-properties/thermophysical-properties-refrigerants/refrigerant-property-tables/_index.md
STUB,5,hvac-fundamentals,hvac-fundamentals/material-properties/thermophysical-properties-refrigerants/saturation-properties/_index.md
STUB,5,hvac-fundamentals,hvac-fundamentals/material-properties/thermophysical-properties-refrigerants/thermodynamic-tables-detailed/_index.md
STUB,5,hvac-fundamentals,hvac-fundamentals/material-properties/thermophysical-properties-refrigerants/transport-properties/_index.md
STUB,5,hvac-fundamentals,hvac-fundamentals/psychrometrics/_index.md
STUB,5,hvac-fundamentals,hvac-fundamentals/psychrometrics/psychrometric-processes/_index.md
STUB,5,hvac-fundamentals,hvac-fundamentals/thermodynamics/_index.md
STUB,5,project-delivery-methods,project-delivery-methods/building-information-modeling-bim/bim-project-execution/_index.md
STUB,5,project-delivery-methods,project-delivery-methods/building-information-modeling-bim/bim-uses/_index.md
STUB,5,project-delivery-methods,project-delivery-methods/construction-administration/bidding-phase/_index.md
STUB,5,project-delivery-methods,project-delivery-methods/construction-administration/bidding-phase/addenda-process/_index.md
STUB,5,project-delivery-methods,project-delivery-methods/construction-administration/bidding-phase/bid-award-procedures/_index.md
STUB,5,project-delivery-methods,project-delivery-methods/construction-administration/bidding-phase/bid-evaluation/_index.md
STUB,5,project-delivery-methods,project-delivery-methods/construction-administration/bidding-phase/pre-bid-procedures/_index.md
STUB,5,project-delivery-methods,project-delivery-methods/construction-administration/change-order-management/_index.md
STUB,5,project-delivery-methods,project-delivery-methods/construction-administration/submittal-management/_index.md
STUB,5,project-delivery-methods,project-delivery-methods/construction-drawings-documentation/_index.md
STUB,5,project-delivery-methods,project-delivery-methods/construction-drawings-documentation/cad-standards-conventions/_index.md
STUB,5,project-delivery-methods,project-delivery-methods/construction-drawings-documentation/detail-drawing-practices/_index.md
STUB,5,project-delivery-methods,project-delivery-methods/construction-drawings-documentation/drawing-coordination-quality/_index.md
STUB,5,project-delivery-methods,project-delivery-methods/construction-drawings-documentation/legend-symbol-conventions/_index.md
STUB,5,project-delivery-methods,project-delivery-methods/construction-drawings-documentation/model-vs-sheet-files/_index.md
STUB,5,project-delivery-methods,project-delivery-methods/construction-drawings-documentation/schedules-format-content/_index.md
STUB,5,project-delivery-methods,project-delivery-methods/construction-drawings-documentation/sheet-organization/_index.md
STUB,5,project-delivery-methods,project-delivery-methods/design-process-workflow/design-development-phase/_index.md
STUB,5,project-delivery-methods,project-delivery-methods/design-process-workflow/proposal-phase/_index.md
STUB,5,project-delivery-methods,project-delivery-methods/design-process-workflow/schematic-design-phase/_index.md
STUB,5,refrigeration-systems,refrigeration-systems/absorption-refrigeration/_index.md
STUB,5,refrigeration-systems,refrigeration-systems/applications/_index.md
STUB,5,refrigeration-systems,refrigeration-systems/commodity-storage-requirements/_index.md
STUB,5,refrigeration-systems,refrigeration-systems/commodity-storage-requirements/controlled-atmosphere-storage/_index.md
STUB,5,refrigeration-systems,refrigeration-systems/commodity-storage-requirements/dairy-products-storage/_index.md
STUB,5,refrigeration-systems,refrigeration-systems/commodity-storage-requirements/fish-seafood-storage/_index.md
STUB,5,refrigeration-systems,refrigeration-systems/commodity-storage-requirements/flowers-plants-storage/_index.md
STUB,5,refrigeration-systems,refrigeration-systems/commodity-storage-requirements/fruits-storage/_index.md
STUB,5,refrigeration-systems,refrigeration-systems/commodity-storage-requirements/meat-poultry-storage/_index.md
STUB,5,refrigeration-systems,refrigeration-systems/commodity-storage-requirements/vegetables-storage/_index.md
STUB,5,refrigeration-systems,refrigeration-systems/components-detailed/_index.md
STUB,5,refrigeration-systems,refrigeration-systems/components-detailed/compressors/_index.md
STUB,5,refrigeration-systems,refrigeration-systems/components-detailed/condensers/_index.md
STUB,5,refrigeration-systems,refrigeration-systems/components-detailed/evaporators/_index.md
STUB,5,refrigeration-systems,refrigeration-systems/components-detailed/expansion-devices/_index.md
STUB,5,refrigeration-systems,refrigeration-systems/components-detailed/liquid-overfeed-systems/_index.md
STUB,5,refrigeration-systems,refrigeration-systems/cooling-freezing-times-foods/_index.md
STUB,5,refrigeration-systems,refrigeration-systems/cooling-freezing-times-foods/factors-affecting-rates/_index.md
STUB,5,refrigeration-systems,refrigeration-systems/cooling-freezing-times-foods/plank-equation/_index.md
STUB,5,refrigeration-systems,refrigeration-systems/food-microbiology-refrigeration/_index.md
STUB,5,refrigeration-systems,refrigeration-systems/food-microbiology-refrigeration/bacterial-growth-temperature/_index.md
STUB,5,refrigeration-systems,refrigeration-systems/food-microbiology-refrigeration/food-safety-temperatures/_index.md
STUB,5,refrigeration-systems,refrigeration-systems/food-microbiology-refrigeration/pathogen-control/_index.md
STUB,5,refrigeration-systems,refrigeration-systems/food-processing-refrigeration/bakery-products/_index.md
STUB,5,refrigeration-systems,refrigeration-systems/food-processing-refrigeration/bakery-products/dough-retarding/_index.md
STUB,5,refrigeration-systems,refrigeration-systems/food-processing-refrigeration/bakery-products/finished-product-storage/_index.md
STUB,5,refrigeration-systems,refrigeration-systems/food-processing-refrigeration/bakery-products/frozen-dough/_index.md
STUB,5,refrigeration-systems,refrigeration-systems/food-processing-refrigeration/beverages/_index.md
STUB,5,refrigeration-systems,refrigeration-systems/food-processing-refrigeration/beverages/beer-brewing/_index.md
STUB,5,refrigeration-systems,refrigeration-systems/food-processing-refrigeration/beverages/juice-processing/_index.md
STUB,5,refrigeration-systems,refrigeration-systems/food-processing-refrigeration/beverages/soft-drink-production/_index.md
STUB,5,refrigeration-systems,refrigeration-systems/food-processing-refrigeration/beverages/wine-production/_index.md
STUB,5,refrigeration-systems,refrigeration-systems/food-processing-refrigeration/confectionery/_index.md
STUB,5,refrigeration-systems,refrigeration-systems/food-processing-refrigeration/confectionery/candy-manufacturing/_index.md
STUB,5,refrigeration-systems,refrigeration-systems/food-processing-refrigeration/confectionery/chocolate-processing/_index.md
STUB,5,refrigeration-systems,refrigeration-systems/food-processing-refrigeration/confectionery/nut-processing/_index.md
STUB,5,refrigeration-systems,refrigeration-systems/food-processing-refrigeration/dairy-processing/_index.md
STUB,5,refrigeration-systems,refrigeration-systems/food-processing-refrigeration/dairy-processing/butter-production/_index.md
STUB,5,refrigeration-systems,refrigeration-systems/food-processing-refrigeration/dairy-processing/cheese-manufacturing/_index.md
STUB,5,refrigeration-systems,refrigeration-systems/food-processing-refrigeration/dairy-processing/ice-cream-manufacturing/_index.md
STUB,5,refrigeration-systems,refrigeration-systems/food-processing-refrigeration/dairy-processing/milk-processing/_index.md
STUB,5,refrigeration-systems,refrigeration-systems/food-processing-refrigeration/dairy-processing/yogurt-production/_index.md
STUB,5,refrigeration-systems,refrigeration-systems/food-processing-refrigeration/eggs-egg-products/_index.md
STUB,5,refrigeration-systems,refrigeration-systems/food-processing-refrigeration/eggs-egg-products/egg-breaking-processing/_index.md
STUB,5,refrigeration-systems,refrigeration-systems/food-processing-refrigeration/eggs-egg-products/egg-product-storage/_index.md
STUB,5,refrigeration-systems,refrigeration-systems/food-processing-refrigeration/eggs-egg-products/egg-storage/_index.md
STUB,5,refrigeration-systems,refrigeration-systems/food-processing-refrigeration/fishery-products/_index.md
STUB,5,refrigeration-systems,refrigeration-systems/food-processing-refrigeration/fishery-products/cold-storage-fish/_index.md
STUB,5,refrigeration-systems,refrigeration-systems/food-processing-refrigeration/fishery-products/fish-chilling/_index.md
STUB,5,refrigeration-systems,refrigeration-systems/food-processing-refrigeration/fishery-products/fish-freezing/_index.md
STUB,5,refrigeration-systems,refrigeration-systems/food-processing-refrigeration/fishery-products/seafood-processing-operations/_index.md
STUB,5,refrigeration-systems,refrigeration-systems/food-processing-refrigeration/frozen-food-processing/_index.md
STUB,5,refrigeration-systems,refrigeration-systems/food-processing-refrigeration/frozen-food-processing/blast-freezers/_index.md
STUB,5,refrigeration-systems,refrigeration-systems/food-processing-refrigeration/frozen-food-processing/cryogenic-freezing/_index.md
STUB,5,refrigeration-systems,refrigeration-systems/food-processing-refrigeration/frozen-food-processing/freezing-methods-food/_index.md
STUB,5,refrigeration-systems,refrigeration-systems/food-processing-refrigeration/frozen-food-processing/frozen-storage-requirements/_index.md
STUB,5,refrigeration-systems,refrigeration-systems/food-processing-refrigeration/frozen-food-processing/iqf-technology/_index.md
STUB,5,refrigeration-systems,refrigeration-systems/food-processing-refrigeration/frozen-food-processing/plate-freezers/_index.md
STUB,5,refrigeration-systems,refrigeration-systems/food-processing-refrigeration/fruit-processing/_index.md
STUB,5,refrigeration-systems,refrigeration-systems/food-processing-refrigeration/fruit-processing/apple-processing/_index.md
STUB,5,refrigeration-systems,refrigeration-systems/food-processing-refrigeration/fruit-processing/berry-processing/_index.md
STUB,5,refrigeration-systems,refrigeration-systems/food-processing-refrigeration/fruit-processing/citrus-processing/_index.md
STUB,5,refrigeration-systems,refrigeration-systems/food-processing-refrigeration/fruit-processing/fruit-juice-concentration/_index.md
STUB,5,refrigeration-systems,refrigeration-systems/food-processing-refrigeration/fruit-processing/stone-fruit-processing/_index.md
STUB,5,refrigeration-systems,refrigeration-systems/food-processing-refrigeration/fruit-processing/tropical-fruit-processing/_index.md
STUB,5,refrigeration-systems,refrigeration-systems/food-processing-refrigeration/prepared-foods/_index.md
STUB,5,refrigeration-systems,refrigeration-systems/food-processing-refrigeration/prepared-foods/cook-chill-systems/_index.md
STUB,5,refrigeration-systems,refrigeration-systems/food-processing-refrigeration/prepared-foods/precooked-foods/_index.md
STUB,5,refrigeration-systems,refrigeration-systems/food-processing-refrigeration/prepared-foods/ready-to-eat-products/_index.md
STUB,5,refrigeration-systems,refrigeration-systems/food-processing-refrigeration/vegetable-processing/_index.md
STUB,5,refrigeration-systems,refrigeration-systems/food-processing-refrigeration/vegetable-processing/frozen-vegetables-quality/_index.md
STUB,5,refrigeration-systems,refrigeration-systems/food-processing-refrigeration/vegetable-processing/leafy-vegetables/_index.md
STUB,5,refrigeration-systems,refrigeration-systems/food-processing-refrigeration/vegetable-processing/processing-operations/_index.md
STUB,5,refrigeration-systems,refrigeration-systems/food-processing-refrigeration/vegetable-processing/root-vegetables/_index.md
STUB,5,refrigeration-systems,refrigeration-systems/food-processing-refrigeration/vegetable-processing/vegetable-precooling/_index.md
STUB,5,refrigeration-systems,refrigeration-systems/food-thermal-properties/_index.md
STUB,5,refrigeration-systems,refrigeration-systems/food-thermal-properties/composition-effects/_index.md
STUB,5,refrigeration-systems,refrigeration-systems/food-thermal-properties/enthalpy-foods/_index.md
STUB,5,refrigeration-systems,refrigeration-systems/refrigerants/_index.md
STUB,5,refrigeration-systems,refrigeration-systems/refrigerants/classifications/_index.md
STUB,5,refrigeration-systems,refrigeration-systems/refrigerants/classifications/blends/_index.md
STUB,5,refrigeration-systems,refrigeration-systems/refrigerants/classifications/natural-refrigerants/_index.md
STUB,5,refrigeration-systems,refrigeration-systems/refrigerants/lubricant-compatibility/_index.md
STUB,5,refrigeration-systems,refrigeration-systems/refrigerated-facility-design-loads/_index.md
STUB,5,refrigeration-systems,refrigeration-systems/refrigerated-facility-design-loads/infiltration-loads-methods/_index.md
STUB,5,refrigeration-systems,refrigeration-systems/refrigerated-facility-design-loads/internal-loads-warehouse/_index.md
STUB,5,refrigeration-systems,refrigeration-systems/refrigerated-facility-design-loads/product-loads/_index.md
STUB,5,refrigeration-systems,refrigeration-systems/refrigerated-facility-design-loads/transmission-loads-calculation/_index.md
STUB,5,refrigeration-systems,refrigeration-systems/vapor-compression-cycles/_index.md
STUB,5,research-specialized-knowledge,research-specialized-knowledge/advanced-materials-research/_index.md
STUB,5,research-specialized-knowledge,research-specialized-knowledge/advanced-sensing-technologies/_index.md
STUB,5,research-specialized-knowledge,research-specialized-knowledge/artificial-intelligence-machine-learning/_index.md
STUB,5,research-specialized-knowledge,research-specialized-knowledge/building-envelope-innovations/_index.md
STUB,5,research-specialized-knowledge,research-specialized-knowledge/energy-storage-research/_index.md
STUB,5,research-specialized-knowledge,research-specialized-knowledge/energy-storage-research/electrical-energy-storage/_index.md
STUB,5,research-specialized-knowledge,research-specialized-knowledge/energy-storage-research/thermal-energy-storage-advanced/_index.md
STUB,5,research-specialized-knowledge,research-specialized-knowledge/indoor-environment-research/_index.md
STUB,5,research-specialized-knowledge,research-specialized-knowledge/pandemic-response-hvac/_index.md
STUB,5,research-specialized-knowledge,research-specialized-knowledge/specialized-knowledge-domains/_index.md
STUB,5,research-specialized-knowledge,research-specialized-knowledge/specialized-knowledge-domains/architectural-coordination/_index.md
STUB,5,research-specialized-knowledge,research-specialized-knowledge/specialized-knowledge-domains/building-physics/_index.md
STUB,5,research-specialized-knowledge,research-specialized-knowledge/specialized-knowledge-domains/fire-safety-engineering/_index.md
STUB,5,research-specialized-knowledge,research-specialized-knowledge/specialized-knowledge-domains/water-systems-coordination/_index.md
STUB,7,hvac-fundamentals,hvac-fundamentals/energy-resources/_index.md
STUB,7,hvac-fundamentals,hvac-fundamentals/energy-resources/energy-efficiency-potential/_index.md
STUB,7,hvac-fundamentals,hvac-fundamentals/energy-resources/energy-efficiency-potential/negawatt-concept/_index.md
STUB,7,hvac-fundamentals,hvac-fundamentals/material-properties/physical-properties-materials/_index.md
STUB,7,refrigeration-systems,refrigeration-systems/applications/transport-refrigeration/_index.md
STUB,7,refrigeration-systems,refrigeration-systems/applications/transport-refrigeration/air-transport-refrigeration/_index.md
STUB,7,refrigeration-systems,refrigeration-systems/applications/transport-refrigeration/cargo-containers-refrigerated/_index.md
STUB,7,refrigeration-systems,refrigeration-systems/applications/transport-refrigeration/cryogenic-transport/_index.md
STUB,7,refrigeration-systems,refrigeration-systems/applications/transport-refrigeration/marine-refrigeration-transport/_index.md
STUB,7,refrigeration-systems,refrigeration-systems/applications/transport-refrigeration/refrigerated-rail-cars/_index.md
STUB,7,refrigeration-systems,refrigeration-systems/applications/transport-refrigeration/refrigerated-trucks-trailers/_index.md
STUB,7,refrigeration-systems,refrigeration-systems/applications/transport-refrigeration/transport-temperature-recorders/_index.md
STUB,7,refrigeration-systems,refrigeration-systems/food-processing-refrigeration/_index.md
STUB,9,_index.md,_index.md
STUB,9,ductwork-piping-distribution,ductwork-piping-distribution/ductwork-air-distribution/vav-terminal-units/pressure-dependent/_index.md
STUB,9,load-calculations-energy-efficiency,load-calculations-energy-efficiency/energy-efficiency-optimization/renewable-energy-systems/wind-energy/_index.md
STUB,9,project-delivery-methods,project-delivery-methods/_index.md
STUB,9,research-specialized-knowledge,research-specialized-knowledge/_index.md
STUB,10,ductwork-piping-distribution,ductwork-piping-distribution/ductwork-air-distribution/duct-design-methods/t-method/_index.md
STUB,10,ductwork-piping-distribution,ductwork-piping-distribution/ductwork-air-distribution/vav-terminal-units/fan-powered-terminals/parallel-fan-powered/_index.md
STUB,10,hvac-fundamentals,hvac-fundamentals/building-envelope-moisture/hygrothermal-material-properties/air-permeability-materials/testing-methods/_index.md
STUB,10,hvac-fundamentals,hvac-fundamentals/building-envelope-moisture/hygrothermal-material-properties/hygroscopic-moisture-content/equilibrium-moisture/_index.md
STUB,10,hvac-fundamentals,hvac-fundamentals/material-properties/physical-properties-materials/air-properties-detailed/prandtl-number-air/_index.md
STUB,10,hvac-fundamentals,hvac-fundamentals/material-properties/physical-properties-materials/water-properties-detailed/prandtl-number-water/_index.md
STUB,10,hvac-fundamentals,hvac-fundamentals/psychrometrics/psychrometric-processes/dehumidification/_index.md
STUB,10,load-calculations-energy-efficiency,load-calculations-energy-efficiency/energy-efficiency-optimization/renewable-energy-systems/biomass-integration/_index.md
STUB,10,load-calculations-energy-efficiency,load-calculations-energy-efficiency/energy-efficiency-optimization/renewable-energy-systems/geothermal-systems/_index.md
STUB,10,refrigeration-systems,refrigeration-systems/absorption-refrigeration/triple-effect/_index.md
STUB,10,refrigeration-systems,refrigeration-systems/commodity-storage-requirements/meat-poultry-storage/lamb/_index.md
STUB,10,refrigeration-systems,refrigeration-systems/commodity-storage-requirements/meat-poultry-storage/turkey/_index.md
STUB,10,refrigeration-systems,refrigeration-systems/components-detailed/evaporators/coaxial/_index.md
MINIMAL,11,agricultural-hvac-systems,agricultural-hvac-systems/waste-management-integration/slotted-floor-systems/_index.md
MINIMAL,11,air-conditioning-cooling,air-conditioning-cooling/cooling-towers/tower-types/mechanical-draft/forced-draft/_index.md
MINIMAL,11,air-conditioning-cooling,air-conditioning-cooling/cooling-towers/tower-types/natural-draft/_index.md
MINIMAL,11,air-conditioning-cooling,air-conditioning-cooling/system-types/unitary-systems/portable-ac/_index.md
MINIMAL,11,air-conditioning-cooling,air-conditioning-cooling/system-types/variable-refrigerant-flow/performance/_index.md
MINIMAL,11,ductwork-piping-distribution,ductwork-piping-distribution/ductwork-air-distribution/vav-terminal-units/fan-powered-terminals/series-fan-powered/_index.md
MINIMAL,11,heating-systems,heating-systems/combustion-heating/burners/coal-burners/_index.md
MINIMAL,11,heating-systems,heating-systems/combustion-heating/fuels/propane-lpg/_index.md
MINIMAL,11,hvac-fundamentals,hvac-fundamentals/building-envelope-moisture/building-assembly-moisture-design/cold-climate-assemblies/cold-climate-roof-systems/_index.md
MINIMAL,11,hvac-fundamentals,hvac-fundamentals/building-envelope-moisture/building-assembly-moisture-design/hot-humid-climate-assemblies/air-conditioning-considerations/_index.md
MINIMAL,11,hvac-fundamentals,hvac-fundamentals/building-envelope-moisture/building-assembly-moisture-design/hot-humid-climate-assemblies/vapor-retarder-exterior/_index.md
MINIMAL,11,hvac-fundamentals,hvac-fundamentals/building-envelope-moisture/building-assembly-moisture-design/mixed-climate-strategies/balanced-drying/_index.md
MINIMAL,11,hvac-fundamentals,hvac-fundamentals/building-envelope-moisture/building-assembly-moisture-design/mixed-climate-strategies/climate-zone-specific-design/_index.md
MINIMAL,11,hvac-fundamentals,hvac-fundamentals/building-envelope-moisture/building-envelope-heat-air-moisture-control/air-leakage-moisture-transport/air-barrier-vs-vapor-retarder/_index.md
MINIMAL,11,hvac-fundamentals,hvac-fundamentals/building-envelope-moisture/hygrothermal-material-properties/air-permeability-materials/air-permeable-materials/_index.md
MINIMAL,11,hvac-fundamentals,hvac-fundamentals/building-envelope-moisture/hygrothermal-material-properties/hygroscopic-moisture-content/material-specific-emc/_index.md
MINIMAL,11,hvac-fundamentals,hvac-fundamentals/building-envelope-moisture/hygrothermal-material-properties/liquid-water-conductivity/material-conductivity/_index.md
MINIMAL,11,hvac-fundamentals,hvac-fundamentals/building-envelope-moisture/hygrothermal-material-properties/moisture-storage-functions/hysteresis/_index.md
MINIMAL,11,hvac-fundamentals,hvac-fundamentals/building-envelope-moisture/mold-growth-prediction/critical-moisture-content/80-percent-rh-threshold/_index.md
MINIMAL,11,hvac-fundamentals,hvac-fundamentals/building-envelope-moisture/mold-growth-prediction/critical-moisture-content/material-specific-thresholds/_index.md
MINIMAL,11,hvac-fundamentals,hvac-fundamentals/building-envelope-moisture/mold-growth-prediction/critical-moisture-content/water-activity/_index.md
MINIMAL,11,hvac-fundamentals,hvac-fundamentals/building-envelope-moisture/mold-growth-prediction/mold-growth-conditions/temperature-requirements/_index.md
MINIMAL,11,hvac-fundamentals,hvac-fundamentals/building-envelope-moisture/mold-growth-prediction/mold-growth-models/biohygrothermal-models/_index.md
MINIMAL,11,hvac-fundamentals,hvac-fundamentals/energy-resources/energy-efficiency-potential/efficiency-improvement-opportunities/lighting-upgrades/_index.md
MINIMAL,11,hvac-fundamentals,hvac-fundamentals/energy-resources/energy-efficiency-potential/efficiency-improvement-opportunities/plug-load-management/_index.md
MINIMAL,11,hvac-fundamentals,hvac-fundamentals/material-properties/physical-properties-materials/air-properties-detailed/specific-heat-air/_index.md
MINIMAL,11,hvac-fundamentals,hvac-fundamentals/material-properties/physical-properties-materials/air-properties-detailed/thermal-conductivity-air/_index.md
MINIMAL,11,hvac-fundamentals,hvac-fundamentals/material-properties/physical-properties-materials/steam-properties/critical-point-water/_index.md
MINIMAL,11,hvac-fundamentals,hvac-fundamentals/material-properties/physical-properties-materials/water-properties-detailed/specific-heat-water/_index.md
MINIMAL,11,hvac-fundamentals,hvac-fundamentals/material-properties/physical-properties-materials/water-properties-detailed/thermal-conductivity-water/_index.md
MINIMAL,11,hvac-fundamentals,hvac-fundamentals/material-properties/thermophysical-properties-refrigerants/pressure-enthalpy-diagrams/isenthalps/_index.md
MINIMAL,11,hvac-fundamentals,hvac-fundamentals/material-properties/thermophysical-properties-refrigerants/pressure-enthalpy-diagrams/isentropes/_index.md
MINIMAL,11,hvac-fundamentals,hvac-fundamentals/psychrometrics/psychrometric-processes/mixing/_index.md
MINIMAL,11,hvac-fundamentals,hvac-fundamentals/psychrometrics/psychrometric-processes/sensible-cooling/_index.md
MINIMAL,11,hvac-fundamentals,hvac-fundamentals/psychrometrics/psychrometric-processes/sensible-heating/_index.md
MINIMAL,11,load-calculations-energy-efficiency,load-calculations-energy-efficiency/energy-efficiency-optimization/renewable-energy-systems/photovoltaic-integration/_index.md
MINIMAL,11,refrigeration-systems,refrigeration-systems/components-detailed/expansion-devices/float-valves/_index.md
MINIMAL,11,refrigeration-systems,refrigeration-systems/components-detailed/expansion-devices/short-tube-orifice/_index.md
MINIMAL,11,refrigeration-systems,refrigeration-systems/food-processing-refrigeration/bakery-products/finished-product-storage/staling-prevention/_index.md
MINIMAL,11,refrigeration-systems,refrigeration-systems/food-processing-refrigeration/beverages/soft-drink-production/cold-storage-beverages/_index.md
MINIMAL,11,refrigeration-systems,refrigeration-systems/food-processing-refrigeration/confectionery/candy-manufacturing/humidity-control-candy/_index.md
MINIMAL,11,refrigeration-systems,refrigeration-systems/food-processing-refrigeration/confectionery/nut-processing/roasting-cooling-nuts/_index.md
MINIMAL,11,refrigeration-systems,refrigeration-systems/food-processing-refrigeration/prepared-foods/cook-chill-systems/cooking-process/_index.md
MINIMAL,11,refrigeration-systems,refrigeration-systems/food-processing-refrigeration/prepared-foods/cook-chill-systems/rethermalization/_index.md
MINIMAL,11,refrigeration-systems,refrigeration-systems/food-thermal-properties/composition-effects/ash-content/_index.md
MINIMAL,11,refrigeration-systems,refrigeration-systems/food-thermal-properties/enthalpy-foods/frozen-enthalpy/_index.md
MINIMAL,11,refrigeration-systems,refrigeration-systems/refrigerated-facility-design-loads/transmission-loads-calculation/infiltration-transmission/_index.md
MINIMAL,11,research-specialized-knowledge,research-specialized-knowledge/artificial-intelligence-machine-learning/federated-learning/_index.md
MINIMAL,11,research-specialized-knowledge,research-specialized-knowledge/artificial-intelligence-machine-learning/generative-adversarial-networks/_index.md
MINIMAL,11,research-specialized-knowledge,research-specialized-knowledge/artificial-intelligence-machine-learning/transfer-learning/_index.md
MINIMAL,11,research-specialized-knowledge,research-specialized-knowledge/building-envelope-innovations/phase-change-wallboard/_index.md
MINIMAL,11,research-specialized-knowledge,research-specialized-knowledge/building-envelope-innovations/transparent-insulation/_index.md
MINIMAL,11,research-specialized-knowledge,research-specialized-knowledge/specialized-knowledge-domains/water-systems-coordination/rainwater-management/_index.md
MINIMAL,12,air-conditioning-cooling,air-conditioning-cooling/system-types/central-air-conditioning/all-air-systems/dual-duct-systems/_index.md
MINIMAL,12,air-conditioning-cooling,air-conditioning-cooling/system-types/unitary-systems/window-room-ac/_index.md
MINIMAL,12,air-conditioning-cooling,air-conditioning-cooling/system-types/variable-refrigerant-flow/controls/_index.md
MINIMAL,12,ductwork-piping-distribution,ductwork-piping-distribution/ductwork-air-distribution/duct-design-methods/equal-friction/_index.md
MINIMAL,12,ductwork-piping-distribution,ductwork-piping-distribution/ductwork-air-distribution/duct-design-methods/static-regain/_index.md
MINIMAL,12,ductwork-piping-distribution,ductwork-piping-distribution/ductwork-air-distribution/duct-design-methods/velocity-method/_index.md
MINIMAL,12,ductwork-piping-distribution,ductwork-piping-distribution/ductwork-air-distribution/vav-terminal-units/pressure-independent/_index.md
MINIMAL,12,ductwork-piping-distribution,ductwork-piping-distribution/ductwork-air-distribution/vav-terminal-units/reheat-terminals/_index.md
MINIMAL,12,ductwork-piping-distribution,ductwork-piping-distribution/piping-systems-hydronic/flow-control-devices/pressure-relief-devices/_index.md
MINIMAL,12,heating-systems,heating-systems/cogeneration-chp-systems/heat-recovery-equipment/absorption-chiller-integration/_index.md
MINIMAL,12,heating-systems,heating-systems/combustion-heating/fuels/biomass/_index.md
MINIMAL,12,heating-systems,heating-systems/residential-in-space-heating/electric-resistance-heating/unit-heaters-electric/_index.md
MINIMAL,12,hvac-fundamentals,hvac-fundamentals/building-envelope-moisture/building-assembly-moisture-design/cold-climate-assemblies/drying-to-exterior/_index.md
MINIMAL,12,hvac-fundamentals,hvac-fundamentals/building-envelope-moisture/building-assembly-moisture-design/cold-climate-assemblies/vapor-retarder-warm-side/_index.md
MINIMAL,12,hvac-fundamentals,hvac-fundamentals/building-envelope-moisture/building-assembly-moisture-design/foundation-assemblies/below-grade-waterproofing/_index.md
MINIMAL,12,hvac-fundamentals,hvac-fundamentals/building-envelope-moisture/building-assembly-moisture-design/foundation-assemblies/capillary-breaks/_index.md
MINIMAL,12,hvac-fundamentals,hvac-fundamentals/building-envelope-moisture/building-assembly-moisture-design/foundation-assemblies/slab-on-grade/_index.md
MINIMAL,12,hvac-fundamentals,hvac-fundamentals/building-envelope-moisture/building-assembly-moisture-design/hot-humid-climate-assemblies/drying-to-interior/_index.md
MINIMAL,12,hvac-fundamentals,hvac-fundamentals/building-envelope-moisture/building-assembly-moisture-design/hot-humid-climate-assemblies/impermeable-exterior-finishes-issues/_index.md
MINIMAL,12,hvac-fundamentals,hvac-fundamentals/building-envelope-moisture/building-assembly-moisture-design/mixed-climate-strategies/semi-permeable-assemblies/_index.md
MINIMAL,12,hvac-fundamentals,hvac-fundamentals/building-envelope-moisture/building-envelope-heat-air-moisture-control/air-leakage-moisture-transport/dominance-over-diffusion/_index.md
MINIMAL,12,hvac-fundamentals,hvac-fundamentals/building-envelope-moisture/building-envelope-heat-air-moisture-control/condensation-analysis/dew-point-temperature/_index.md
MINIMAL,12,hvac-fundamentals,hvac-fundamentals/building-envelope-moisture/building-envelope-heat-air-moisture-control/moisture-transport-mechanisms/gravity-drainage/_index.md
MINIMAL,12,hvac-fundamentals,hvac-fundamentals/building-envelope-moisture/building-envelope-heat-air-moisture-control/vapor-diffusion-fundamentals/fick-law/_index.md
MINIMAL,12,hvac-fundamentals,hvac-fundamentals/building-envelope-moisture/hygrothermal-material-properties/air-permeability-materials/air-impermeable-materials/_index.md
MINIMAL,12,hvac-fundamentals,hvac-fundamentals/building-envelope-moisture/hygrothermal-material-properties/liquid-water-conductivity/capillary-transport/_index.md
MINIMAL,12,hvac-fundamentals,hvac-fundamentals/building-envelope-moisture/hygrothermal-material-properties/moisture-storage-functions/material-specific-isotherms/_index.md
MINIMAL,12,hvac-fundamentals,hvac-fundamentals/building-envelope-moisture/mold-growth-prediction/mold-growth-conditions/relative-humidity-requirements/_index.md
MINIMAL,12,hvac-fundamentals,hvac-fundamentals/building-envelope-moisture/mold-growth-prediction/mold-growth-conditions/time-duration/_index.md
MINIMAL,12,hvac-fundamentals,hvac-fundamentals/building-envelope-moisture/mold-growth-prediction/mold-growth-models/ashrae-160-standard/_index.md
MINIMAL,12,hvac-fundamentals,hvac-fundamentals/energy-resources/energy-efficiency-potential/conservation-strategies/behavioral-measures/_index.md
MINIMAL,12,hvac-fundamentals,hvac-fundamentals/energy-resources/energy-efficiency-potential/demand-response/demand-response-programs/_index.md
MINIMAL,12,hvac-fundamentals,hvac-fundamentals/energy-resources/energy-efficiency-potential/demand-response/enabling-technologies/_index.md
MINIMAL,12,hvac-fundamentals,hvac-fundamentals/energy-resources/energy-efficiency-potential/efficiency-improvement-opportunities/building-envelope-improvements/_index.md
MINIMAL,12,hvac-fundamentals,hvac-fundamentals/fluid-mechanics/pipe-flow/laminar-flow/_index.md
MINIMAL,12,hvac-fundamentals,hvac-fundamentals/material-properties/physical-properties-materials/air-properties-detailed/viscosity-air/_index.md
MINIMAL,12,hvac-fundamentals,hvac-fundamentals/material-properties/physical-properties-materials/insulation-materials-properties/foam-boards/expanded-polystyrene-eps/_index.md
MINIMAL,12,hvac-fundamentals,hvac-fundamentals/material-properties/physical-properties-materials/insulation-materials-properties/foam-boards/phenolic-foam/_index.md
MINIMAL,12,hvac-fundamentals,hvac-fundamentals/material-properties/physical-properties-materials/insulation-materials-properties/foam-boards/polyisocyanurate-polyiso/_index.md
MINIMAL,12,hvac-fundamentals,hvac-fundamentals/material-properties/physical-properties-materials/insulation-materials-properties/spray-foam/open-cell-spray-foam/_index.md
MINIMAL,12,hvac-fundamentals,hvac-fundamentals/material-properties/physical-properties-materials/pipe-duct-materials/frp-fiberglass-reinforced-plastic/_index.md
MINIMAL,12,hvac-fundamentals,hvac-fundamentals/material-properties/physical-properties-materials/pipe-duct-materials/steel-pipe/_index.md
MINIMAL,12,hvac-fundamentals,hvac-fundamentals/material-properties/physical-properties-materials/water-properties-detailed/enthalpy-entropy-water/_index.md
MINIMAL,12,hvac-fundamentals,hvac-fundamentals/material-properties/thermophysical-properties-refrigerants/pressure-enthalpy-diagrams/quality-lines/_index.md
MINIMAL,12,hvac-fundamentals,hvac-fundamentals/material-properties/thermophysical-properties-refrigerants/refrigerant-mixtures/azeotropic-mixtures/_index.md
MINIMAL,12,hvac-fundamentals,hvac-fundamentals/material-properties/thermophysical-properties-refrigerants/refrigerant-mixtures/composition-shift/_index.md
MINIMAL,12,hvac-fundamentals,hvac-fundamentals/material-properties/thermophysical-properties-refrigerants/saturation-properties/antoine-equation/_index.md
MINIMAL,12,hvac-fundamentals,hvac-fundamentals/material-properties/thermophysical-properties-refrigerants/thermodynamic-tables-detailed/r452b-tables/_index.md
MINIMAL,12,hvac-fundamentals,hvac-fundamentals/material-properties/thermophysical-properties-refrigerants/thermodynamic-tables-detailed/r513a-tables/_index.md
MINIMAL,12,hvac-fundamentals,hvac-fundamentals/material-properties/thermophysical-properties-refrigerants/thermodynamic-tables-detailed/r515b-tables/_index.md
MINIMAL,12,hvac-fundamentals,hvac-fundamentals/material-properties/thermophysical-properties-refrigerants/transport-properties/prandtl-number/_index.md
MINIMAL,12,hvac-fundamentals,hvac-fundamentals/material-properties/thermophysical-properties-refrigerants/transport-properties/thermal-conductivity/_index.md
MINIMAL,12,hvac-fundamentals,hvac-fundamentals/psychrometrics/psychrometric-processes/evaporative-cooling/_index.md
MINIMAL,12,hvac-fundamentals,hvac-fundamentals/psychrometrics/psychrometric-processes/humidification/_index.md
MINIMAL,12,refrigeration-systems,refrigeration-systems/absorption-refrigeration/working-pairs/_index.md
MINIMAL,12,refrigeration-systems,refrigeration-systems/commodity-storage-requirements/dairy-products-storage/butter/_index.md
MINIMAL,12,refrigeration-systems,refrigeration-systems/commodity-storage-requirements/dairy-products-storage/milk/_index.md
MINIMAL,12,refrigeration-systems,refrigeration-systems/commodity-storage-requirements/flowers-plants-storage/bulbs/_index.md
MINIMAL,12,refrigeration-systems,refrigeration-systems/commodity-storage-requirements/flowers-plants-storage/potted-plants/_index.md
MINIMAL,12,refrigeration-systems,refrigeration-systems/commodity-storage-requirements/fruits-storage/melons/_index.md
MINIMAL,12,refrigeration-systems,refrigeration-systems/commodity-storage-requirements/meat-poultry-storage/chicken/_index.md
MINIMAL,12,refrigeration-systems,refrigeration-systems/commodity-storage-requirements/meat-poultry-storage/pork/_index.md
MINIMAL,12,refrigeration-systems,refrigeration-systems/components-detailed/compressors/rotary/_index.md
MINIMAL,12,refrigeration-systems,refrigeration-systems/components-detailed/evaporators/falling-film/_index.md
MINIMAL,12,refrigeration-systems,refrigeration-systems/cooling-freezing-times-foods/factors-affecting-rates/product-size/_index.md
MINIMAL,12,refrigeration-systems,refrigeration-systems/cooling-freezing-times-foods/plank-equation/limitations/_index.md
MINIMAL,12,refrigeration-systems,refrigeration-systems/food-microbiology-refrigeration/bacterial-growth-temperature/mesophilic/_index.md
MINIMAL,12,refrigeration-systems,refrigeration-systems/food-microbiology-refrigeration/food-safety-temperatures/freezing-pathogen-survival/_index.md
MINIMAL,12,refrigeration-systems,refrigeration-systems/food-microbiology-refrigeration/food-safety-temperatures/safe-refrigeration/_index.md
MINIMAL,12,refrigeration-systems,refrigeration-systems/food-microbiology-refrigeration/pathogen-control/e-coli/_index.md
MINIMAL,12,refrigeration-systems,refrigeration-systems/food-microbiology-refrigeration/pathogen-control/salmonella/_index.md
MINIMAL,12,refrigeration-systems,refrigeration-systems/food-processing-refrigeration/bakery-products/frozen-dough/dough-freezing/_index.md
MINIMAL,12,refrigeration-systems,refrigeration-systems/food-processing-refrigeration/bakery-products/frozen-dough/thawing-proofing/_index.md
MINIMAL,12,refrigeration-systems,refrigeration-systems/food-processing-refrigeration/beverages/soft-drink-production/carbonation-soft-drinks/_index.md
MINIMAL,12,refrigeration-systems,refrigeration-systems/food-processing-refrigeration/beverages/soft-drink-production/syrup-preparation/_index.md
MINIMAL,12,refrigeration-systems,refrigeration-systems/food-processing-refrigeration/confectionery/candy-manufacturing/caramel-production/_index.md
MINIMAL,12,refrigeration-systems,refrigeration-systems/food-processing-refrigeration/dairy-processing/butter-production/cream-preparation/_index.md
MINIMAL,12,refrigeration-systems,refrigeration-systems/food-processing-refrigeration/dairy-processing/yogurt-production/greek-yogurt-production/_index.md
MINIMAL,12,refrigeration-systems,refrigeration-systems/food-processing-refrigeration/eggs-egg-products/egg-product-storage/refrigerated-liquid-eggs/_index.md
MINIMAL,12,refrigeration-systems,refrigeration-systems/food-processing-refrigeration/frozen-food-processing/cryogenic-freezing/cryogenic-disadvantages/_index.md
MINIMAL,12,refrigeration-systems,refrigeration-systems/food-processing-refrigeration/meat-processing/lamb-processing/storage-requirements/_index.md
MINIMAL,12,refrigeration-systems,refrigeration-systems/food-processing-refrigeration/prepared-foods/cook-chill-systems/chilling-tumble-chill/_index.md
MINIMAL,12,refrigeration-systems,refrigeration-systems/food-processing-refrigeration/prepared-foods/cook-chill-systems/storage-distribution/_index.md
MINIMAL,12,refrigeration-systems,refrigeration-systems/food-processing-refrigeration/prepared-foods/precooked-foods/reheating-requirements/_index.md
MINIMAL,12,refrigeration-systems,refrigeration-systems/food-processing-refrigeration/vegetable-processing/frozen-vegetables-quality/block-frozen-products/_index.md
MINIMAL,12,refrigeration-systems,refrigeration-systems/food-thermal-properties/composition-effects/carbohydrate-content/_index.md
MINIMAL,12,refrigeration-systems,refrigeration-systems/food-thermal-properties/composition-effects/fat-content/_index.md
MINIMAL,12,refrigeration-systems,refrigeration-systems/food-thermal-properties/composition-effects/protein-content/_index.md
MINIMAL,12,refrigeration-systems,refrigeration-systems/food-thermal-properties/composition-effects/water-content/_index.md
MINIMAL,12,refrigeration-systems,refrigeration-systems/food-thermal-properties/enthalpy-foods/unfrozen-enthalpy/_index.md
MINIMAL,12,refrigeration-systems,refrigeration-systems/refrigerants/classifications/blends/azeotropic-mixtures/_index.md
MINIMAL,12,refrigeration-systems,refrigeration-systems/refrigerants/lubricant-compatibility/synthetic-oils/_index.md
MINIMAL,12,refrigeration-systems,refrigeration-systems/refrigerated-facility-design-loads/infiltration-loads-methods/air-change-method/_index.md
MINIMAL,12,refrigeration-systems,refrigeration-systems/refrigerated-facility-design-loads/product-loads/respiration-heat/_index.md
MINIMAL,12,refrigeration-systems,refrigeration-systems/refrigerated-facility-design-loads/transmission-loads-calculation/floor-loads/_index.md
MINIMAL,12,research-specialized-knowledge,research-specialized-knowledge/advanced-sensing-technologies/mems-sensors/_index.md
MINIMAL,12,research-specialized-knowledge,research-specialized-knowledge/advanced-sensing-technologies/optical-sensing/_index.md
MINIMAL,12,research-specialized-knowledge,research-specialized-knowledge/advanced-sensing-technologies/vision-based-sensing/_index.md
MINIMAL,12,research-specialized-knowledge,research-specialized-knowledge/blockchain-energy-management/_index.md
MINIMAL,12,research-specialized-knowledge,research-specialized-knowledge/building-envelope-innovations/adaptive-building-envelopes/_index.md
MINIMAL,12,research-specialized-knowledge,research-specialized-knowledge/building-envelope-innovations/cool-roof-materials/_index.md
MINIMAL,12,research-specialized-knowledge,research-specialized-knowledge/quantum-computing-potential/_index.md
MINIMAL,12,research-specialized-knowledge,research-specialized-knowledge/specialized-knowledge-domains/architectural-coordination/aesthetic-integration/_index.md
MINIMAL,12,research-specialized-knowledge,research-specialized-knowledge/specialized-knowledge-domains/architectural-coordination/building-envelope-integration/_index.md
MINIMAL,12,research-specialized-knowledge,research-specialized-knowledge/specialized-knowledge-domains/building-physics/thermal-bridging/_index.md
MINIMAL,12,research-specialized-knowledge,research-specialized-knowledge/specialized-knowledge-domains/fire-safety-engineering/fire-resistance-rated-assemblies/_index.md
MINIMAL,13,agricultural-hvac-systems,agricultural-hvac-systems/waste-management-integration/manure-storage-systems/_index.md
MINIMAL,13,ductwork-piping-distribution,ductwork-piping-distribution/ductwork-air-distribution/negative-pressure-systems-detailed/exhaust-configurations/_index.md
MINIMAL,13,ductwork-piping-distribution,ductwork-piping-distribution/ductwork-air-distribution/vav-terminal-units/controls/_index.md
MINIMAL,13,ductwork-piping-distribution,ductwork-piping-distribution/piping-systems-hydronic/flow-control-devices/balancing-valves/_index.md
MINIMAL,13,heating-systems,heating-systems/chimney-venting-systems/venting-design/condensate-management/_index.md
MINIMAL,13,heating-systems,heating-systems/combustion-heating/fuels/natural-gas/_index.md
MINIMAL,13,heating-systems,heating-systems/heat-pumps/air-source-heat-pumps/components/_index.md
MINIMAL,13,heating-systems,heating-systems/residential-in-space-heating/electric-resistance-heating/radiant-heating/_index.md
MINIMAL,13,heating-systems,heating-systems/residential-in-space-heating/electric-resistance-heating/wall-heaters/_index.md
MINIMAL,13,hvac-fundamentals,hvac-fundamentals/building-envelope-moisture/building-assembly-moisture-design/cold-climate-assemblies/cold-climate-wall-systems/_index.md
MINIMAL,13,hvac-fundamentals,hvac-fundamentals/building-envelope-moisture/building-assembly-moisture-design/foundation-assemblies/below-grade-insulation/_index.md
MINIMAL,13,hvac-fundamentals,hvac-fundamentals/building-envelope-moisture/building-assembly-moisture-design/foundation-assemblies/drainage/_index.md
MINIMAL,13,hvac-fundamentals,hvac-fundamentals/building-envelope-moisture/building-assembly-moisture-design/roof-assembly-moisture-control/cathedral-ceilings/_index.md
MINIMAL,13,hvac-fundamentals,hvac-fundamentals/building-envelope-moisture/building-assembly-moisture-design/roof-assembly-moisture-control/flat-roof-systems/_index.md
MINIMAL,13,hvac-fundamentals,hvac-fundamentals/building-envelope-moisture/building-assembly-moisture-design/roof-assembly-moisture-control/unvented-attic/_index.md
MINIMAL,13,hvac-fundamentals,hvac-fundamentals/building-envelope-moisture/building-assembly-moisture-design/wall-assembly-moisture/drainage-planes/_index.md
MINIMAL,13,hvac-fundamentals,hvac-fundamentals/building-envelope-moisture/building-assembly-moisture-design/wall-assembly-moisture/exterior-insulation-systems/_index.md
MINIMAL,13,hvac-fundamentals,hvac-fundamentals/building-envelope-moisture/building-assembly-moisture-design/wall-assembly-moisture/rainscreen-systems/_index.md
MINIMAL,13,hvac-fundamentals,hvac-fundamentals/building-envelope-moisture/building-envelope-heat-air-moisture-control/condensation-analysis/condensation-risk-assessment/_index.md
MINIMAL,13,hvac-fundamentals,hvac-fundamentals/building-envelope-moisture/building-envelope-heat-air-moisture-control/vapor-diffusion-fundamentals/perm-ratings/_index.md
MINIMAL,13,hvac-fundamentals,hvac-fundamentals/building-envelope-moisture/building-envelope-heat-air-moisture-control/vapor-diffusion-fundamentals/permeance/_index.md
MINIMAL,13,hvac-fundamentals,hvac-fundamentals/energy-resources/energy-efficiency-potential/negawatt-concept/negawatt-principles/_index.md
MINIMAL,13,hvac-fundamentals,hvac-fundamentals/fluid-mechanics/pumps-fans/pump-types/_index.md
MINIMAL,13,hvac-fundamentals,hvac-fundamentals/material-properties/physical-properties-materials/air-properties-detailed/density-air/_index.md
MINIMAL,13,hvac-fundamentals,hvac-fundamentals/material-properties/physical-properties-materials/building-materials-thermal/metals/_index.md
MINIMAL,13,hvac-fundamentals,hvac-fundamentals/material-properties/physical-properties-materials/building-materials-thermal/other-materials/_index.md
MINIMAL,13,hvac-fundamentals,hvac-fundamentals/material-properties/physical-properties-materials/building-materials-thermal/plastics/_index.md
MINIMAL,13,hvac-fundamentals,hvac-fundamentals/material-properties/physical-properties-materials/insulation-materials-properties/foam-boards/extruded-polystyrene-xps/_index.md
MINIMAL,13,hvac-fundamentals,hvac-fundamentals/material-properties/physical-properties-materials/insulation-materials-properties/spray-foam/closed-cell-spray-foam/_index.md
MINIMAL,13,hvac-fundamentals,hvac-fundamentals/material-properties/physical-properties-materials/water-properties-detailed/density-water/_index.md
MINIMAL,13,hvac-fundamentals,hvac-fundamentals/material-properties/physical-properties-materials/water-properties-detailed/viscosity-water/_index.md
MINIMAL,13,hvac-fundamentals,hvac-fundamentals/material-properties/thermophysical-properties-refrigerants/pressure-enthalpy-diagrams/construction/_index.md
MINIMAL,13,hvac-fundamentals,hvac-fundamentals/material-properties/thermophysical-properties-refrigerants/pressure-enthalpy-diagrams/isotherms/_index.md
MINIMAL,13,hvac-fundamentals,hvac-fundamentals/material-properties/thermophysical-properties-refrigerants/refrigerant-mixtures/temperature-glide/_index.md
MINIMAL,13,hvac-fundamentals,hvac-fundamentals/material-properties/thermophysical-properties-refrigerants/saturation-properties/liquid-vapor-density/_index.md
MINIMAL,13,hvac-fundamentals,hvac-fundamentals/material-properties/thermophysical-properties-refrigerants/saturation-properties/vapor-pressure-curves/_index.md
MINIMAL,13,hvac-fundamentals,hvac-fundamentals/material-properties/thermophysical-properties-refrigerants/thermodynamic-tables-detailed/r1234yf-tables/_index.md
MINIMAL,13,hvac-fundamentals,hvac-fundamentals/material-properties/thermophysical-properties-refrigerants/thermodynamic-tables-detailed/r1234ze-tables/_index.md
MINIMAL,13,hvac-fundamentals,hvac-fundamentals/material-properties/thermophysical-properties-refrigerants/thermodynamic-tables-detailed/r32-tables/_index.md
MINIMAL,13,hvac-fundamentals,hvac-fundamentals/material-properties/thermophysical-properties-refrigerants/thermodynamic-tables-detailed/r410a-tables/_index.md
MINIMAL,13,hvac-fundamentals,hvac-fundamentals/material-properties/thermophysical-properties-refrigerants/thermodynamic-tables-detailed/r454b-tables/_index.md
MINIMAL,13,hvac-fundamentals,hvac-fundamentals/psychrometrics/moisture-content/_index.md
MINIMAL,13,hvac-fundamentals,hvac-fundamentals/psychrometrics/psychrometric-processes/cooling-dehumidification/_index.md
MINIMAL,13,load-calculations-energy-efficiency,load-calculations-energy-efficiency/energy-efficiency-optimization/climate-characterization-advanced/degree-days-traditional/_index.md
MINIMAL,13,load-calculations-energy-efficiency,load-calculations-energy-efficiency/energy-efficiency-optimization/renewable-energy-systems/solar-thermal-integration/_index.md
MINIMAL,13,project-delivery-methods,project-delivery-methods/building-information-modeling-bim/bim-project-execution/level-of-development-lod/_index.md
MINIMAL,13,project-delivery-methods,project-delivery-methods/construction-administration/change-order-management/change-types/_index.md
MINIMAL,13,project-delivery-methods,project-delivery-methods/design-process-workflow/design-development-phase/dd-reviews/_index.md
MINIMAL,13,refrigeration-systems,refrigeration-systems/absorption-refrigeration/double-effect/_index.md
MINIMAL,13,refrigeration-systems,refrigeration-systems/commodity-storage-requirements/dairy-products-storage/cheese/_index.md
MINIMAL,13,refrigeration-systems,refrigeration-systems/commodity-storage-requirements/dairy-products-storage/eggs/_index.md
MINIMAL,13,refrigeration-systems,refrigeration-systems/commodity-storage-requirements/vegetables-storage/solanaceous/_index.md
MINIMAL,13,refrigeration-systems,refrigeration-systems/food-microbiology-refrigeration/food-safety-temperatures/danger-zone-4-60c/_index.md
MINIMAL,13,refrigeration-systems,refrigeration-systems/food-microbiology-refrigeration/pathogen-control/listeria/_index.md
MINIMAL,13,refrigeration-systems,refrigeration-systems/food-processing-refrigeration/bakery-products/dough-retarding/proofing-process/_index.md
MINIMAL,13,refrigeration-systems,refrigeration-systems/food-processing-refrigeration/bakery-products/frozen-dough/yeast-viability-frozen/_index.md
MINIMAL,13,refrigeration-systems,refrigeration-systems/food-processing-refrigeration/beverages/beer-brewing/bright-beer-storage/_index.md
MINIMAL,13,refrigeration-systems,refrigeration-systems/food-processing-refrigeration/beverages/beer-brewing/carbonation-process/_index.md
MINIMAL,13,refrigeration-systems,refrigeration-systems/food-processing-refrigeration/beverages/juice-processing/aseptic-processing/_index.md
MINIMAL,13,refrigeration-systems,refrigeration-systems/food-processing-refrigeration/beverages/juice-processing/cold-storage-juice/_index.md
MINIMAL,13,refrigeration-systems,refrigeration-systems/food-processing-refrigeration/beverages/juice-processing/juice-concentration/_index.md
MINIMAL,13,refrigeration-systems,refrigeration-systems/food-processing-refrigeration/beverages/wine-production/fermentation-temperature-control/_index.md
MINIMAL,13,refrigeration-systems,refrigeration-systems/food-processing-refrigeration/confectionery/candy-manufacturing/hard-candy-production/_index.md
MINIMAL,13,refrigeration-systems,refrigeration-systems/food-processing-refrigeration/confectionery/chocolate-processing/chocolate-tempering/_index.md
MINIMAL,13,refrigeration-systems,refrigeration-systems/food-processing-refrigeration/dairy-processing/milk-processing/homogenization/_index.md
MINIMAL,13,refrigeration-systems,refrigeration-systems/food-processing-refrigeration/dairy-processing/yogurt-production/yogurt-storage/_index.md
MINIMAL,13,refrigeration-systems,refrigeration-systems/food-processing-refrigeration/eggs-egg-products/egg-product-storage/frozen-egg-storage/_index.md
MINIMAL,13,refrigeration-systems,refrigeration-systems/food-processing-refrigeration/eggs-egg-products/egg-storage/controlled-atmosphere-eggs/_index.md
MINIMAL,13,refrigeration-systems,refrigeration-systems/food-processing-refrigeration/eggs-egg-products/egg-storage/quality-deterioration-storage/_index.md
MINIMAL,13,refrigeration-systems,refrigeration-systems/food-processing-refrigeration/fishery-products/fish-chilling/chilling-temperature-requirements/_index.md
MINIMAL,13,refrigeration-systems,refrigeration-systems/food-processing-refrigeration/meat-processing/lamb-processing/fabrication-operations/_index.md
MINIMAL,13,refrigeration-systems,refrigeration-systems/food-processing-refrigeration/meat-processing/portion-cutting-rooms/temperature-requirements/_index.md
MINIMAL,13,refrigeration-systems,refrigeration-systems/food-processing-refrigeration/prepared-foods/precooked-foods/cold-holding-prepared/_index.md
MINIMAL,13,refrigeration-systems,refrigeration-systems/food-processing-refrigeration/prepared-foods/ready-to-eat-products/deli-products/_index.md
MINIMAL,13,refrigeration-systems,refrigeration-systems/food-processing-refrigeration/prepared-foods/ready-to-eat-products/salads-prepared/_index.md
MINIMAL,13,refrigeration-systems,refrigeration-systems/food-processing-refrigeration/prepared-foods/ready-to-eat-products/sandwiches-refrigerated/_index.md
MINIMAL,13,refrigeration-systems,refrigeration-systems/food-processing-refrigeration/vegetable-processing/frozen-vegetables-quality/iqf-advantages/_index.md
MINIMAL,13,refrigeration-systems,refrigeration-systems/gas-refrigeration/_index.md
MINIMAL,13,refrigeration-systems,refrigeration-systems/refrigerants/lubricant-compatibility/mineral-oils/_index.md
MINIMAL,13,refrigeration-systems,refrigeration-systems/refrigerants/lubricant-compatibility/miscibility/_index.md
MINIMAL,13,refrigeration-systems,refrigeration-systems/refrigerated-facility-design-loads/infiltration-loads-methods/door-opening-method/_index.md
MINIMAL,13,refrigeration-systems,refrigeration-systems/refrigerated-facility-design-loads/infiltration-loads-methods/infiltration-factors/_index.md
MINIMAL,13,refrigeration-systems,refrigeration-systems/refrigerated-facility-design-loads/internal-loads-warehouse/lighting/_index.md
MINIMAL,13,refrigeration-systems,refrigeration-systems/refrigerated-facility-design-loads/internal-loads-warehouse/people/_index.md
MINIMAL,13,refrigeration-systems,refrigeration-systems/refrigerated-facility-design-loads/product-loads/latent-heat/_index.md
MINIMAL,13,refrigeration-systems,refrigeration-systems/refrigerated-facility-design-loads/transmission-loads-calculation/roof-loads/_index.md
MINIMAL,13,refrigeration-systems,refrigeration-systems/refrigerated-facility-design-loads/transmission-loads-calculation/wall-loads/_index.md
MINIMAL,13,research-specialized-knowledge,research-specialized-knowledge/advanced-sensing-technologies/wireless-sensor-networks/_index.md
MINIMAL,13,research-specialized-knowledge,research-specialized-knowledge/artificial-intelligence-machine-learning/explainable-ai/_index.md
MINIMAL,13,research-specialized-knowledge,research-specialized-knowledge/augmented-virtual-reality/_index.md
MINIMAL,13,research-specialized-knowledge,research-specialized-knowledge/cyber-physical-systems/_index.md
MINIMAL,13,research-specialized-knowledge,research-specialized-knowledge/edge-computing-fog-computing/_index.md
MINIMAL,13,research-specialized-knowledge,research-specialized-knowledge/energy-storage-research/electrical-energy-storage/hydrogen-storage/_index.md
MINIMAL,13,research-specialized-knowledge,research-specialized-knowledge/energy-storage-research/thermal-energy-storage-advanced/latent-heat-storage/_index.md
MINIMAL,13,research-specialized-knowledge,research-specialized-knowledge/energy-storage-research/thermal-energy-storage-advanced/sensible-heat-storage/_index.md
MINIMAL,13,research-specialized-knowledge,research-specialized-knowledge/indoor-environment-research/personalized-ventilation/_index.md
MINIMAL,13,research-specialized-knowledge,research-specialized-knowledge/pandemic-response-hvac/airborne-pathogen-control/_index.md
MINIMAL,13,research-specialized-knowledge,research-specialized-knowledge/specialized-knowledge-domains/architectural-coordination/spatial-requirements/_index.md
MINIMAL,13,research-specialized-knowledge,research-specialized-knowledge/specialized-knowledge-domains/building-physics/air-leakage-control/_index.md
MINIMAL,13,research-specialized-knowledge,research-specialized-knowledge/specialized-knowledge-domains/building-physics/heat-air-moisture-transport/_index.md
MINIMAL,13,research-specialized-knowledge,research-specialized-knowledge/specialized-knowledge-domains/water-systems-coordination/condensate-drainage/_index.md
MINIMAL,14,air-conditioning-cooling,air-conditioning-cooling/system-types/central-air-conditioning/all-air-systems/single-duct/constant-volume/_index.md
MINIMAL,14,air-conditioning-cooling,air-conditioning-cooling/system-types/variable-refrigerant-flow/system-configurations/_index.md
MINIMAL,14,ductwork-piping-distribution,ductwork-piping-distribution/ductwork-air-distribution/negative-pressure-systems-detailed/pressure-control/_index.md
MINIMAL,14,heating-systems,heating-systems/chimney-venting-systems/venting-design/sizing-methods/_index.md
MINIMAL,14,heating-systems,heating-systems/cogeneration-chp-systems/heat-recovery-equipment/hot-water-heat-recovery/_index.md
MINIMAL,14,heating-systems,heating-systems/residential-in-space-heating/electric-resistance-heating/baseboard-heaters/_index.md
MINIMAL,14,heating-systems,heating-systems/unit-ventilators-heaters-makeup-air/makeup-air-units/controls/_index.md
MINIMAL,14,hvac-fundamentals,hvac-fundamentals/building-envelope-moisture/building-assembly-moisture-design/hot-humid-climate-assemblies/hot-humid-wall-systems/_index.md
MINIMAL,14,hvac-fundamentals,hvac-fundamentals/building-envelope-moisture/building-assembly-moisture-design/mixed-climate-strategies/mixed-climate-wall-systems/_index.md
MINIMAL,14,hvac-fundamentals,hvac-fundamentals/building-envelope-moisture/building-assembly-moisture-design/roof-assembly-moisture-control/vented-attic/_index.md
MINIMAL,14,hvac-fundamentals,hvac-fundamentals/building-envelope-moisture/building-envelope-heat-air-moisture-control/moisture-transport-mechanisms/capillary-action/_index.md
MINIMAL,14,hvac-fundamentals,hvac-fundamentals/building-envelope-moisture/building-envelope-heat-air-moisture-control/moisture-transport-mechanisms/vapor-diffusion/_index.md
MINIMAL,14,hvac-fundamentals,hvac-fundamentals/building-envelope-moisture/hygrothermal-material-properties/moisture-storage-functions/sorption-isotherms/_index.md
MINIMAL,14,hvac-fundamentals,hvac-fundamentals/building-envelope-moisture/mold-growth-prediction/mold-growth-conditions/substrate-requirements/_index.md
MINIMAL,14,hvac-fundamentals,hvac-fundamentals/building-envelope-moisture/mold-growth-prediction/mold-growth-models/isopleth-systems/_index.md
MINIMAL,14,hvac-fundamentals,hvac-fundamentals/energy-resources/energy-efficiency-potential/efficiency-improvement-opportunities/hvac-system-upgrades/_index.md
MINIMAL,14,hvac-fundamentals,hvac-fundamentals/fluid-mechanics/pipe-flow/pipe-networks/_index.md
MINIMAL,14,hvac-fundamentals,hvac-fundamentals/fluid-mechanics/pumps-fans/fan-performance/_index.md
MINIMAL,14,hvac-fundamentals,hvac-fundamentals/material-properties/physical-properties-materials/air-properties-detailed/altitude-effects-air/_index.md
MINIMAL,14,hvac-fundamentals,hvac-fundamentals/material-properties/physical-properties-materials/insulation-materials-properties/fiberglass-insulation/_index.md
MINIMAL,14,hvac-fundamentals,hvac-fundamentals/material-properties/physical-properties-materials/insulation-materials-properties/mineral-wool/_index.md
MINIMAL,14,hvac-fundamentals,hvac-fundamentals/material-properties/physical-properties-materials/pipe-duct-materials/ductwork-materials/_index.md
MINIMAL,14,hvac-fundamentals,hvac-fundamentals/material-properties/physical-properties-materials/pipe-duct-materials/pvc-cpvc-pipe/_index.md
MINIMAL,14,hvac-fundamentals,hvac-fundamentals/material-properties/physical-properties-materials/steam-properties/superheat-properties/_index.md
MINIMAL,14,hvac-fundamentals,hvac-fundamentals/material-properties/thermophysical-properties-refrigerants/refrigerant-mixtures/zeotropic-mixtures/_index.md
MINIMAL,14,hvac-fundamentals,hvac-fundamentals/material-properties/thermophysical-properties-refrigerants/refrigerant-property-tables/subcooled-tables/_index.md
MINIMAL,14,hvac-fundamentals,hvac-fundamentals/material-properties/thermophysical-properties-refrigerants/refrigerant-property-tables/superheated-tables/_index.md
MINIMAL,14,hvac-fundamentals,hvac-fundamentals/material-properties/thermophysical-properties-refrigerants/thermodynamic-tables-detailed/r134a-tables/_index.md
MINIMAL,14,hvac-fundamentals,hvac-fundamentals/material-properties/thermophysical-properties-refrigerants/thermodynamic-tables-detailed/r717-ammonia-tables/_index.md
MINIMAL,14,hvac-fundamentals,hvac-fundamentals/material-properties/thermophysical-properties-refrigerants/thermodynamic-tables-detailed/r744-co2-tables/_index.md
MINIMAL,14,hvac-fundamentals,hvac-fundamentals/material-properties/thermophysical-properties-refrigerants/transport-properties/viscosity/_index.md
MINIMAL,14,hvac-fundamentals,hvac-fundamentals/psychrometrics/psychrometric-calculations/_index.md
MINIMAL,14,load-calculations-energy-efficiency,load-calculations-energy-efficiency/energy-efficiency-optimization/climate-characterization-advanced/climate-data-sources/_index.md
MINIMAL,14,project-delivery-methods,project-delivery-methods/building-information-modeling-bim/bim-uses/preconstruction-phase/_index.md
MINIMAL,14,project-delivery-methods,project-delivery-methods/construction-administration/bidding-phase/addenda-process/addendum-tracking/_index.md
MINIMAL,14,project-delivery-methods,project-delivery-methods/construction-administration/bidding-phase/pre-bid-procedures/pre-bid-documentation/_index.md
MINIMAL,14,project-delivery-methods,project-delivery-methods/construction-drawings-documentation/schedules-format-content/panel-schedule-integration/_index.md
MINIMAL,14,project-delivery-methods,project-delivery-methods/design-process-workflow/schematic-design-phase/sd-documentation/_index.md
MINIMAL,14,refrigeration-systems,refrigeration-systems/absorption-refrigeration/components/_index.md
MINIMAL,14,refrigeration-systems,refrigeration-systems/commodity-storage-requirements/controlled-atmosphere-storage/co2-control/_index.md
MINIMAL,14,refrigeration-systems,refrigeration-systems/commodity-storage-requirements/fish-seafood-storage/finfish/_index.md
MINIMAL,14,refrigeration-systems,refrigeration-systems/commodity-storage-requirements/fish-seafood-storage/ice-storage/_index.md
MINIMAL,14,refrigeration-systems,refrigeration-systems/commodity-storage-requirements/fish-seafood-storage/shellfish/_index.md
MINIMAL,14,refrigeration-systems,refrigeration-systems/commodity-storage-requirements/fruits-storage/stone-fruits/_index.md
MINIMAL,14,refrigeration-systems,refrigeration-systems/commodity-storage-requirements/fruits-storage/tropical/_index.md
MINIMAL,14,refrigeration-systems,refrigeration-systems/commodity-storage-requirements/meat-poultry-storage/aging/_index.md
MINIMAL,14,refrigeration-systems,refrigeration-systems/commodity-storage-requirements/meat-poultry-storage/beef/_index.md
MINIMAL,14,refrigeration-systems,refrigeration-systems/commodity-storage-requirements/vegetables-storage/allium/_index.md
MINIMAL,14,refrigeration-systems,refrigeration-systems/commodity-storage-requirements/vegetables-storage/cruciferous/_index.md
MINIMAL,14,refrigeration-systems,refrigeration-systems/components-detailed/condensers/heat-rejection/_index.md
MINIMAL,14,refrigeration-systems,refrigeration-systems/components-detailed/evaporators/plate/_index.md
MINIMAL,14,refrigeration-systems,refrigeration-systems/components-detailed/expansion-devices/capillary-tube/_index.md
MINIMAL,14,refrigeration-systems,refrigeration-systems/cooling-freezing-times-foods/factors-affecting-rates/air-velocity/_index.md
MINIMAL,14,refrigeration-systems,refrigeration-systems/cooling-freezing-times-foods/factors-affecting-rates/temperature-difference/_index.md
MINIMAL,14,refrigeration-systems,refrigeration-systems/cooling-freezing-times-foods/plank-equation/basic-formulation/_index.md
MINIMAL,14,refrigeration-systems,refrigeration-systems/cooling-freezing-times-foods/plank-equation/parameters/_index.md
MINIMAL,14,refrigeration-systems,refrigeration-systems/food-microbiology-refrigeration/bacterial-growth-temperature/pathogenic/_index.md
MINIMAL,14,refrigeration-systems,refrigeration-systems/food-microbiology-refrigeration/bacterial-growth-temperature/psychrophilic/_index.md
MINIMAL,14,refrigeration-systems,refrigeration-systems/food-processing-refrigeration/bakery-products/dough-retarding/retarder-operation/_index.md
MINIMAL,14,refrigeration-systems,refrigeration-systems/food-processing-refrigeration/bakery-products/finished-product-storage/bread-storage/_index.md
MINIMAL,14,refrigeration-systems,refrigeration-systems/food-processing-refrigeration/bakery-products/finished-product-storage/cake-pastry-storage/_index.md
MINIMAL,14,refrigeration-systems,refrigeration-systems/food-processing-refrigeration/beverages/beer-brewing/fermentation-cooling/_index.md
MINIMAL,14,refrigeration-systems,refrigeration-systems/food-processing-refrigeration/beverages/beer-brewing/lagering-process/_index.md
MINIMAL,14,refrigeration-systems,refrigeration-systems/food-processing-refrigeration/beverages/juice-processing/juice-pasteurization/_index.md
MINIMAL,14,refrigeration-systems,refrigeration-systems/food-processing-refrigeration/beverages/wine-production/cold-stabilization-wine/_index.md
MINIMAL,14,refrigeration-systems,refrigeration-systems/food-processing-refrigeration/confectionery/chocolate-processing/enrobing-cooling/_index.md
MINIMAL,14,refrigeration-systems,refrigeration-systems/food-processing-refrigeration/confectionery/nut-processing/nut-storage/_index.md
MINIMAL,14,refrigeration-systems,refrigeration-systems/food-processing-refrigeration/dairy-processing/butter-production/churning-process/_index.md
MINIMAL,14,refrigeration-systems,refrigeration-systems/food-processing-refrigeration/dairy-processing/ice-cream-manufacturing/hardening-process/_index.md
MINIMAL,14,refrigeration-systems,refrigeration-systems/food-processing-refrigeration/dairy-processing/milk-processing/clarification-separation/_index.md
MINIMAL,14,refrigeration-systems,refrigeration-systems/food-processing-refrigeration/dairy-processing/milk-processing/milk-storage-distribution/_index.md
MINIMAL,14,refrigeration-systems,refrigeration-systems/food-processing-refrigeration/dairy-processing/milk-processing/receiving-raw-milk/_index.md
MINIMAL,14,refrigeration-systems,refrigeration-systems/food-processing-refrigeration/eggs-egg-products/egg-breaking-processing/liquid-egg-products/_index.md
MINIMAL,14,refrigeration-systems,refrigeration-systems/food-processing-refrigeration/eggs-egg-products/egg-product-storage/dried-egg-storage/_index.md
MINIMAL,14,refrigeration-systems,refrigeration-systems/food-processing-refrigeration/eggs-egg-products/egg-storage/temperature-humidity-control/_index.md
MINIMAL,14,refrigeration-systems,refrigeration-systems/food-processing-refrigeration/fishery-products/cold-storage-fish/packaging-requirements/_index.md
MINIMAL,14,refrigeration-systems,refrigeration-systems/food-processing-refrigeration/fishery-products/cold-storage-fish/storage-life-species/_index.md
MINIMAL,14,refrigeration-systems,refrigeration-systems/food-processing-refrigeration/frozen-food-processing/cryogenic-freezing/cryogenic-advantages/_index.md
MINIMAL,14,refrigeration-systems,refrigeration-systems/food-processing-refrigeration/frozen-food-processing/frozen-storage-requirements/frozen-food-storage-temperature/_index.md
MINIMAL,14,refrigeration-systems,refrigeration-systems/food-processing-refrigeration/frozen-food-processing/frozen-storage-requirements/temperature-stability-importance/_index.md
MINIMAL,14,refrigeration-systems,refrigeration-systems/food-processing-refrigeration/frozen-food-processing/iqf-technology/iqf-principles/_index.md
MINIMAL,14,refrigeration-systems,refrigeration-systems/food-processing-refrigeration/frozen-food-processing/iqf-technology/iqf-quality-advantages/_index.md
MINIMAL,14,refrigeration-systems,refrigeration-systems/food-processing-refrigeration/frozen-food-processing/plate-freezers/contact-freezing-principles/_index.md
MINIMAL,14,refrigeration-systems,refrigeration-systems/food-processing-refrigeration/frozen-food-processing/plate-freezers/plate-freezer-products/_index.md
MINIMAL,14,refrigeration-systems,refrigeration-systems/food-processing-refrigeration/frozen-food-processing/plate-freezers/vertical-plate-freezers/_index.md
MINIMAL,14,refrigeration-systems,refrigeration-systems/food-processing-refrigeration/fruit-processing/berry-processing/berry-storage-requirements/_index.md
MINIMAL,14,refrigeration-systems,refrigeration-systems/food-processing-refrigeration/fruit-processing/citrus-processing/citrus-varieties/_index.md
MINIMAL,14,refrigeration-systems,refrigeration-systems/food-processing-refrigeration/meat-processing/lamb-processing/lamb-chilling-aging/_index.md
MINIMAL,14,refrigeration-systems,refrigeration-systems/food-processing-refrigeration/prepared-foods/precooked-foods/blast-chilling-cooked/_index.md
MINIMAL,14,refrigeration-systems,refrigeration-systems/food-processing-refrigeration/vegetable-processing/leafy-vegetables/kale-collards/_index.md
MINIMAL,14,refrigeration-systems,refrigeration-systems/food-processing-refrigeration/vegetable-processing/root-vegetables/beet-turnip-storage/_index.md
MINIMAL,14,refrigeration-systems,refrigeration-systems/food-thermal-properties/enthalpy-foods/latent-heat/_index.md
MINIMAL,14,refrigeration-systems,refrigeration-systems/magnetic-refrigeration/_index.md
MINIMAL,14,refrigeration-systems,refrigeration-systems/refrigerants/classifications/blends/zeotropic-mixtures/_index.md
MINIMAL,14,refrigeration-systems,refrigeration-systems/refrigerants/classifications/cfc-chlorofluorocarbons/_index.md
MINIMAL,14,refrigeration-systems,refrigeration-systems/refrigerants/classifications/hcfc-hydrochlorofluorocarbons/_index.md
MINIMAL,14,refrigeration-systems,refrigeration-systems/refrigerants/classifications/hfo-hydrofluoroolefins/_index.md
MINIMAL,14,refrigeration-systems,refrigeration-systems/refrigerated-facility-design-loads/internal-loads-warehouse/forklifts/_index.md
MINIMAL,14,refrigeration-systems,refrigeration-systems/refrigerated-facility-design-loads/product-loads/sensible-heat/_index.md
MINIMAL,14,research-specialized-knowledge,research-specialized-knowledge/artificial-intelligence-machine-learning/deep-learning-applications/_index.md
MINIMAL,14,research-specialized-knowledge,research-specialized-knowledge/artificial-intelligence-machine-learning/reinforcement-learning-control/_index.md
MINIMAL,14,research-specialized-knowledge,research-specialized-knowledge/energy-storage-research/thermal-energy-storage-advanced/thermochemical-storage/_index.md
MINIMAL,14,research-specialized-knowledge,research-specialized-knowledge/indoor-environment-research/biophilic-design-integration/_index.md
MINIMAL,14,research-specialized-knowledge,research-specialized-knowledge/indoor-environment-research/circadian-lighting-integration/_index.md
MINIMAL,14,research-specialized-knowledge,research-specialized-knowledge/indoor-environment-research/human-thermal-comfort-advanced/_index.md
MINIMAL,14,research-specialized-knowledge,research-specialized-knowledge/indoor-environment-research/indoor-air-chemistry/_index.md
MINIMAL,14,research-specialized-knowledge,research-specialized-knowledge/pandemic-response-hvac/enhanced-filtration-strategies/_index.md
MINIMAL,14,research-specialized-knowledge,research-specialized-knowledge/pandemic-response-hvac/operational-modifications/_index.md
MINIMAL,14,research-specialized-knowledge,research-specialized-knowledge/pandemic-response-hvac/ventilation-strategies-pandemic/_index.md
MINIMAL,14,research-specialized-knowledge,research-specialized-knowledge/specialized-knowledge-domains/fire-safety-engineering/fire-damper-systems/_index.md
MINIMAL,14,research-specialized-knowledge,research-specialized-knowledge/specialized-knowledge-domains/fire-safety-engineering/smoke-control-systems/_index.md
MINIMAL,14,research-specialized-knowledge,research-specialized-knowledge/specialized-knowledge-domains/water-systems-coordination/plumbing-hvac-interface/_index.md
MINIMAL,15,air-conditioning-cooling,air-conditioning-cooling/air-handling-units/fan-types-ahu/_index.md
MINIMAL,15,air-conditioning-cooling,air-conditioning-cooling/humidifiers/evaporative-humidifiers/spray-nozzle-evaporative/_index.md
MINIMAL,15,air-conditioning-cooling,air-conditioning-cooling/system-types/variable-refrigerant-flow/indoor-units/_index.md
MINIMAL,15,air-conditioning-cooling,air-conditioning-cooling/system-types/variable-refrigerant-flow/piping/_index.md
MINIMAL,15,ductwork-piping-distribution,ductwork-piping-distribution/ductwork-air-distribution/duct-materials/non-metal-ducts/fabric-ducts/_index.md
MINIMAL,15,ductwork-piping-distribution,ductwork-piping-distribution/ductwork-air-distribution/negative-pressure-systems-detailed/applications/_index.md
MINIMAL,15,ductwork-piping-distribution,ductwork-piping-distribution/ductwork-air-distribution/negative-pressure-systems-detailed/design-considerations/_index.md
MINIMAL,15,ductwork-piping-distribution,ductwork-piping-distribution/ductwork-air-distribution/positive-pressure-systems-detailed/fan-configurations/_index.md
MINIMAL,15,ductwork-piping-distribution,ductwork-piping-distribution/ductwork-air-distribution/positive-pressure-systems-detailed/pressure-maintenance/_index.md
MINIMAL,15,ductwork-piping-distribution,ductwork-piping-distribution/piping-systems-hydronic/dirt-separation/_index.md
MINIMAL,15,ductwork-piping-distribution,ductwork-piping-distribution/piping-systems-hydronic/flow-control-devices/isolation-valves/_index.md
MINIMAL,15,ductwork-piping-distribution,ductwork-piping-distribution/piping-systems-hydronic/pumps-hydronic/pump-controls/_index.md
MINIMAL,15,ductwork-piping-distribution,ductwork-piping-distribution/piping-systems-hydronic/pumps-hydronic/pump-types-hydronic/_index.md
MINIMAL,15,heating-systems,heating-systems/cogeneration-chp-systems/controls-integration/_index.md
MINIMAL,15,heating-systems,heating-systems/cogeneration-chp-systems/prime-movers/reciprocating-engines/diesel-engines/_index.md
MINIMAL,15,heating-systems,heating-systems/cogeneration-chp-systems/prime-movers/steam-turbines/_index.md
MINIMAL,15,heating-systems,heating-systems/combustion-heating/fuels/coal/_index.md
MINIMAL,15,heating-systems,heating-systems/furnaces/controls/_index.md
MINIMAL,15,heating-systems,heating-systems/infrared-radiant-heating/design-considerations/application-specific/_index.md
MINIMAL,15,heating-systems,heating-systems/infrared-radiant-heating/design-considerations/comfort-radiant/_index.md
MINIMAL,15,heating-systems,heating-systems/infrared-radiant-heating/design-considerations/performance-factors/_index.md
MINIMAL,15,heating-systems,heating-systems/unit-ventilators-heaters-makeup-air/makeup-air-units/heated-makeup-air/_index.md
MINIMAL,15,hvac-fundamentals,hvac-fundamentals/building-envelope-moisture/building-assembly-moisture-design/wall-assembly-moisture/water-resistive-barriers/_index.md
MINIMAL,15,hvac-fundamentals,hvac-fundamentals/building-envelope-moisture/building-envelope-heat-air-moisture-control/moisture-transport-mechanisms/air-leakage/_index.md
MINIMAL,15,hvac-fundamentals,hvac-fundamentals/material-properties/physical-properties-materials/building-materials-thermal/wood-materials/_index.md
MINIMAL,15,hvac-fundamentals,hvac-fundamentals/material-properties/physical-properties-materials/pipe-duct-materials/copper-pipe/_index.md
MINIMAL,15,hvac-fundamentals,hvac-fundamentals/material-properties/secondary-coolant-properties/density-temperature-effects/_index.md
MINIMAL,15,hvac-fundamentals,hvac-fundamentals/material-properties/secondary-coolant-properties/thermal-conductivity-coolants/_index.md
MINIMAL,15,project-delivery-methods,project-delivery-methods/building-information-modeling-bim/bim-project-execution/model-coordination/_index.md
MINIMAL,15,project-delivery-methods,project-delivery-methods/building-information-modeling-bim/bim-uses/construction-phase/_index.md
MINIMAL,15,project-delivery-methods,project-delivery-methods/building-information-modeling-bim/bim-uses/operations-phase/_index.md
MINIMAL,15,project-delivery-methods,project-delivery-methods/construction-administration/bidding-phase/bid-award-procedures/recommendation-development/_index.md
MINIMAL,15,project-delivery-methods,project-delivery-methods/construction-administration/bidding-phase/bid-evaluation/bid-opening-procedures/_index.md
MINIMAL,15,project-delivery-methods,project-delivery-methods/construction-administration/bidding-phase/bid-evaluation/clarification-requests/_index.md
MINIMAL,15,project-delivery-methods,project-delivery-methods/construction-drawings-documentation/legend-symbol-conventions/legend-development/_index.md
MINIMAL,15,project-delivery-methods,project-delivery-methods/construction-drawings-documentation/legend-symbol-conventions/symbol-libraries/_index.md
MINIMAL,15,project-delivery-methods,project-delivery-methods/design-delivery-methods/progressive-design-build/_index.md
MINIMAL,15,refrigeration-systems,refrigeration-systems/commodity-storage-requirements/controlled-atmosphere-storage/ethylene-control/_index.md
MINIMAL,15,refrigeration-systems,refrigeration-systems/commodity-storage-requirements/controlled-atmosphere-storage/oxygen-control/_index.md
MINIMAL,15,refrigeration-systems,refrigeration-systems/commodity-storage-requirements/flowers-plants-storage/cut-flowers/_index.md
MINIMAL,15,refrigeration-systems,refrigeration-systems/commodity-storage-requirements/fruits-storage/apples/_index.md
MINIMAL,15,refrigeration-systems,refrigeration-systems/commodity-storage-requirements/fruits-storage/berries/_index.md
MINIMAL,15,refrigeration-systems,refrigeration-systems/commodity-storage-requirements/fruits-storage/citrus/_index.md
MINIMAL,15,refrigeration-systems,refrigeration-systems/commodity-storage-requirements/vegetables-storage/leafy/_index.md
MINIMAL,15,refrigeration-systems,refrigeration-systems/commodity-storage-requirements/vegetables-storage/root/_index.md
MINIMAL,15,refrigeration-systems,refrigeration-systems/components-detailed/expansion-devices/electronic-expansion-valves/_index.md
MINIMAL,15,refrigeration-systems,refrigeration-systems/cooling-freezing-times-foods/initial-temperature-effects/_index.md
MINIMAL,15,refrigeration-systems,refrigeration-systems/food-microbiology-refrigeration/critical-control-points/_index.md
MINIMAL,15,refrigeration-systems,refrigeration-systems/food-microbiology-refrigeration/haccp-principles-refrigeration/_index.md
MINIMAL,15,refrigeration-systems,refrigeration-systems/food-microbiology-refrigeration/mold-yeast-growth/_index.md
MINIMAL,15,refrigeration-systems,refrigeration-systems/food-processing-refrigeration/beverages/wine-production/wine-aging-cellars/_index.md
MINIMAL,15,refrigeration-systems,refrigeration-systems/food-processing-refrigeration/confectionery/chocolate-processing/chocolate-storage/_index.md
MINIMAL,15,refrigeration-systems,refrigeration-systems/food-processing-refrigeration/dairy-processing/butter-production/butter-storage/_index.md
MINIMAL,15,refrigeration-systems,refrigeration-systems/food-processing-refrigeration/dairy-processing/cheese-manufacturing/humidity-control-cheese/_index.md
MINIMAL,15,refrigeration-systems,refrigeration-systems/food-processing-refrigeration/dairy-processing/cheese-manufacturing/mold-growth-control/_index.md
MINIMAL,15,refrigeration-systems,refrigeration-systems/food-processing-refrigeration/dairy-processing/ice-cream-manufacturing/freezing-process/_index.md
MINIMAL,15,refrigeration-systems,refrigeration-systems/food-processing-refrigeration/dairy-processing/ice-cream-manufacturing/ice-cream-storage/_index.md
MINIMAL,15,refrigeration-systems,refrigeration-systems/food-processing-refrigeration/dairy-processing/milk-processing/pasteurization-milk/_index.md
MINIMAL,15,refrigeration-systems,refrigeration-systems/food-processing-refrigeration/eggs-egg-products/egg-breaking-processing/egg-breaking-operations/_index.md
MINIMAL,15,refrigeration-systems,refrigeration-systems/food-processing-refrigeration/eggs-egg-products/egg-breaking-processing/pasteurization-liquid-eggs/_index.md
MINIMAL,15,refrigeration-systems,refrigeration-systems/food-processing-refrigeration/fishery-products/cold-storage-fish/quality-deterioration-factors/_index.md
MINIMAL,15,refrigeration-systems,refrigeration-systems/food-processing-refrigeration/fishery-products/fish-chilling/slush-ice-systems/_index.md
MINIMAL,15,refrigeration-systems,refrigeration-systems/food-processing-refrigeration/fishery-products/seafood-processing-operations/canning-fish/_index.md
MINIMAL,15,refrigeration-systems,refrigeration-systems/food-processing-refrigeration/fishery-products/seafood-processing-operations/filleting-operations/_index.md
MINIMAL,15,refrigeration-systems,refrigeration-systems/food-processing-refrigeration/fishery-products/seafood-processing-operations/surimi-production/_index.md
MINIMAL,15,refrigeration-systems,refrigeration-systems/food-processing-refrigeration/frozen-food-processing/blast-freezers/air-velocity-requirements/_index.md
MINIMAL,15,refrigeration-systems,refrigeration-systems/food-processing-refrigeration/frozen-food-processing/cryogenic-freezing/co2-snow-freezing/_index.md
MINIMAL,15,refrigeration-systems,refrigeration-systems/food-processing-refrigeration/frozen-food-processing/freezing-methods-food/freezing-rate-importance/_index.md
MINIMAL,15,refrigeration-systems,refrigeration-systems/food-processing-refrigeration/frozen-food-processing/iqf-technology/belt-freezers-iqf/_index.md
MINIMAL,15,refrigeration-systems,refrigeration-systems/food-processing-refrigeration/frozen-food-processing/plate-freezers/horizontal-plate-freezers/_index.md
MINIMAL,15,refrigeration-systems,refrigeration-systems/food-processing-refrigeration/fruit-processing/berry-processing/raspberry-blackberry/_index.md
MINIMAL,15,refrigeration-systems,refrigeration-systems/food-processing-refrigeration/fruit-processing/tropical-fruit-processing/papaya-storage/_index.md
MINIMAL,15,refrigeration-systems,refrigeration-systems/food-processing-refrigeration/meat-processing/portion-cutting-rooms/usda-fsis-requirements/_index.md
MINIMAL,15,refrigeration-systems,refrigeration-systems/food-processing-refrigeration/vegetable-processing/root-vegetables/sweet-potato-storage/_index.md
MINIMAL,15,refrigeration-systems,refrigeration-systems/food-processing-refrigeration/vegetable-processing/vegetable-precooling/room-cooling/_index.md
MINIMAL,15,refrigeration-systems,refrigeration-systems/food-thermal-properties/thermal-diffusivity/_index.md
MINIMAL,15,refrigeration-systems,refrigeration-systems/refrigerants/classifications/natural-refrigerants/hydrocarbons/_index.md
MINIMAL,15,refrigeration-systems,refrigeration-systems/refrigerants/environmental-impact/_index.md
MINIMAL,15,refrigeration-systems,refrigeration-systems/vapor-compression-cycles/advanced-cycles/_index.md
MINIMAL,15,research-specialized-knowledge,research-specialized-knowledge/advanced-materials-research/aerogel-insulation/_index.md
MINIMAL,15,research-specialized-knowledge,research-specialized-knowledge/advanced-materials-research/smart-materials/_index.md
MINIMAL,16,air-conditioning-cooling,air-conditioning-cooling/condensers/evaporative-condensers/_index.md
MINIMAL,16,air-conditioning-cooling,air-conditioning-cooling/humidifiers/application-specific/_index.md
MINIMAL,16,air-conditioning-cooling,air-conditioning-cooling/system-types/unitary-systems/package-units/_index.md
MINIMAL,16,ductwork-piping-distribution,ductwork-piping-distribution/ductwork-air-distribution/duct-materials/external-insulation/_index.md
MINIMAL,16,ductwork-piping-distribution,ductwork-piping-distribution/ductwork-air-distribution/duct-materials/non-metal-ducts/fiberglass-duct-board/_index.md
MINIMAL,16,ductwork-piping-distribution,ductwork-piping-distribution/piping-systems-hydronic/air-removal/_index.md
MINIMAL,16,ductwork-piping-distribution,ductwork-piping-distribution/piping-systems-hydronic/pumps-hydronic/pump-performance-hydronic/_index.md
MINIMAL,16,hvac-fundamentals,hvac-fundamentals/building-envelope-moisture/building-envelope-heat-air-moisture-control/condensation-analysis/interstitial-condensation/_index.md
MINIMAL,16,hvac-fundamentals,hvac-fundamentals/building-envelope-moisture/building-envelope-heat-air-moisture-control/condensation-analysis/surface-condensation/_index.md
MINIMAL,16,hvac-fundamentals,hvac-fundamentals/building-envelope-moisture/building-envelope-heat-air-moisture-control/vapor-diffusion-fundamentals/vapor-retarders/_index.md
MINIMAL,16,hvac-fundamentals,hvac-fundamentals/energy-resources/energy-efficiency-potential/conservation-strategies/operational-improvements/_index.md
MINIMAL,16,hvac-fundamentals,hvac-fundamentals/fluid-mechanics/pumps-fans/fan-types/_index.md
MINIMAL,16,hvac-fundamentals,hvac-fundamentals/heat-transfer/convection/correlations/_index.md
MINIMAL,16,hvac-fundamentals,hvac-fundamentals/heat-transfer/radiation/gas-radiation/_index.md
MINIMAL,16,hvac-fundamentals,hvac-fundamentals/material-properties/physical-properties-materials/building-materials-thermal/masonry-materials/_index.md
MINIMAL,16,hvac-fundamentals,hvac-fundamentals/material-properties/physical-properties-materials/steam-properties/saturation-table-0-200c/_index.md
MINIMAL,16,hvac-fundamentals,hvac-fundamentals/material-properties/secondary-coolant-properties/alcohol-solutions/_index.md
MINIMAL,16,hvac-fundamentals,hvac-fundamentals/material-properties/secondary-coolant-properties/calcium-chloride-brines/_index.md
MINIMAL,16,hvac-fundamentals,hvac-fundamentals/material-properties/secondary-coolant-properties/glycol-solutions/propylene-glycol/_index.md
MINIMAL,16,hvac-fundamentals,hvac-fundamentals/material-properties/thermophysical-properties-refrigerants/refrigerant-property-tables/saturation-tables/_index.md
MINIMAL,16,hvac-fundamentals,hvac-fundamentals/material-properties/thermophysical-properties-refrigerants/surface-tension/_index.md
MINIMAL,16,hvac-fundamentals,hvac-fundamentals/thermodynamics/processes/_index.md
MINIMAL,16,project-delivery-methods,project-delivery-methods/building-information-modeling-bim/bim-project-execution/bim-execution-plan-bep/_index.md
MINIMAL,16,project-delivery-methods,project-delivery-methods/building-information-modeling-bim/bim-project-execution/discipline-coordination/_index.md
MINIMAL,16,project-delivery-methods,project-delivery-methods/building-information-modeling-bim/bim-standards-protocols/_index.md
MINIMAL,16,project-delivery-methods,project-delivery-methods/construction-administration/bidding-phase/addenda-process/addendum-preparation/_index.md
MINIMAL,16,project-delivery-methods,project-delivery-methods/construction-administration/bidding-phase/bid-award-procedures/award-notification/_index.md
MINIMAL,16,project-delivery-methods,project-delivery-methods/construction-administration/change-order-management/change-process/_index.md
MINIMAL,16,project-delivery-methods,project-delivery-methods/construction-administration/request-for-information-rfi/_index.md
MINIMAL,16,project-delivery-methods,project-delivery-methods/construction-drawings-documentation/sheet-organization/drawing-organization/_index.md
MINIMAL,16,project-delivery-methods,project-delivery-methods/design-process-workflow/proposal-phase/client-meetings/_index.md
MINIMAL,16,project-delivery-methods,project-delivery-methods/design-process-workflow/proposal-phase/proposal-submission/_index.md
MINIMAL,16,refrigeration-systems,refrigeration-systems/absorption-refrigeration/single-effect/_index.md
MINIMAL,16,refrigeration-systems,refrigeration-systems/commodity-storage-requirements/ethylene-control-scrubbing/_index.md
MINIMAL,16,refrigeration-systems,refrigeration-systems/components-detailed/evaporators/flooded/_index.md
MINIMAL,16,refrigeration-systems,refrigeration-systems/food-processing-refrigeration/dairy-processing/ice-cream-manufacturing/mix-preparation/_index.md
MINIMAL,16,refrigeration-systems,refrigeration-systems/food-processing-refrigeration/eggs-egg-products/egg-breaking-processing/egg-drying/_index.md
MINIMAL,16,refrigeration-systems,refrigeration-systems/food-processing-refrigeration/eggs-egg-products/egg-breaking-processing/egg-freezing/_index.md
MINIMAL,16,refrigeration-systems,refrigeration-systems/food-processing-refrigeration/eggs-egg-products/egg-storage/shell-egg-storage/_index.md
MINIMAL,16,refrigeration-systems,refrigeration-systems/food-processing-refrigeration/fishery-products/fish-chilling/refrigerated-seawater-rsw/_index.md
MINIMAL,16,refrigeration-systems,refrigeration-systems/food-processing-refrigeration/fishery-products/seafood-processing-operations/smoking-fish/_index.md
MINIMAL,16,refrigeration-systems,refrigeration-systems/food-processing-refrigeration/frozen-food-processing/blast-freezers/batch-blast-freezers/_index.md
MINIMAL,16,refrigeration-systems,refrigeration-systems/food-processing-refrigeration/frozen-food-processing/blast-freezers/continuous-blast-freezers/_index.md
MINIMAL,16,refrigeration-systems,refrigeration-systems/food-processing-refrigeration/frozen-food-processing/frozen-storage-requirements/frozen-storage-life/_index.md
MINIMAL,16,refrigeration-systems,refrigeration-systems/food-processing-refrigeration/frozen-food-processing/iqf-technology/fluidized-bed-freezers/_index.md
MINIMAL,16,refrigeration-systems,refrigeration-systems/food-processing-refrigeration/fruit-processing/berry-processing/blueberry-storage/_index.md
MINIMAL,16,refrigeration-systems,refrigeration-systems/food-processing-refrigeration/fruit-processing/citrus-processing/lemon-lime-storage/_index.md
MINIMAL,16,refrigeration-systems,refrigeration-systems/food-processing-refrigeration/fruit-processing/stone-fruit-processing/pitting-operations/_index.md
MINIMAL,16,refrigeration-systems,refrigeration-systems/food-processing-refrigeration/fruit-processing/stone-fruit-processing/plum-storage/_index.md
MINIMAL,16,refrigeration-systems,refrigeration-systems/food-processing-refrigeration/fruit-processing/stone-fruit-processing/precooling-stone-fruit/_index.md
MINIMAL,16,refrigeration-systems,refrigeration-systems/food-processing-refrigeration/fruit-processing/tropical-fruit-processing/avocado-handling/_index.md
MINIMAL,16,refrigeration-systems,refrigeration-systems/food-processing-refrigeration/meat-processing/portion-cutting-rooms/sanitation-requirements/_index.md
MINIMAL,16,refrigeration-systems,refrigeration-systems/food-processing-refrigeration/vegetable-processing/vegetable-precooling/ice-cooling/_index.md
MINIMAL,16,refrigeration-systems,refrigeration-systems/refrigerants/classifications/hfc-hydrofluorocarbons/_index.md
MINIMAL,16,refrigeration-systems,refrigeration-systems/refrigerated-facility-design-loads/safety-factors-application/_index.md
MINIMAL,16,research-specialized-knowledge,research-specialized-knowledge/advanced-materials-research/advanced-heat-exchanger-materials/_index.md
MINIMAL,16,research-specialized-knowledge,research-specialized-knowledge/advanced-materials-research/nanostructured-materials/_index.md
MINIMAL,17,air-conditioning-cooling,air-conditioning-cooling/air-handling-units/controls-ahu/_index.md
MINIMAL,17,air-conditioning-cooling,air-conditioning-cooling/cooling-towers/tower-types/mechanical-draft/induced-draft/_index.md
MINIMAL,17,air-conditioning-cooling,air-conditioning-cooling/humidifiers/evaporative-humidifiers/ultrasonic-humidifiers/_index.md
MINIMAL,17,air-conditioning-cooling,air-conditioning-cooling/humidifiers/health-safety-considerations/_index.md
MINIMAL,17,ductwork-piping-distribution,ductwork-piping-distribution/ductwork-air-distribution/duct-materials/duct-liner-insulation/_index.md
MINIMAL,17,ductwork-piping-distribution,ductwork-piping-distribution/ductwork-air-distribution/positive-pressure-systems-detailed/design-considerations/_index.md
MINIMAL,17,ductwork-piping-distribution,ductwork-piping-distribution/piping-systems-hydronic/pumps-hydronic/cavitation-prevention/_index.md
MINIMAL,17,ductwork-piping-distribution,ductwork-piping-distribution/piping-systems-hydronic/system-configurations/_index.md
MINIMAL,17,heating-systems,heating-systems/combustion-heating/fuels/fuel-oil/_index.md
MINIMAL,17,heating-systems,heating-systems/combustion-heating/ignition-systems/_index.md
MINIMAL,17,hvac-fundamentals,hvac-fundamentals/building-envelope-moisture/building-envelope-heat-air-moisture-control/air-leakage-moisture-transport/air-barrier-systems/_index.md
MINIMAL,17,hvac-fundamentals,hvac-fundamentals/fluid-mechanics/boundary-layer-theory/_index.md
MINIMAL,17,hvac-fundamentals,hvac-fundamentals/fluid-mechanics/external-flow/boundary-layer-theory/_index.md
MINIMAL,17,hvac-fundamentals,hvac-fundamentals/fluid-mechanics/fluid-statics/_index.md
MINIMAL,17,hvac-fundamentals,hvac-fundamentals/fluid-mechanics/pipe-flow/minor-losses/_index.md
MINIMAL,17,hvac-fundamentals,hvac-fundamentals/heat-transfer/conduction/extended-surfaces/_index.md
MINIMAL,17,hvac-fundamentals,hvac-fundamentals/heat-transfer/convection/phase-change/condensation/_index.md
MINIMAL,17,hvac-fundamentals,hvac-fundamentals/heat-transfer/radiation/surface-radiation/_index.md
MINIMAL,17,hvac-fundamentals,hvac-fundamentals/material-properties/physical-properties-materials/refrigerant-piping-materials/_index.md
MINIMAL,17,hvac-fundamentals,hvac-fundamentals/material-properties/physical-properties-materials/thermal-properties-materials/_index.md
MINIMAL,17,hvac-fundamentals,hvac-fundamentals/material-properties/secondary-coolant-properties/freezing-points-vs-concentration/_index.md
MINIMAL,17,hvac-fundamentals,hvac-fundamentals/material-properties/secondary-coolant-properties/glycol-solutions/ethylene-glycol/_index.md
MINIMAL,17,hvac-fundamentals,hvac-fundamentals/material-properties/secondary-coolant-properties/potassium-formate-acetate/_index.md
MINIMAL,17,hvac-fundamentals,hvac-fundamentals/material-properties/thermophysical-properties-refrigerants/superheated-properties/_index.md
MINIMAL,17,hvac-fundamentals,hvac-fundamentals/thermodynamics/laws-principles/_index.md
MINIMAL,17,load-calculations-energy-efficiency,load-calculations-energy-efficiency/energy-efficiency-optimization/commissioning-optimization/_index.md
MINIMAL,17,load-calculations-energy-efficiency,load-calculations-energy-efficiency/energy-efficiency-optimization/heat-recovery-systems/_index.md
MINIMAL,17,project-delivery-methods,project-delivery-methods/building-information-modeling-bim/bim-uses/design-phase/_index.md
MINIMAL,17,project-delivery-methods,project-delivery-methods/construction-administration/payment-administration/_index.md
MINIMAL,17,project-delivery-methods,project-delivery-methods/construction-administration/quality-control-assurance/_index.md
MINIMAL,17,project-delivery-methods,project-delivery-methods/construction-administration/submittal-management/submittal-process/_index.md
MINIMAL,17,project-delivery-methods,project-delivery-methods/construction-administration/submittal-management/submittal-types/_index.md
MINIMAL,17,project-delivery-methods,project-delivery-methods/construction-drawings-documentation/cad-standards-conventions/text-standards/_index.md
MINIMAL,17,project-delivery-methods,project-delivery-methods/construction-drawings-documentation/drawing-coordination-quality/coordination-checks/_index.md
MINIMAL,17,project-delivery-methods,project-delivery-methods/construction-drawings-documentation/model-vs-sheet-files/model-file-management/_index.md
MINIMAL,17,project-delivery-methods,project-delivery-methods/construction-drawings-documentation/model-vs-sheet-files/revit-sheet-management/_index.md
MINIMAL,17,project-delivery-methods,project-delivery-methods/construction-drawings-documentation/model-vs-sheet-files/sheet-file-management/_index.md
MINIMAL,17,project-delivery-methods,project-delivery-methods/design-process-workflow/design-development-phase/dd-coordination/_index.md
MINIMAL,17,project-delivery-methods,project-delivery-methods/design-process-workflow/design-development-phase/dd-deliverables/_index.md
MINIMAL,17,project-delivery-methods,project-delivery-methods/design-process-workflow/schematic-design-phase/sd-meetings-reviews/_index.md
MINIMAL,17,refrigeration-systems,refrigeration-systems/applications/transport-refrigeration/air-transport-refrigeration/cold-chain-air-freight/_index.md
MINIMAL,17,refrigeration-systems,refrigeration-systems/applications/transport-refrigeration/marine-refrigeration-transport/ro-ro-reefer/_index.md
MINIMAL,17,refrigeration-systems,refrigeration-systems/applications/transport-refrigeration/marine-refrigeration-transport/temperature-stratification-holds/_index.md
MINIMAL,17,refrigeration-systems,refrigeration-systems/applications/transport-refrigeration/refrigerated-rail-cars/intermodal-rail/_index.md
MINIMAL,17,refrigeration-systems,refrigeration-systems/applications/transport-refrigeration/transport-temperature-recorders/mechanical-recorders/_index.md
MINIMAL,17,refrigeration-systems,refrigeration-systems/commodity-storage-requirements/respiration-rates-produce/_index.md
MINIMAL,17,refrigeration-systems,refrigeration-systems/components-detailed/compressors/scroll/_index.md
MINIMAL,17,refrigeration-systems,refrigeration-systems/components-detailed/liquid-overfeed-systems/liquid-recirculation-principles/_index.md
MINIMAL,17,refrigeration-systems,refrigeration-systems/cooling-freezing-times-foods/chilling-time-estimation/_index.md
MINIMAL,17,refrigeration-systems,refrigeration-systems/cooling-freezing-times-foods/package-size-effects/_index.md
MINIMAL,17,refrigeration-systems,refrigeration-systems/cooling-freezing-times-foods/product-geometry-shape-factors/_index.md
MINIMAL,17,refrigeration-systems,refrigeration-systems/food-processing-refrigeration/dairy-processing/yogurt-production/yogurt-manufacture/_index.md
MINIMAL,17,refrigeration-systems,refrigeration-systems/food-processing-refrigeration/fishery-products/cold-storage-fish/frozen-fish-storage/_index.md
MINIMAL,17,refrigeration-systems,refrigeration-systems/food-processing-refrigeration/fishery-products/fish-chilling/ice-contact-cooling/_index.md
MINIMAL,17,refrigeration-systems,refrigeration-systems/food-processing-refrigeration/frozen-food-processing/frozen-storage-requirements/packaging-frozen-foods/_index.md
MINIMAL,17,refrigeration-systems,refrigeration-systems/food-processing-refrigeration/fruit-processing/berry-processing/strawberry-handling/_index.md
MINIMAL,17,refrigeration-systems,refrigeration-systems/food-processing-refrigeration/fruit-processing/fruit-juice-concentration/aroma-recovery/_index.md
MINIMAL,17,refrigeration-systems,refrigeration-systems/food-processing-refrigeration/fruit-processing/stone-fruit-processing/cherry-handling/_index.md
MINIMAL,17,refrigeration-systems,refrigeration-systems/food-processing-refrigeration/meat-processing/beef-processing/ground-beef-production/_index.md
MINIMAL,17,refrigeration-systems,refrigeration-systems/food-processing-refrigeration/vegetable-processing/frozen-vegetables-quality/quality-retention-factors/_index.md
MINIMAL,17,refrigeration-systems,refrigeration-systems/food-processing-refrigeration/vegetable-processing/leafy-vegetables/cabbage-storage/_index.md
MINIMAL,17,refrigeration-systems,refrigeration-systems/food-processing-refrigeration/vegetable-processing/processing-operations/blanching-vegetables/_index.md
MINIMAL,17,refrigeration-systems,refrigeration-systems/food-processing-refrigeration/vegetable-processing/processing-operations/canning-operations/_index.md
MINIMAL,17,refrigeration-systems,refrigeration-systems/food-processing-refrigeration/vegetable-processing/root-vegetables/onion-storage/_index.md
MINIMAL,17,refrigeration-systems,refrigeration-systems/food-processing-refrigeration/vegetable-processing/vegetable-precooling/forced-air-cooling/_index.md
MINIMAL,17,refrigeration-systems,refrigeration-systems/food-thermal-properties/ice-fraction-calculations/_index.md
MINIMAL,17,refrigeration-systems,refrigeration-systems/food-thermal-properties/specific-heat-below-freezing/_index.md
MINIMAL,17,refrigeration-systems,refrigeration-systems/food-thermal-properties/water-content-influence/_index.md
MINIMAL,17,refrigeration-systems,refrigeration-systems/refrigerated-facility-design-loads/defrost-loads-refrigerated-space/_index.md
MINIMAL,17,refrigeration-systems,refrigeration-systems/refrigerated-facility-design-loads/loading-docks-refrigerated/_index.md
MINIMAL,17,research-specialized-knowledge,research-specialized-knowledge/advanced-materials-research/phase-change-materials-advanced/_index.md
MINIMAL,17,research-specialized-knowledge,research-specialized-knowledge/building-envelope-innovations/advanced-glazing-systems/_index.md
MINIMAL,18,air-conditioning-cooling,air-conditioning-cooling/air-handling-units/coil-configurations/_index.md
MINIMAL,18,air-conditioning-cooling,air-conditioning-cooling/humidifiers/water-treatment/_index.md
MINIMAL,18,ductwork-piping-distribution,ductwork-piping-distribution/ductwork-air-distribution/duct-materials/non-metal-ducts/flexible-duct/_index.md
MINIMAL,18,ductwork-piping-distribution,ductwork-piping-distribution/piping-systems-hydronic/expansion-compensation/_index.md
MINIMAL,18,ductwork-piping-distribution,ductwork-piping-distribution/piping-systems-hydronic/expansion-tanks/_index.md
MINIMAL,18,hvac-fundamentals,hvac-fundamentals/fluid-mechanics/external-flow/_index.md
MINIMAL,18,hvac-fundamentals,hvac-fundamentals/fluid-mechanics/external-flow/general/_index.md
MINIMAL,18,hvac-fundamentals,hvac-fundamentals/fluid-mechanics/fluid-kinematics/_index.md
MINIMAL,18,hvac-fundamentals,hvac-fundamentals/fluid-mechanics/pipe-flow/turbulent-flow/_index.md
MINIMAL,18,hvac-fundamentals,hvac-fundamentals/heat-transfer/conduction/steady-state/_index.md
MINIMAL,18,hvac-fundamentals,hvac-fundamentals/heat-transfer/convection/forced-convection/external-flow/_index.md
MINIMAL,18,hvac-fundamentals,hvac-fundamentals/material-properties/secondary-coolant-properties/corrosion-inhibitors/_index.md
MINIMAL,18,hvac-fundamentals,hvac-fundamentals/material-properties/secondary-coolant-properties/viscosity-vs-temperature/_index.md
MINIMAL,18,hvac-fundamentals,hvac-fundamentals/psychrometrics/psychrometric-chart/_index.md
MINIMAL,18,hvac-fundamentals,hvac-fundamentals/thermodynamics/exergy-analysis/_index.md
MINIMAL,18,load-calculations-energy-efficiency,load-calculations-energy-efficiency/energy-efficiency-optimization/load-management/_index.md
MINIMAL,18,project-delivery-methods,project-delivery-methods/construction-administration/bidding-phase/addenda-process/addendum-issuance/_index.md
MINIMAL,18,project-delivery-methods,project-delivery-methods/construction-drawings-documentation/cad-standards-conventions/dimensioning-standards/_index.md
MINIMAL,18,project-delivery-methods,project-delivery-methods/construction-drawings-documentation/detail-drawing-practices/standard-details/_index.md
MINIMAL,18,project-delivery-methods,project-delivery-methods/construction-drawings-documentation/schedules-format-content/equipment-schedules/_index.md
MINIMAL,18,project-delivery-methods,project-delivery-methods/construction-drawings-documentation/schedules-format-content/valve-instrument-schedules/_index.md
MINIMAL,18,project-delivery-methods,project-delivery-methods/design-process-workflow/schematic-design-phase/schematic-design-deliverables/_index.md
MINIMAL,18,project-delivery-methods,project-delivery-methods/sustainability-integration-project-delivery/_index.md
MINIMAL,18,refrigeration-systems,refrigeration-systems/applications/transport-refrigeration/air-transport-refrigeration/air-freight-temperature-control/_index.md
MINIMAL,18,refrigeration-systems,refrigeration-systems/applications/transport-refrigeration/air-transport-refrigeration/perishable-air-cargo/_index.md
MINIMAL,18,refrigeration-systems,refrigeration-systems/applications/transport-refrigeration/air-transport-refrigeration/temperature-controlled-containers-uld/_index.md
MINIMAL,18,refrigeration-systems,refrigeration-systems/applications/transport-refrigeration/cargo-containers-refrigerated/intermodal-reefer-containers/_index.md
MINIMAL,18,refrigeration-systems,refrigeration-systems/commodity-storage-requirements/modified-atmosphere-packaging/_index.md
MINIMAL,18,refrigeration-systems,refrigeration-systems/components-detailed/compressors/screw/_index.md
MINIMAL,18,refrigeration-systems,refrigeration-systems/components-detailed/condensers/evaporative/_index.md
MINIMAL,18,refrigeration-systems,refrigeration-systems/components-detailed/liquid-overfeed-systems/recirculation-ratio/_index.md
MINIMAL,18,refrigeration-systems,refrigeration-systems/food-microbiology-refrigeration/spoilage-mechanisms/_index.md
MINIMAL,18,refrigeration-systems,refrigeration-systems/food-processing-refrigeration/dairy-processing/cheese-manufacturing/cheese-aging-rooms/_index.md
MINIMAL,18,refrigeration-systems,refrigeration-systems/food-processing-refrigeration/dairy-processing/cheese-manufacturing/cheese-making-process/_index.md
MINIMAL,18,refrigeration-systems,refrigeration-systems/food-processing-refrigeration/fruit-processing/apple-processing/slicing-dicing-operations/_index.md
MINIMAL,18,refrigeration-systems,refrigeration-systems/food-processing-refrigeration/fruit-processing/citrus-processing/cold-storage-juice/_index.md
MINIMAL,18,refrigeration-systems,refrigeration-systems/food-processing-refrigeration/fruit-processing/citrus-processing/orange-storage/_index.md
MINIMAL,18,refrigeration-systems,refrigeration-systems/food-processing-refrigeration/fruit-processing/stone-fruit-processing/peach-nectarine-handling/_index.md
MINIMAL,18,refrigeration-systems,refrigeration-systems/food-processing-refrigeration/fruit-processing/tropical-fruit-processing/mango-processing/_index.md
MINIMAL,18,refrigeration-systems,refrigeration-systems/food-processing-refrigeration/fruit-processing/tropical-fruit-processing/pineapple-handling/_index.md
MINIMAL,18,refrigeration-systems,refrigeration-systems/food-processing-refrigeration/meat-processing/beef-processing/fabrication-rooms/_index.md
MINIMAL,18,refrigeration-systems,refrigeration-systems/food-processing-refrigeration/meat-processing/meat-freezing-methods/freezing-quality-factors/_index.md
MINIMAL,18,refrigeration-systems,refrigeration-systems/food-processing-refrigeration/meat-processing/slaughterhouse-refrigeration/aging-coolers/_index.md
MINIMAL,18,refrigeration-systems,refrigeration-systems/food-processing-refrigeration/vegetable-processing/processing-operations/dehydration-processes/_index.md
MINIMAL,18,refrigeration-systems,refrigeration-systems/food-processing-refrigeration/vegetable-processing/vegetable-precooling/hydrocooling/_index.md
MINIMAL,18,refrigeration-systems,refrigeration-systems/food-processing-refrigeration/vegetable-processing/vegetable-precooling/vacuum-cooling/_index.md
MINIMAL,18,refrigeration-systems,refrigeration-systems/food-thermal-properties/density-food-products/_index.md
MINIMAL,18,refrigeration-systems,refrigeration-systems/food-thermal-properties/transpiration-coefficients/_index.md
MINIMAL,18,refrigeration-systems,refrigeration-systems/refrigerants/classifications/natural-refrigerants/inorganics/_index.md
MINIMAL,18,refrigeration-systems,refrigeration-systems/refrigerants/safety-classifications/_index.md
MINIMAL,18,refrigeration-systems,refrigeration-systems/vapor-compression-cycles/cycle-modifications/_index.md
MINIMAL,19,air-conditioning-cooling,air-conditioning-cooling/air-handling-units/components/_index.md
MINIMAL,19,air-conditioning-cooling,air-conditioning-cooling/humidifiers/control-strategies/_index.md
MINIMAL,19,air-conditioning-cooling,air-conditioning-cooling/system-types/central-air-conditioning/all-air-systems/single-duct/variable-volume/_index.md
MINIMAL,19,ductwork-piping-distribution,ductwork-piping-distribution/ductwork-air-distribution/duct-leakage/_index.md
MINIMAL,19,ductwork-piping-distribution,ductwork-piping-distribution/ductwork-air-distribution/duct-materials/metal-ducts/_index.md
MINIMAL,19,ductwork-piping-distribution,ductwork-piping-distribution/piping-systems-hydronic/pipe-joining-methods/_index.md
MINIMAL,19,ductwork-piping-distribution,ductwork-piping-distribution/piping-systems-hydronic/pipe-sizing/_index.md
MINIMAL,19,hvac-fundamentals,hvac-fundamentals/fluid-mechanics/conservation-equations/_index.md
MINIMAL,19,hvac-fundamentals,hvac-fundamentals/fluid-mechanics/dimensional-analysis/_index.md
MINIMAL,19,hvac-fundamentals,hvac-fundamentals/heat-transfer/radiation/enclosure-radiation/_index.md
MINIMAL,19,hvac-fundamentals,hvac-fundamentals/material-properties/thermophysical-properties-refrigerants/equations-of-state/_index.md
MINIMAL,19,hvac-fundamentals,hvac-fundamentals/material-properties/thermophysical-properties-refrigerants/temperature-entropy-diagrams/_index.md
MINIMAL,19,project-delivery-methods,project-delivery-methods/construction-administration/bidding-phase/pre-bid-procedures/pre-bid-meeting-agenda/_index.md
MINIMAL,19,project-delivery-methods,project-delivery-methods/construction-administration/bidding-phase/pre-bid-procedures/pre-bid-meeting/_index.md
MINIMAL,19,project-delivery-methods,project-delivery-methods/construction-drawings-documentation/cad-standards-conventions/drawing-standards/_index.md
MINIMAL,19,project-delivery-methods,project-delivery-methods/construction-drawings-documentation/detail-drawing-practices/detail-development/_index.md
MINIMAL,19,project-delivery-methods,project-delivery-methods/construction-drawings-documentation/detail-drawing-practices/detail-types/_index.md
MINIMAL,19,project-delivery-methods,project-delivery-methods/construction-drawings-documentation/drawing-coordination-quality/quality-control-procedures/_index.md
MINIMAL,19,project-delivery-methods,project-delivery-methods/construction-drawings-documentation/legend-symbol-conventions/hvac-symbols-standards/_index.md
MINIMAL,19,project-delivery-methods,project-delivery-methods/construction-drawings-documentation/sheet-organization/sheet-layout-standards/_index.md
MINIMAL,19,project-delivery-methods,project-delivery-methods/construction-drawings-documentation/sheet-organization/sheet-numbering-system/_index.md
MINIMAL,19,project-delivery-methods,project-delivery-methods/design-delivery-methods/construction-manager-at-risk/_index.md
MINIMAL,19,project-delivery-methods,project-delivery-methods/design-delivery-methods/design-bid-build/_index.md
MINIMAL,19,project-delivery-methods,project-delivery-methods/design-process-workflow/construction-documents-phase/specifications-development/_index.md
MINIMAL,19,project-delivery-methods,project-delivery-methods/design-process-workflow/proposal-phase/proposal-development/_index.md
MINIMAL,19,refrigeration-systems,refrigeration-systems/applications/transport-refrigeration/air-transport-refrigeration/aircraft-cargo-refrigeration/_index.md
MINIMAL,19,refrigeration-systems,refrigeration-systems/applications/transport-refrigeration/refrigerated-rail-cars/airflow-railcars/_index.md
MINIMAL,19,refrigeration-systems,refrigeration-systems/applications/transport-refrigeration/refrigerated-trucks-trailers/multi-temperature-trailers/_index.md
MINIMAL,19,refrigeration-systems,refrigeration-systems/components-detailed/compressors/centrifugal/_index.md
MINIMAL,19,refrigeration-systems,refrigeration-systems/components-detailed/evaporators/performance/_index.md
MINIMAL,19,refrigeration-systems,refrigeration-systems/components-detailed/liquid-overfeed-systems/heat-transfer-advantages/_index.md
MINIMAL,19,refrigeration-systems,refrigeration-systems/components-detailed/liquid-overfeed-systems/low-pressure-receiver-systems/_index.md
MINIMAL,19,refrigeration-systems,refrigeration-systems/cooling-freezing-times-foods/freezing-curve-analysis/_index.md
MINIMAL,19,refrigeration-systems,refrigeration-systems/food-processing-refrigeration/frozen-food-processing/cryogenic-freezing/liquid-nitrogen-freezing/_index.md
MINIMAL,19,refrigeration-systems,refrigeration-systems/food-processing-refrigeration/frozen-food-processing/freezing-methods-food/comparison-freezing-methods/_index.md
MINIMAL,19,refrigeration-systems,refrigeration-systems/food-processing-refrigeration/fruit-processing/apple-processing/apple-storage/_index.md
MINIMAL,19,refrigeration-systems,refrigeration-systems/food-processing-refrigeration/fruit-processing/berry-processing/iqf-berry-processing/_index.md
MINIMAL,19,refrigeration-systems,refrigeration-systems/food-processing-refrigeration/fruit-processing/fruit-juice-concentration/freeze-concentration/_index.md
MINIMAL,19,refrigeration-systems,refrigeration-systems/food-processing-refrigeration/vegetable-processing/root-vegetables/carrot-storage/_index.md
MINIMAL,19,refrigeration-systems,refrigeration-systems/food-thermal-properties/specific-heat-above-freezing/_index.md
MINIMAL,19,refrigeration-systems,refrigeration-systems/food-thermal-properties/thermal-conductivity-foods/_index.md
MINIMAL,19,refrigeration-systems,refrigeration-systems/refrigerated-facility-design-loads/cold-storage-warehouse-layout/_index.md
MINIMAL,19,refrigeration-systems,refrigeration-systems/thermoelectric-cooling/_index.md
MINIMAL,19,ventilation-indoor-air-quality,ventilation-indoor-air-quality/indoor-air-quality-management/biosecurity-filtration/virus-capture-systems/_index.md
MINIMAL,20,codes-standards-regulations-safety,codes-standards-regulations-safety/codes-standards-regulations/ahri-standards-ratings/_index.md
MINIMAL,20,codes-standards-regulations-safety,codes-standards-regulations-safety/health-safety-hvac/indoor-air-quality-health/_index.md
MINIMAL,20,controls-automation-building,controls-automation-building/control-theory-fundamentals/frequency-response/_index.md
MINIMAL,20,heating-systems,heating-systems/heat-pumps/ground-source-heat-pumps/ground-loop-types/vertical-closed-loop/_index.md
MINIMAL,20,heating-systems,heating-systems/radiant-heating/design-methodology/_index.md
MINIMAL,20,hvac-fundamentals,hvac-fundamentals/fluid-mechanics/compressible-flow/_index.md
MINIMAL,20,hvac-fundamentals,hvac-fundamentals/fluid-mechanics/fluid-properties/_index.md
MINIMAL,20,hvac-fundamentals,hvac-fundamentals/fluid-mechanics/pumps-fans/pump-performance/_index.md
MINIMAL,20,hvac-fundamentals,hvac-fundamentals/heat-transfer/convection/forced-convection/internal-flow/_index.md
MINIMAL,20,hvac-fundamentals,hvac-fundamentals/heat-transfer/convection/natural-convection/_index.md
MINIMAL,20,hvac-fundamentals,hvac-fundamentals/psychrometrics/properties/_index.md
MINIMAL,20,maintenance-refrigerant-management,maintenance-refrigerant-management/refrigerant-management-safety/refrigerant-handling/charging-procedures/_index.md
MINIMAL,20,professional-development-training,professional-development-training/safety-training-programs/electrical-safety-training/_index.md
MINIMAL,20,project-delivery-methods,project-delivery-methods/construction-administration/bidding-phase/bid-package-preparation/_index.md
MINIMAL,20,project-delivery-methods,project-delivery-methods/construction-drawings-documentation/cad-standards-conventions/linework-standards/_index.md
MINIMAL,20,project-delivery-methods,project-delivery-methods/design-delivery-methods/design-build/_index.md
MINIMAL,20,project-delivery-methods,project-delivery-methods/design-process-workflow/construction-documents-phase/cd-deliverables/_index.md
MINIMAL,20,project-delivery-methods,project-delivery-methods/lean-construction-principles/_index.md
MINIMAL,20,refrigeration-systems,refrigeration-systems/adsorption-refrigeration/_index.md
MINIMAL,20,refrigeration-systems,refrigeration-systems/applications/industrial-refrigeration/_index.md
MINIMAL,20,refrigeration-systems,refrigeration-systems/applications/transport-refrigeration/cargo-containers-refrigerated/airflow-distribution-containers/_index.md
MINIMAL,20,refrigeration-systems,refrigeration-systems/applications/transport-refrigeration/cargo-containers-refrigerated/insulation-containers/_index.md
MINIMAL,20,refrigeration-systems,refrigeration-systems/applications/transport-refrigeration/cryogenic-transport/cryogenic-refrigerated-transport/_index.md
MINIMAL,20,refrigeration-systems,refrigeration-systems/applications/transport-refrigeration/marine-refrigeration-transport/cargo-hold-refrigeration/_index.md
MINIMAL,20,refrigeration-systems,refrigeration-systems/applications/transport-refrigeration/marine-refrigeration-transport/fishing-vessel-refrigeration/_index.md
MINIMAL,20,refrigeration-systems,refrigeration-systems/applications/transport-refrigeration/refrigerated-trucks-trailers/temperature-monitoring/_index.md
MINIMAL,20,refrigeration-systems,refrigeration-systems/applications/transport-refrigeration/transport-temperature-recorders/wireless-monitoring/_index.md
MINIMAL,20,refrigeration-systems,refrigeration-systems/components-detailed/expansion-devices/thermostatic-expansion-valves/_index.md
MINIMAL,20,refrigeration-systems,refrigeration-systems/components-detailed/liquid-overfeed-systems/controlled-pressure-receiver-cpr/_index.md
MINIMAL,20,refrigeration-systems,refrigeration-systems/components-detailed/liquid-overfeed-systems/evaporator-distribution/_index.md
MINIMAL,20,refrigeration-systems,refrigeration-systems/food-processing-refrigeration/fruit-processing/citrus-processing/juice-extraction/_index.md
MINIMAL,20,refrigeration-systems,refrigeration-systems/food-processing-refrigeration/vegetable-processing/processing-operations/freezing-vegetables/_index.md
MINIMAL,20,refrigeration-systems,refrigeration-systems/vapor-compression-cycles/basic-cycle/_index.md
MINIMAL,20,specialty-applications-testing,specialty-applications-testing/acoustic-noise-vibration/sound-fundamentals/_index.md
MINIMAL,20,specialty-applications-testing,specialty-applications-testing/acoustic-noise-vibration/vibration-control/vibration-isolation/installation/_index.md
MINIMAL,20,specialty-applications-testing,specialty-applications-testing/seismic-wind-flood-resistant-design/seismic-restraints-detailed/ibc-asce-7-requirements/_index.md
MINIMAL,20,ventilation-indoor-air-quality,ventilation-indoor-air-quality/ventilation-systems/demand-controlled-ventilation/_index.md
MINIMAL,21,air-conditioning-cooling,air-conditioning-cooling/condensers/water-cooled-condensers/_index.md
MINIMAL,21,controls-automation-building,controls-automation-building/control-theory-fundamentals/pid-control-detailed/pid-tuning-methods/_index.md
MINIMAL,21,ductwork-piping-distribution,ductwork-piping-distribution/ductwork-air-distribution/duct-fittings/_index.md
MINIMAL,21,ductwork-piping-distribution,ductwork-piping-distribution/piping-systems-hydronic/insulation-systems/_index.md
MINIMAL,21,ductwork-piping-distribution,ductwork-piping-distribution/piping-systems-hydronic/piping-materials/_index.md
MINIMAL,21,ductwork-piping-distribution,ductwork-piping-distribution/piping-systems-hydronic/water-treatment-hydronic/_index.md
MINIMAL,21,heating-systems,heating-systems/boilers/combustion-analysis/_index.md
MINIMAL,21,hvac-fundamentals,hvac-fundamentals/heat-transfer/conduction/transient/_index.md
MINIMAL,21,hvac-fundamentals,hvac-fundamentals/heat-transfer/convection/phase-change/boiling/_index.md
MINIMAL,21,hvac-fundamentals,hvac-fundamentals/heat-transfer/radiation/fundamentals/_index.md
MINIMAL,21,international-perspectives,international-perspectives/climate-specific-design-approaches/hot-dry-extreme-desert-climate/hvac-strategies/_index.md
MINIMAL,21,load-calculations-energy-efficiency,load-calculations-energy-efficiency/energy-efficiency-optimization/climate-characterization-advanced/degree-hours-methodology/_index.md
MINIMAL,21,load-calculations-energy-efficiency,load-calculations-energy-efficiency/energy-efficiency-optimization/variable-speed-technology/_index.md
MINIMAL,21,load-calculations-energy-efficiency,load-calculations-energy-efficiency/load-calculation-methods/cooling-load-components/external-heat-gains/solar-radiation-gains/_index.md
MINIMAL,21,professional-development-training,professional-development-training/safety-training-programs/confined-space-entry-training/_index.md
MINIMAL,21,project-delivery-methods,project-delivery-methods/construction-administration/closeout-procedures/_index.md
MINIMAL,21,project-delivery-methods,project-delivery-methods/construction-drawings-documentation/schedules-format-content/schedule-format-standards/_index.md
MINIMAL,21,project-delivery-methods,project-delivery-methods/design-delivery-methods/integrated-project-delivery-ipd/_index.md
MINIMAL,21,project-delivery-methods,project-delivery-methods/safety-management/_index.md
MINIMAL,21,refrigeration-systems,refrigeration-systems/applications/commercial-refrigeration/_index.md
MINIMAL,21,refrigeration-systems,refrigeration-systems/applications/transport-refrigeration/cargo-containers-refrigerated/monitoring-containers/_index.md
MINIMAL,21,refrigeration-systems,refrigeration-systems/applications/transport-refrigeration/cargo-containers-refrigerated/temperature-control-containers/_index.md
MINIMAL,21,refrigeration-systems,refrigeration-systems/applications/transport-refrigeration/cryogenic-transport/liquid-nitrogen-transport/_index.md
MINIMAL,21,refrigeration-systems,refrigeration-systems/applications/transport-refrigeration/marine-refrigeration-transport/container-ships-reefers/_index.md
MINIMAL,21,refrigeration-systems,refrigeration-systems/applications/transport-refrigeration/marine-refrigeration-transport/reefer-ships/_index.md
MINIMAL,21,refrigeration-systems,refrigeration-systems/applications/transport-refrigeration/refrigerated-rail-cars/insulated-railcars/_index.md
MINIMAL,21,refrigeration-systems,refrigeration-systems/components-detailed/compressors/performance-parameters/_index.md
MINIMAL,21,refrigeration-systems,refrigeration-systems/components-detailed/compressors/reciprocating/_index.md
MINIMAL,21,refrigeration-systems,refrigeration-systems/components-detailed/evaporators/direct-expansion/_index.md
MINIMAL,21,refrigeration-systems,refrigeration-systems/components-detailed/liquid-overfeed-systems/gravity-recirculation-systems/_index.md
MINIMAL,21,refrigeration-systems,refrigeration-systems/components-detailed/liquid-overfeed-systems/oil-management-overfeed/_index.md
MINIMAL,21,refrigeration-systems,refrigeration-systems/cooling-freezing-times-foods/cooling-time-calculations/_index.md
MINIMAL,21,refrigeration-systems,refrigeration-systems/food-processing-refrigeration/vegetable-processing/leafy-vegetables/spinach-handling/_index.md
MINIMAL,21,specialty-applications-testing,specialty-applications-testing/acoustic-noise-vibration/hvac-equipment-noise/_index.md
MINIMAL,21,specialty-applications-testing,specialty-applications-testing/seismic-wind-flood-resistant-design/seismic-restraints-detailed/anchorage-methods/_index.md
MINIMAL,21,ventilation-indoor-air-quality,ventilation-indoor-air-quality/indoor-air-quality-management/moisture-control/_index.md
MINIMAL,22,controls-automation-building,controls-automation-building/sensors-transducers/flow-measurement/_index.md
MINIMAL,22,ductwork-piping-distribution,ductwork-piping-distribution/ductwork-air-distribution/air-terminals/diffuser-selection-methodology/_index.md
MINIMAL,22,ductwork-piping-distribution,ductwork-piping-distribution/ductwork-air-distribution/air-terminals/specialty-diffusers/_index.md
MINIMAL,22,ductwork-piping-distribution,ductwork-piping-distribution/ductwork-air-distribution/pressure-losses/_index.md
MINIMAL,22,heating-systems,heating-systems/boilers/hot-water-boilers/_index.md
MINIMAL,22,heating-systems,heating-systems/boilers/steam-boilers/_index.md
MINIMAL,22,heating-systems,heating-systems/heat-pumps/ductless-mini-split/_index.md
MINIMAL,22,load-calculations-energy-efficiency,load-calculations-energy-efficiency/energy-efficiency-optimization/economizer-optimization/_index.md
MINIMAL,22,load-calculations-energy-efficiency,load-calculations-energy-efficiency/load-calculation-methods/heating-load-components/_index.md
MINIMAL,22,maintenance-refrigerant-management,maintenance-refrigerant-management/refrigerant-management-safety/leak-detection/_index.md
MINIMAL,22,maintenance-refrigerant-management,maintenance-refrigerant-management/refrigerant-management-safety/safety-practices/_index.md
MINIMAL,22,refrigeration-systems,refrigeration-systems/applications/special-applications/_index.md
MINIMAL,22,refrigeration-systems,refrigeration-systems/applications/transport-refrigeration/cargo-containers-refrigerated/container-refrigeration-units/_index.md
MINIMAL,22,refrigeration-systems,refrigeration-systems/applications/transport-refrigeration/cryogenic-transport/dry-ice-shipping/_index.md
MINIMAL,22,refrigeration-systems,refrigeration-systems/applications/transport-refrigeration/refrigerated-rail-cars/mechanical-refrigeration-railcars/_index.md
MINIMAL,22,refrigeration-systems,refrigeration-systems/applications/transport-refrigeration/refrigerated-trucks-trailers/distribution-trucks/_index.md
MINIMAL,22,refrigeration-systems,refrigeration-systems/applications/transport-refrigeration/transport-temperature-recorders/calibration-validation/_index.md
MINIMAL,22,refrigeration-systems,refrigeration-systems/applications/transport-refrigeration/transport-temperature-recorders/electronic-recorders/_index.md
MINIMAL,22,refrigeration-systems,refrigeration-systems/components-detailed/liquid-overfeed-systems/level-control-receivers/_index.md
MINIMAL,22,refrigeration-systems,refrigeration-systems/components-detailed/liquid-overfeed-systems/pump-selection-sizing/_index.md
MINIMAL,22,refrigeration-systems,refrigeration-systems/components-detailed/liquid-overfeed-systems/system-piping-design/_index.md
MINIMAL,22,refrigeration-systems,refrigeration-systems/cooling-freezing-times-foods/freezing-time-predictions/_index.md
MINIMAL,22,refrigeration-systems,refrigeration-systems/food-processing-refrigeration/fruit-processing/apple-processing/apple-juice-processing/_index.md
MINIMAL,22,refrigeration-systems,refrigeration-systems/food-processing-refrigeration/fruit-processing/apple-processing/controlled-atmosphere-ca-storage/_index.md
MINIMAL,22,refrigeration-systems,refrigeration-systems/food-processing-refrigeration/fruit-processing/tropical-fruit-processing/banana-ripening/_index.md
MINIMAL,22,sustainability-emerging-tech-economics,sustainability-emerging-tech-economics/emerging-hvac-technologies/solar-energy-equipment/performance-analysis/_index.md
MINIMAL,23,air-conditioning-cooling,air-conditioning-cooling/condensers/air-cooled-condensers/_index.md
MINIMAL,23,maintenance-refrigerant-management,maintenance-refrigerant-management/refrigerant-management-safety/brazing-soldering/_index.md
MINIMAL,23,maintenance-refrigerant-management,maintenance-refrigerant-management/refrigerant-management-safety/regulations-compliance/_index.md
MINIMAL,23,refrigeration-systems,refrigeration-systems/components-detailed/condensers/water-cooled/_index.md
MINIMAL,23,refrigeration-systems,refrigeration-systems/food-processing-refrigeration/fruit-processing/fruit-juice-concentration/evaporation-methods/_index.md
MINIMAL,23,refrigeration-systems,refrigeration-systems/refrigerants/regulations-standards/_index.md
MINIMAL,23,sustainability-emerging-tech-economics,sustainability-emerging-tech-economics/computational-methods-research/optimization-techniques/_index.md
MINIMAL,23,sustainability-emerging-tech-economics,sustainability-emerging-tech-economics/emerging-hvac-technologies/solar-energy-equipment/solar-thermal-collectors/flat-plate-collectors/_index.md
MINIMAL,24,heating-systems,heating-systems/furnaces/residential-furnaces/_index.md
MINIMAL,24,heating-systems,heating-systems/heat-pumps/ground-source-heat-pumps/design-considerations/_index.md
MINIMAL,24,load-calculations-energy-efficiency,load-calculations-energy-efficiency/energy-efficiency-optimization/performance-metrics-detailed/_index.md
MINIMAL,24,refrigeration-systems,refrigeration-systems/components-detailed/condensers/air-cooled/_index.md
MINIMAL,24,refrigeration-systems,refrigeration-systems/food-processing-refrigeration/vegetable-processing/leafy-vegetables/lettuce-processing/_index.md
MINIMAL,24,refrigeration-systems,refrigeration-systems/food-processing-refrigeration/vegetable-processing/root-vegetables/potato-storage/_index.md
MINIMAL,25,air-conditioning-cooling,air-conditioning-cooling/cooling-towers/components/_index.md
MINIMAL,25,air-conditioning-cooling,air-conditioning-cooling/system-types/unitary-systems/split-systems/_index.md
MINIMAL,25,ductwork-piping-distribution,ductwork-piping-distribution/piping-systems-hydronic/flow-control-devices/control-valves/_index.md
MINIMAL,25,hvac-fundamentals,hvac-fundamentals/thermodynamics/cycles/_index.md
MINIMAL,25,load-calculations-energy-efficiency,load-calculations-energy-efficiency/load-calculation-methods/cooling-load-components/internal-heat-gains/_index.md
MINIMAL,25,refrigeration-systems,refrigeration-systems/applications/transport-refrigeration/refrigerated-trucks-trailers/trailer-refrigeration/_index.md
MINIMAL,25,refrigeration-systems,refrigeration-systems/applications/transport-refrigeration/refrigerated-trucks-trailers/truck-trailer-tru/_index.md
MINIMAL,25,refrigeration-systems,refrigeration-systems/components-detailed/liquid-overfeed-systems/pump-circulation-systems/_index.md
MINIMAL,25,refrigeration-systems,refrigeration-systems/food-processing-refrigeration/meat-processing/beef-processing/beef-aging-requirements/_index.md
MINIMAL,25,specialty-applications-testing,specialty-applications-testing/specialty-hvac-applications/industrial-process-hvac/_index.md
MINIMAL,25,sustainability-emerging-tech-economics,sustainability-emerging-tech-economics/computational-methods-research/data-analytics-machine-learning/_index.md
MINIMAL,27,ductwork-piping-distribution,ductwork-piping-distribution/ductwork-air-distribution/air-terminals/performance-parameters/_index.md
MINIMAL,28,air-conditioning-cooling,air-conditioning-cooling/cooling-towers/water-treatment/_index.md
MINIMAL,28,controls-automation-building,controls-automation-building/sequences-of-operation-detailed/chiller-plant-sequences/_index.md
MINIMAL,28,heating-systems,heating-systems/boilers/water-treatment/_index.md
MINIMAL,28,hvac-fundamentals,hvac-fundamentals/heat-transfer/radiation/solar-radiation/_index.md
MINIMAL,28,hvac-fundamentals,hvac-fundamentals/thermodynamics/properties/_index.md
MINIMAL,28,refrigeration-systems,refrigeration-systems/applications/transport-refrigeration/refrigerated-trucks-trailers/truck-bodies/_index.md
MINIMAL,28,refrigeration-systems,refrigeration-systems/refrigerants/handling-procedures/_index.md
MINIMAL,29,controls-automation-building,controls-automation-building/sequences-of-operation-detailed/air-handling-unit-sequences/_index.md
MINIMAL,29,ductwork-piping-distribution,ductwork-piping-distribution/piping-systems-hydronic/flow-control-devices/_index.md
MINIMAL,29,heating-systems,heating-systems/combustion-heating/combustion-fundamentals/_index.md
MINIMAL,29,refrigeration-systems,refrigeration-systems/refrigerants/thermophysical-properties/_index.md
MODERATE,31,controls-automation-building,controls-automation-building/sensors-transducers/temperature-sensors-detailed/_index.md
MODERATE,31,ductwork-piping-distribution,ductwork-piping-distribution/ductwork-air-distribution/positive-pressure-systems-detailed/_index.md
MODERATE,32,ventilation-indoor-air-quality,ventilation-indoor-air-quality/ventilation-systems/kitchen-ventilation/_index.md
MODERATE,34,ventilation-indoor-air-quality,ventilation-indoor-air-quality/ventilation-systems/laboratory-ventilation/_index.md
MODERATE,35,heating-systems,heating-systems/radiant-heating/hydronic-radiant/floor-heating/_index.md
MODERATE,36,sustainability-emerging-tech-economics,sustainability-emerging-tech-economics/computational-methods-research/building-energy-simulation/_index.md
MODERATE,37,ductwork-piping-distribution,ductwork-piping-distribution/piping-systems-hydronic/_index.md
MODERATE,37,ductwork-piping-distribution,ductwork-piping-distribution/piping-systems-hydronic/pumps-hydronic/_index.md
MODERATE,41,sustainability-emerging-tech-economics,sustainability-emerging-tech-economics/computational-methods-research/computational-fluid-dynamics/_index.md
MODERATE,51,ductwork-piping-distribution,ductwork-piping-distribution/ductwork-air-distribution/duct-construction-standards/duct-joint-types/rectangular-joints/_index.md
MODERATE,53,agricultural-hvac-systems,agricultural-hvac-systems/biosecurity-hvac/negative-pressure-filtration/_index.md
MODERATE,53,hvac-fundamentals,hvac-fundamentals/building-envelope-moisture/building-envelope-heat-air-moisture-control/drying-potential/diffusion-drying/_index.md
MODERATE,53,hvac-fundamentals,hvac-fundamentals/energy-resources/fossil-fuel-resources/natural-gas-resources/_index.md
MODERATE,53,load-calculations-energy-efficiency,load-calculations-energy-efficiency/load-calculation-methods/_index.md
MODERATE,53,load-calculations-energy-efficiency,load-calculations-energy-efficiency/load-calculation-methods/cooling-load-components/_index.md
MODERATE,57,air-conditioning-cooling,air-conditioning-cooling/chillers/absorption-chillers/absorption-components/_index.md
MODERATE,57,heating-systems,heating-systems/boilers/boiler-types/steel-boilers/_index.md
MODERATE,57,heating-systems,heating-systems/chimney-venting-systems/gas-venting-systems/category-ii-appliances/_index.md
MODERATE,57,heating-systems,heating-systems/chimney-venting-systems/gas-venting-systems/category-iii-appliances/_index.md
MODERATE,57,heating-systems,heating-systems/chimney-venting-systems/gas-venting-systems/category-iv-appliances/_index.md
MODERATE,57,heating-systems,heating-systems/chimney-venting-systems/power-vent-systems/_index.md
MODERATE,57,heating-systems,heating-systems/chimney-venting-systems/venting-design/_index.md
MODERATE,57,heating-systems,heating-systems/radiant-heating/hydronic-radiant/ceiling-heating/_index.md
MODERATE,57,heating-systems,heating-systems/radiant-heating/hydronic-radiant/wall-heating/_index.md
MODERATE,57,hvac-fundamentals,hvac-fundamentals/building-envelope-moisture/mold-growth-prediction/prevention-strategies-design/moisture-control/_index.md
MODERATE,57,load-calculations-energy-efficiency,load-calculations-energy-efficiency/energy-efficiency-optimization/renewable-energy-systems/_index.md
MODERATE,58,project-delivery-methods,project-delivery-methods/procurement-methods/bidding-methods/_index.md
MODERATE,59,load-calculations-energy-efficiency,load-calculations-energy-efficiency/energy-efficiency-optimization/thermal-energy-storage/chilled-water-storage/_index.md
MODERATE,59,load-calculations-energy-efficiency,load-calculations-energy-efficiency/energy-efficiency-optimization/thermal-energy-storage/phase-change-materials/_index.md
MODERATE,59,load-calculations-energy-efficiency,load-calculations-energy-efficiency/load-calculation-methods/cooling-load-components/external-heat-gains/_index.md
GOOD,61,air-conditioning-cooling,air-conditioning-cooling/chillers/vapor-compression-chillers/reciprocating/_index.md
GOOD,61,load-calculations-energy-efficiency,load-calculations-energy-efficiency/energy-efficiency-optimization/climate-characterization-advanced/_index.md
GOOD,61,project-delivery-methods,project-delivery-methods/building-information-modeling-bim/bim-software-platforms/_index.md
GOOD,61,project-delivery-methods,project-delivery-methods/building-information-modeling-bim/bim-software-platforms/analysis-tools/_index.md
GOOD,61,project-delivery-methods,project-delivery-methods/building-information-modeling-bim/bim-software-platforms/coordination-tools/_index.md
GOOD,61,project-delivery-methods,project-delivery-methods/building-information-modeling-bim/bim-software-platforms/fabrication-tools/_index.md
GOOD,61,project-delivery-methods,project-delivery-methods/design-process-workflow/_index.md
GOOD,61,project-delivery-methods,project-delivery-methods/design-process-workflow/construction-documents-phase/cd-reviews-approvals/_index.md
GOOD,63,heating-systems,heating-systems/chimney-venting-systems/safety-requirements/_index.md
GOOD,63,heating-systems,heating-systems/chimney-venting-systems/venting-design/draft-calculations/_index.md
GOOD,63,heating-systems,heating-systems/radiant-heating/hydronic-radiant/_index.md
GOOD,63,load-calculations-energy-efficiency,load-calculations-energy-efficiency/energy-efficiency-optimization/thermal-energy-storage/_index.md
GOOD,63,load-calculations-energy-efficiency,load-calculations-energy-efficiency/energy-efficiency-optimization/thermal-energy-storage/ice-storage/_index.md
GOOD,63,specialty-applications-testing,specialty-applications-testing/specialty-hvac-applications/museums-galleries-archives-libraries/temperature-humidity-control-preservation/metals/_index.md
GOOD,64,specialty-applications-testing,specialty-applications-testing/specialty-hvac-applications/hospitality-facilities/_index.md
GOOD,65,air-conditioning-cooling,air-conditioning-cooling/humidifiers/atomizing-humidifiers/compressed-air-atomization/_index.md
GOOD,65,ductwork-piping-distribution,ductwork-piping-distribution/ductwork-air-distribution/positive-pressure-systems-detailed/applications/_index.md
GOOD,65,hvac-fundamentals,hvac-fundamentals/building-envelope-moisture/building-envelope-heat-air-moisture-control/drying-potential/evaporation/_index.md
GOOD,65,hvac-fundamentals,hvac-fundamentals/building-envelope-moisture/mold-growth-prediction/prevention-strategies-design/material-selection/_index.md
GOOD,65,load-calculations-energy-efficiency,load-calculations-energy-efficiency/energy-efficiency-optimization/_index.md
GOOD,67,agricultural-hvac-systems,agricultural-hvac-systems/biosecurity-hvac/virus-filtration-systems/_index.md
GOOD,67,ductwork-piping-distribution,ductwork-piping-distribution/ductwork-air-distribution/positive-pressure-systems-detailed/moisture-management/_index.md
GOOD,67,hvac-fundamentals,hvac-fundamentals/energy-resources/fossil-fuel-resources/natural-gas-resources/distribution-infrastructure/_index.md
GOOD,67,project-delivery-methods,project-delivery-methods/design-process-workflow/construction-documents-phase/_index.md
GOOD,67,project-delivery-methods,project-delivery-methods/design-process-workflow/construction-documents-phase/cd-coordination/_index.md
GOOD,67,project-delivery-methods,project-delivery-methods/design-process-workflow/coordination-meetings-protocols/client-coordination/_index.md
GOOD,67,project-delivery-methods,project-delivery-methods/design-process-workflow/coordination-meetings-protocols/consultant-coordination/_index.md
GOOD,67,project-delivery-methods,project-delivery-methods/design-process-workflow/coordination-meetings-protocols/design-team-meetings/_index.md
GOOD,68,project-delivery-methods,project-delivery-methods/building-information-modeling-bim/bim-software-platforms/authoring-tools/_index.md
GOOD,69,air-conditioning-cooling,air-conditioning-cooling/chillers/chiller-performance/fouling-factors/_index.md
GOOD,69,air-conditioning-cooling,air-conditioning-cooling/chillers/vapor-compression-chillers/scroll/_index.md
GOOD,69,air-conditioning-cooling,air-conditioning-cooling/humidifiers/atomizing-humidifiers/hydraulic-atomization/_index.md
GOOD,69,air-conditioning-cooling,air-conditioning-cooling/humidifiers/steam-humidifiers/electric-resistance-steam/_index.md
GOOD,69,heating-systems,heating-systems/boilers/boiler-ratings/_index.md
GOOD,69,heating-systems,heating-systems/chimney-venting-systems/direct-vent-systems/_index.md
GOOD,69,heating-systems,heating-systems/radiant-heating/electric-radiant/_index.md
GOOD,69,hvac-fundamentals,hvac-fundamentals/building-envelope-moisture/building-envelope-heat-air-moisture-control/moisture-storage-capacity/sorption-isotherms/_index.md
GOOD,71,hvac-fundamentals,hvac-fundamentals/building-envelope-moisture/building-envelope-heat-air-moisture-control/drying-potential/drying-rate-factors/_index.md
GOOD,71,load-calculations-energy-efficiency,load-calculations-energy-efficiency/load-calculation-methods/calculation-software/_index.md
GOOD,71,load-calculations-energy-efficiency,load-calculations-energy-efficiency/load-calculation-methods/cooling-load-components/external-heat-gains/infiltration-ventilation/_index.md
GOOD,71,load-calculations-energy-efficiency,load-calculations-energy-efficiency/load-calculation-methods/cooling-load-components/external-heat-gains/transmission-heat-gain/_index.md
GOOD,71,load-calculations-energy-efficiency,load-calculations-energy-efficiency/load-calculation-methods/cooling-load-components/radiant-time-series-method/_index.md
GOOD,71,load-calculations-energy-efficiency,load-calculations-energy-efficiency/load-calculation-methods/design-conditions/_index.md
GOOD,71,project-delivery-methods,project-delivery-methods/design-process-workflow/coordination-meetings-protocols/_index.md
GOOD,71,research-specialized-knowledge,research-specialized-knowledge/alternative-refrigeration-cycles/thermoacoustic-refrigeration/_index.md
GOOD,73,air-conditioning-cooling,air-conditioning-cooling/chillers/absorption-chillers/triple-effect-absorption/_index.md
GOOD,73,air-conditioning-cooling,air-conditioning-cooling/humidifiers/steam-humidifiers/gas-fired-steam-humidifiers/_index.md
GOOD,73,air-conditioning-cooling,air-conditioning-cooling/humidifiers/steam-humidifiers/steam-to-steam-humidifiers/_index.md
GOOD,73,hvac-fundamentals,hvac-fundamentals/building-envelope-moisture/building-envelope-heat-air-moisture-control/drying-potential/_index.md
GOOD,73,hvac-fundamentals,hvac-fundamentals/building-envelope-moisture/building-envelope-heat-air-moisture-control/drying-potential/ventilation-drying/_index.md
GOOD,74,research-specialized-knowledge,research-specialized-knowledge/specialized-knowledge-domains/acoustical-engineering-hvac/measurement-techniques/_index.md
GOOD,75,agricultural-hvac-systems,agricultural-hvac-systems/livestock-housing-systems/beef-cattle-housing/_index.md
GOOD,75,ductwork-piping-distribution,ductwork-piping-distribution/ductwork-air-distribution/air-terminals/return-inlets/_index.md
GOOD,75,ductwork-piping-distribution,ductwork-piping-distribution/ductwork-air-distribution/duct-construction-standards/smacna-standards/_index.md
GOOD,75,hvac-fundamentals,hvac-fundamentals/building-envelope-moisture/mold-growth-prediction/prevention-strategies-design/design-details/_index.md
GOOD,76,heating-systems,heating-systems/unit-ventilators-heaters-makeup-air/_index.md
GOOD,76,hvac-fundamentals,hvac-fundamentals/energy-resources/fossil-fuel-resources/_index.md
GOOD,77,air-conditioning-cooling,air-conditioning-cooling/chillers/chiller-performance/controls/_index.md
GOOD,77,air-conditioning-cooling,air-conditioning-cooling/chillers/chiller-performance/efficiency-metrics/_index.md
GOOD,77,air-conditioning-cooling,air-conditioning-cooling/humidifiers/steam-humidifiers/electrode-steam-humidifiers/_index.md
GOOD,77,research-specialized-knowledge,research-specialized-knowledge/alternative-refrigeration-cycles/_index.md
GOOD,78,hvac-fundamentals,hvac-fundamentals/energy-resources/fossil-fuel-resources/natural-gas-resources/composition-properties/_index.md
GOOD,78,research-specialized-knowledge,research-specialized-knowledge/specialized-knowledge-domains/electrical-systems-coordination/control-wiring/_index.md
GOOD,78,specialty-applications-testing,specialty-applications-testing/specialty-hvac-applications/museums-galleries-archives-libraries/temperature-humidity-control-preservation/organic-materials/_index.md
GOOD,79,hvac-fundamentals,hvac-fundamentals/building-envelope-moisture/building-envelope-heat-air-moisture-control/moisture-storage-capacity/hygroscopic-materials/_index.md
GOOD,79,load-calculations-energy-efficiency,load-calculations-energy-efficiency/load-calculation-methods/load-profiles/_index.md
GOOD,81,air-conditioning-cooling,air-conditioning-cooling/humidifiers/evaporative-humidifiers/wetted-media-humidifiers/_index.md
GOOD,81,ductwork-piping-distribution,ductwork-piping-distribution/ductwork-air-distribution/duct-construction-standards/duct-joint-types/round-joints/_index.md
GOOD,81,ductwork-piping-distribution,ductwork-piping-distribution/ductwork-air-distribution/duct-construction-standards/sheet-metal-specifications/_index.md
GOOD,81,ductwork-piping-distribution,ductwork-piping-distribution/ductwork-air-distribution/duct-sizing-considerations/_index.md
GOOD,81,hvac-fundamentals,hvac-fundamentals/building-envelope-moisture/building-envelope-heat-air-moisture-control/moisture-storage-capacity/buffering-capacity/_index.md
GOOD,81,research-specialized-knowledge,research-specialized-knowledge/specialized-knowledge-domains/electrical-systems-coordination/power-requirements/_index.md
GOOD,83,agricultural-hvac-systems,agricultural-hvac-systems/biosecurity-hvac/positive-pressure-filtration/_index.md
GOOD,84,hvac-fundamentals,hvac-fundamentals/building-envelope-moisture/mold-growth-prediction/prevention-strategies-design/temperature-control/_index.md
GOOD,85,air-conditioning-cooling,air-conditioning-cooling/chillers/chiller-performance/operating-parameters/_index.md
GOOD,85,ductwork-piping-distribution,ductwork-piping-distribution/ductwork-air-distribution/duct-construction-standards/duct-construction-classes/_index.md
GOOD,85,load-calculations-energy-efficiency,load-calculations-energy-efficiency/load-calculation-methods/psychrometric-analysis-loads/_index.md
GOOD,85,specialty-applications-testing,specialty-applications-testing/specialty-hvac-applications/natatoriums-indoor-swimming-pools/_index.md
GOOD,86,hvac-fundamentals,hvac-fundamentals/building-envelope-moisture/mold-growth-prediction/prevention-strategies-design/ventilation/_index.md
GOOD,86,research-specialized-knowledge,research-specialized-knowledge/specialized-knowledge-domains/electrical-systems-coordination/_index.md
GOOD,86,research-specialized-knowledge,research-specialized-knowledge/specialized-knowledge-domains/electrical-systems-coordination/emergency-power/_index.md
GOOD,86,specialty-applications-testing,specialty-applications-testing/specialty-hvac-applications/mass-transit-hvac/subway-rail-cars/_index.md
GOOD,87,codes-standards-regulations-safety,codes-standards-regulations-safety/codes-standards-regulations/ashrae-standards-detailed/ashrae-62-1-ventilation-commercial/_index.md
GOOD,87,ductwork-piping-distribution,ductwork-piping-distribution/ductwork-air-distribution/duct-construction-standards/joint-sealing/_index.md
GOOD,87,hvac-fundamentals,hvac-fundamentals/energy-resources/fossil-fuel-resources/natural-gas-resources/proven-reserves/_index.md
GOOD,87,professional-development-training,professional-development-training/specialized-technical-training/commissioning-training/_index.md
GOOD,87,specialty-applications-testing,specialty-applications-testing/specialty-hvac-applications/specialized-cooling-applications/wine-cellars-aging/_index.md
GOOD,88,hvac-fundamentals,hvac-fundamentals/building-envelope-moisture/hygrothermal-material-properties/hygroscopic-moisture-content/_index.md
GOOD,90,controls-automation-building,controls-automation-building/control-theory-fundamentals/feedback-control-fundamentals/_index.md
GOOD,90,professional-development-training,professional-development-training/specialized-technical-training/energy-auditing-training/_index.md
GOOD,90,specialty-applications-testing,specialty-applications-testing/specialty-hvac-applications/power-plants/combined-cycle-plants/_index.md
GOOD,91,agricultural-hvac-systems,agricultural-hvac-systems/biosecurity-hvac/infiltration-exfiltration-control/_index.md
GOOD,91,agricultural-hvac-systems,agricultural-hvac-systems/livestock-housing-systems/poultry-facilities/_index.md
GOOD,91,ductwork-piping-distribution,ductwork-piping-distribution/ductwork-air-distribution/air-terminals/supply-outlets/registers-grilles/_index.md
GOOD,92,codes-standards-regulations-safety,codes-standards-regulations-safety/codes-standards-regulations/ashrae-standards-detailed/ashrae-90-1-energy-standard/_index.md
GOOD,92,research-specialized-knowledge,research-specialized-knowledge/specialized-knowledge-domains/acoustical-engineering-hvac/_index.md
GOOD,94,project-delivery-methods,project-delivery-methods/commissioning-integration/owner-project-requirements-opr/_index.md
GOOD,94,specialty-applications-testing,specialty-applications-testing/specialty-hvac-applications/engine-test-facilities/engine-exhaust-removal/hose-reels/_index.md
GOOD,94,specialty-applications-testing,specialty-applications-testing/specialty-hvac-applications/snow-melting-freeze-protection-systems/antifreeze-solutions/freezing-point-depression/_index.md
GOOD,95,ductwork-piping-distribution,ductwork-piping-distribution/ductwork-air-distribution/air-terminals/supply-outlets/diffusers/_index.md
GOOD,95,specialty-applications-testing,specialty-applications-testing/specialty-hvac-applications/museums-galleries-archives-libraries/rare-book-libraries/_index.md
GOOD,97,heating-systems,heating-systems/cogeneration-chp-systems/prime-movers/reciprocating-engines/_index.md
GOOD,97,research-specialized-knowledge,research-specialized-knowledge/alternative-refrigeration-cycles/thermoelastic-cooling/_index.md
GOOD,97,specialty-applications-testing,specialty-applications-testing/specialty-hvac-applications/_index.md
GOOD,98,specialty-applications-testing,specialty-applications-testing/specialty-hvac-applications/museums-galleries-archives-libraries/temperature-humidity-control-preservation/stone-ceramics/_index.md
GOOD,99,agricultural-hvac-systems,agricultural-hvac-systems/livestock-housing-systems/dairy-barns/_index.md
GOOD,99,specialty-applications-testing,specialty-applications-testing/specialty-hvac-applications/educational-facilities/gymnasiums-natatoriums/high-ceilings-gymnasium/_index.md
GOOD,99,specialty-applications-testing,specialty-applications-testing/specialty-hvac-applications/wood-paper-facilities/paper-mills/_index.md
GOOD,100,controls-automation-building,controls-automation-building/control-theory-fundamentals/pid-control-detailed/_index.md
GOOD,100,hvac-fundamentals,hvac-fundamentals/energy-resources/fossil-fuel-resources/natural-gas-resources/resource-types/_index.md
GOOD,100,specialty-applications-testing,specialty-applications-testing/specialty-hvac-applications/agricultural-drying-storage/tobacco-curing-barns/flue-cured-tobacco/_index.md
EXCELLENT,101,heating-systems,heating-systems/boilers/_index.md
EXCELLENT,101,heating-systems,heating-systems/cogeneration-chp-systems/prime-movers/combustion-gas-turbines/_index.md
EXCELLENT,101,specialty-applications-testing,specialty-applications-testing/specialty-hvac-applications/hospitality-facilities/hotels-motels-hvac/_index.md
EXCELLENT,101,specialty-applications-testing,specialty-applications-testing/specialty-hvac-applications/wood-paper-facilities/plywood-particleboard-plants/_index.md
EXCELLENT,103,agricultural-hvac-systems,agricultural-hvac-systems/livestock-environmental-control/moisture-control-animal-facilities/_index.md
EXCELLENT,103,specialty-applications-testing,specialty-applications-testing/specialty-hvac-applications/industrial-local-exhaust/capture-velocity/velocity-decay/_index.md
EXCELLENT,104,heating-systems,heating-systems/cogeneration-chp-systems/_index.md
EXCELLENT,104,project-delivery-methods,project-delivery-methods/procurement-methods/bidding-methods/negotiated-procurement/_index.md
EXCELLENT,104,specialty-applications-testing,specialty-applications-testing/specialty-hvac-applications/industrial-local-exhaust/fume-extraction/_index.md
EXCELLENT,105,research-specialized-knowledge,research-specialized-knowledge/energy-storage-research/electrical-energy-storage/mechanical-storage/_index.md
EXCELLENT,105,research-specialized-knowledge,research-specialized-knowledge/specialized-knowledge-domains/acoustical-engineering-hvac/sound-transmission/_index.md
EXCELLENT,105,specialty-applications-testing,specialty-applications-testing/specialty-hvac-applications/museums-galleries-archives-libraries/archive-storage-conditions/magnetic-media/_index.md
EXCELLENT,105,specialty-applications-testing,specialty-applications-testing/specialty-hvac-applications/museums-galleries-archives-libraries/collection-materials-requirements/sculpture/_index.md
EXCELLENT,106,specialty-applications-testing,specialty-applications-testing/specialty-hvac-applications/acoustic-considerations-assembly/noise-criteria-venues/_index.md
EXCELLENT,106,specialty-applications-testing,specialty-applications-testing/specialty-hvac-applications/industrial-local-exhaust/dust-collection/baghouses/_index.md
EXCELLENT,106,specialty-applications-testing,specialty-applications-testing/specialty-hvac-applications/museums-galleries-archives-libraries/art-preservation-environments/temperature-stability/_index.md
EXCELLENT,106,specialty-applications-testing,specialty-applications-testing/specialty-hvac-applications/nuclear-facilities-hvac/radiological-zones/clean-zones/_index.md
EXCELLENT,107,air-conditioning-cooling,air-conditioning-cooling/_index.md
EXCELLENT,107,codes-standards-regulations-safety,codes-standards-regulations-safety/codes-standards-regulations/_index.md
EXCELLENT,107,hvac-fundamentals,hvac-fundamentals/building-envelope-moisture/hygrothermal-material-properties/water-vapor-permeability/permeance-values/very-low-permeance/_index.md
EXCELLENT,107,research-specialized-knowledge,research-specialized-knowledge/alternative-refrigeration-cycles/vortex-tube-refrigeration/_index.md
EXCELLENT,107,research-specialized-knowledge,research-specialized-knowledge/specialized-knowledge-domains/structural-coordination/penetrations-openings/_index.md
EXCELLENT,107,specialty-applications-testing,specialty-applications-testing/specialty-hvac-applications/mine-ventilation/main-fans/surface-underground-mounting/_index.md
EXCELLENT,108,hvac-fundamentals,hvac-fundamentals/material-properties/_index.md
EXCELLENT,108,research-specialized-knowledge,research-specialized-knowledge/specialized-knowledge-domains/acoustical-engineering-hvac/noise-control-strategies/_index.md
EXCELLENT,108,specialty-applications-testing,specialty-applications-testing/specialty-hvac-applications/agricultural-drying-storage/hay-drying-storage/moisture-content-15-20-percent/_index.md
EXCELLENT,108,specialty-applications-testing,specialty-applications-testing/specialty-hvac-applications/mine-ventilation/refuge-chambers/_index.md
EXCELLENT,109,agricultural-hvac-systems,agricultural-hvac-systems/livestock-environmental-control/zone-heating-livestock/_index.md
EXCELLENT,109,agricultural-hvac-systems,agricultural-hvac-systems/livestock-housing-systems/animal-welfare-considerations/_index.md
EXCELLENT,109,specialty-applications-testing,specialty-applications-testing/specialty-hvac-applications/specialized-venue-requirements/_index.md
EXCELLENT,110,air-conditioning-cooling,air-conditioning-cooling/system-types/_index.md
EXCELLENT,110,project-delivery-methods,project-delivery-methods/commissioning-integration/basis-of-design-bod/_index.md
EXCELLENT,110,specialty-applications-testing,specialty-applications-testing/specialty-hvac-applications/natatoriums-indoor-swimming-pools/design-conditions-natatoriums/_index.md
EXCELLENT,110,specialty-applications-testing,specialty-applications-testing/specialty-hvac-applications/wood-paper-facilities/lumber-drying-kilns/_index.md
EXCELLENT,111,research-specialized-knowledge,research-specialized-knowledge/specialized-knowledge-domains/structural-coordination/_index.md
EXCELLENT,111,specialty-applications-testing,specialty-applications-testing/specialty-hvac-applications/cleanroom-hvac/pressure-control-cleanroom/_index.md
EXCELLENT,112,project-delivery-methods,project-delivery-methods/procurement-methods/contract-types/unit-price-contract/_index.md
EXCELLENT,113,heating-systems,heating-systems/cogeneration-chp-systems/prime-movers/fuel-cells/_index.md
EXCELLENT,113,hvac-fundamentals,hvac-fundamentals/energy-resources/energy-consumption-patterns/sectoral-energy-use/commercial-sector/_index.md
EXCELLENT,113,research-specialized-knowledge,research-specialized-knowledge/alternative-refrigeration-cycles/hybrid-compression-absorption/_index.md
EXCELLENT,113,research-specialized-knowledge,research-specialized-knowledge/alternative-refrigeration-cycles/membrane-refrigeration/_index.md
EXCELLENT,113,research-specialized-knowledge,research-specialized-knowledge/energy-storage-research/electrical-energy-storage/battery-technologies/_index.md
EXCELLENT,113,specialty-applications-testing,specialty-applications-testing/seismic-wind-flood-resistant-design/wind-load-design/basic-wind-speed/_index.md
EXCELLENT,113,specialty-applications-testing,specialty-applications-testing/specialty-hvac-applications/ships-marine-hvac/commercial-ships/cruise-ships/_index.md
EXCELLENT,114,heating-systems,heating-systems/cogeneration-chp-systems/prime-movers/_index.md
EXCELLENT,114,hvac-fundamentals,hvac-fundamentals/material-properties/secondary-coolant-properties/glycol-solutions/_index.md
EXCELLENT,114,project-delivery-methods,project-delivery-methods/procurement-methods/contract-types/guaranteed-maximum-price-gmp/_index.md
EXCELLENT,114,specialty-applications-testing,specialty-applications-testing/specialty-hvac-applications/museums-galleries-archives-libraries/lighting-hvac-integration/led-lighting/_index.md
EXCELLENT,114,specialty-applications-testing,specialty-applications-testing/specialty-hvac-applications/tall-buildings-high-rise-hvac/stack-effect-tall-buildings/_index.md
EXCELLENT,115,heating-systems,heating-systems/furnaces/_index.md
EXCELLENT,115,hvac-fundamentals,hvac-fundamentals/building-envelope-moisture/mold-growth-prediction/mold-growth-models/vtt-model/_index.md
EXCELLENT,115,hvac-fundamentals,hvac-fundamentals/building-envelope-moisture/mold-growth-prediction/prevention-strategies-design/_index.md
EXCELLENT,115,project-delivery-methods,project-delivery-methods/procurement-methods/bidding-methods/prequalification/_index.md
EXCELLENT,115,research-specialized-knowledge,research-specialized-knowledge/alternative-refrigeration-cycles/ejector-refrigeration/_index.md
EXCELLENT,115,specialty-applications-testing,specialty-applications-testing/specialty-hvac-applications/agricultural-drying-storage/grain-storage-ventilation/moisture-migration-prevention/_index.md
EXCELLENT,116,project-delivery-methods,project-delivery-methods/commissioning-integration/construction-phase-commissioning/_index.md
EXCELLENT,116,specialty-applications-testing,specialty-applications-testing/specialty-hvac-applications/industrial-drying-systems/lumber-kilns/moisture-removal/_index.md
EXCELLENT,116,specialty-applications-testing,specialty-applications-testing/specialty-hvac-applications/nuclear-facilities-hvac/containment-ventilation/_index.md
EXCELLENT,116,specialty-applications-testing,specialty-applications-testing/specialty-hvac-applications/specialized-venue-requirements/ballrooms-banquet/_index.md
EXCELLENT,117,agricultural-hvac-systems,agricultural-hvac-systems/livestock-environmental-control/gas-monitoring-control/_index.md
EXCELLENT,117,agricultural-hvac-systems,agricultural-hvac-systems/waste-management-integration/odor-control-ventilation/_index.md
EXCELLENT,117,specialty-applications-testing,specialty-applications-testing/specialty-hvac-applications/agricultural-drying-storage/tobacco-curing-barns/_index.md
EXCELLENT,117,specialty-applications-testing,specialty-applications-testing/specialty-hvac-applications/fire-emt-stations/training-academies/_index.md
EXCELLENT,117,specialty-applications-testing,specialty-applications-testing/specialty-hvac-applications/industrial-local-exhaust/hood-design-principles/containment/_index.md
EXCELLENT,117,specialty-applications-testing,specialty-applications-testing/specialty-hvac-applications/museums-galleries-archives-libraries/storage-vaults/environmental-control/_index.md
EXCELLENT,118,hvac-fundamentals,hvac-fundamentals/material-properties/secondary-coolant-properties/_index.md
EXCELLENT,118,specialty-applications-testing,specialty-applications-testing/specialty-hvac-applications/natatoriums-indoor-swimming-pools/water-chemistry-hvac-impact/_index.md
EXCELLENT,119,codes-standards-regulations-safety,codes-standards-regulations-safety/codes-standards-regulations/ashrae-standards-detailed/ashrae-90-1-energy-standard/mandatory-provisions/_index.md
EXCELLENT,119,hvac-fundamentals,hvac-fundamentals/energy-resources/fossil-fuel-resources/petroleum-resources/global-reserves/_index.md
EXCELLENT,119,maintenance-refrigerant-management,maintenance-refrigerant-management/maintenance-management/predictive-maintenance/motor-current-analysis/_index.md
EXCELLENT,119,project-delivery-methods,project-delivery-methods/procurement-methods/contract-types/time-and-materials/_index.md
EXCELLENT,119,specialty-applications-testing,specialty-applications-testing/specialty-hvac-applications/aircraft-environmental-control/ventilation-aircraft/_index.md
EXCELLENT,119,specialty-applications-testing,specialty-applications-testing/specialty-hvac-applications/industrial-drying-systems/lumber-kilns/temperature-humidity-control/_index.md
EXCELLENT,119,specialty-applications-testing,specialty-applications-testing/specialty-hvac-applications/ships-marine-hvac/_index.md
EXCELLENT,119,specialty-applications-testing,specialty-applications-testing/specialty-hvac-applications/snow-melting-freeze-protection-systems/slab-design-snow-melt/_index.md
EXCELLENT,119,specialty-applications-testing,specialty-applications-testing/specialty-hvac-applications/tall-buildings-high-rise-hvac/stairwell-pressurization/fire-service-access/_index.md
EXCELLENT,120,codes-standards-regulations-safety,codes-standards-regulations-safety/codes-standards-regulations/nfpa-standards-detailed/nfpa-90b-warm-air-heating/_index.md
EXCELLENT,120,hvac-fundamentals,hvac-fundamentals/energy-resources/energy-consumption-patterns/end-use-profiles/heating-energy-use/_index.md
EXCELLENT,120,specialty-applications-testing,specialty-applications-testing/specialty-hvac-applications/cleanroom-hvac/airflow-patterns/_index.md
EXCELLENT,120,specialty-applications-testing,specialty-applications-testing/specialty-hvac-applications/healthcare-hvac/protective-environment-rooms/_index.md
EXCELLENT,120,specialty-applications-testing,specialty-applications-testing/specialty-hvac-applications/industrial-drying-systems/fluid-bed-dryers/fluidization/_index.md
EXCELLENT,120,specialty-applications-testing,specialty-applications-testing/specialty-hvac-applications/laboratory-hvac/exhaust-systems-laboratory/_index.md
EXCELLENT,120,specialty-applications-testing,specialty-applications-testing/specialty-hvac-applications/mine-ventilation/heat-stress-mines/virgin-rock-temperature/_index.md
EXCELLENT,120,specialty-applications-testing,specialty-applications-testing/specialty-hvac-applications/museums-galleries-archives-libraries/archive-storage-conditions/_index.md
EXCELLENT,120,specialty-applications-testing,specialty-applications-testing/specialty-hvac-applications/museums-galleries-archives-libraries/archive-storage-conditions/paper-storage/_index.md
EXCELLENT,120,specialty-applications-testing,specialty-applications-testing/specialty-hvac-applications/service-water-heating-domestic-hot-water/distribution-systems-dhw/homerun-manifold/_index.md
EXCELLENT,121,controls-automation-building,controls-automation-building/control-theory-fundamentals/control-system-performance-metrics/_index.md
EXCELLENT,121,heating-systems,heating-systems/cogeneration-chp-systems/prime-movers/reciprocating-engines/gas-engines/_index.md
EXCELLENT,121,international-perspectives,international-perspectives/european-standards-practices/_index.md
EXCELLENT,121,project-delivery-methods,project-delivery-methods/construction-administration/bidding-phase/bid-evaluation/bid-analysis/_index.md
EXCELLENT,121,specialty-applications-testing,specialty-applications-testing/specialty-hvac-applications/agricultural-drying-storage/grain-drying-systems/batch-drying/_index.md
EXCELLENT,121,specialty-applications-testing,specialty-applications-testing/specialty-hvac-applications/fire-emt-stations/diesel-exhaust-removal/source-capture-systems/_index.md
EXCELLENT,121,specialty-applications-testing,specialty-applications-testing/specialty-hvac-applications/industrial-drying-systems/fluid-bed-dryers/particle-suspension/_index.md
EXCELLENT,121,specialty-applications-testing,specialty-applications-testing/specialty-hvac-applications/museums-galleries-archives-libraries/art-preservation-environments/_index.md
EXCELLENT,121,specialty-applications-testing,specialty-applications-testing/specialty-hvac-applications/nuclear-facilities-hvac/emergency-ventilation-nuclear/control-room-emergency/_index.md
EXCELLENT,121,specialty-applications-testing,specialty-applications-testing/specialty-hvac-applications/wood-paper-facilities/lumber-drying-kilns/vacuum-kilns/_index.md
EXCELLENT,121,ventilation-indoor-air-quality,ventilation-indoor-air-quality/ventilation-systems/natural-ventilation/hybrid-ventilation/_index.md
EXCELLENT,122,hvac-fundamentals,hvac-fundamentals/building-envelope-moisture/hygrothermal-material-properties/water-vapor-permeability/permeance-values/low-permeance/_index.md
EXCELLENT,122,specialty-applications-testing,specialty-applications-testing/specialty-hvac-applications/museums-galleries-archives-libraries/archive-storage-conditions/film-storage/_index.md
EXCELLENT,122,specialty-applications-testing,specialty-applications-testing/specialty-hvac-applications/museums-galleries-archives-libraries/exhibition-spaces/visitor-loads/_index.md
EXCELLENT,122,specialty-applications-testing,specialty-applications-testing/specialty-hvac-applications/museums-galleries-archives-libraries/storage-vaults/compact-mobile-shelving/_index.md
EXCELLENT,122,specialty-applications-testing,specialty-applications-testing/specialty-hvac-applications/ships-marine-hvac/naval-vessels/_index.md
EXCELLENT,123,controls-automation-building,controls-automation-building/actuators-detailed/hydraulic-actuators/_index.md
EXCELLENT,123,project-delivery-methods,project-delivery-methods/procurement-methods/contract-types/_index.md
EXCELLENT,123,specialty-applications-testing,specialty-applications-testing/specialty-hvac-applications/farm-crops-processing/potato-storage/temperature-38-50f-use-dependent/_index.md
EXCELLENT,123,specialty-applications-testing,specialty-applications-testing/specialty-hvac-applications/mine-ventilation/auxiliary-fans/_index.md
EXCELLENT,123,specialty-applications-testing,specialty-applications-testing/specialty-hvac-applications/places-of-assembly/movie-theaters/seating-density/_index.md
EXCELLENT,124,air-conditioning-cooling,air-conditioning-cooling/system-types/central-air-conditioning/air-water-systems/_index.md
EXCELLENT,124,hvac-fundamentals,hvac-fundamentals/energy-resources/energy-policy/renewable-portfolio-standards/_index.md
EXCELLENT,124,hvac-fundamentals,hvac-fundamentals/energy-resources/fossil-fuel-resources/natural-gas-resources/liquefied-natural-gas-lng/_index.md
EXCELLENT,124,hvac-fundamentals,hvac-fundamentals/energy-resources/renewable-energy-resources/solar-resource-assessment/solar-thermal-applications/_index.md
EXCELLENT,124,specialty-applications-testing,specialty-applications-testing/specialty-hvac-applications/agricultural-drying-storage/controlled-atmosphere-storage-crops/co2-control-1-5-percent/_index.md
EXCELLENT,124,specialty-applications-testing,specialty-applications-testing/specialty-hvac-applications/cleanroom-hvac/classification-standards/_index.md
EXCELLENT,124,specialty-applications-testing,specialty-applications-testing/specialty-hvac-applications/service-water-heating-domestic-hot-water/system-efficiency/distribution-losses/_index.md
EXCELLENT,124,specialty-applications-testing,specialty-applications-testing/specialty-hvac-applications/specialized-cooling-applications/musical-instrument-storage/_index.md
EXCELLENT,124,specialty-applications-testing,specialty-applications-testing/specialty-hvac-applications/tall-buildings-high-rise-hvac/vertical-transportation-equipment/piping-systems/_index.md
EXCELLENT,125,hvac-fundamentals,hvac-fundamentals/energy-resources/fossil-fuel-resources/petroleum-resources/_index.md
EXCELLENT,125,international-perspectives,international-perspectives/asian-standards-practices/chinese-standards/_index.md
EXCELLENT,125,specialty-applications-testing,specialty-applications-testing/specialty-hvac-applications/farm-crops-processing/_index.md
EXCELLENT,125,specialty-applications-testing,specialty-applications-testing/specialty-hvac-applications/fire-emt-stations/fire-stations/training-facilities/_index.md
EXCELLENT,125,specialty-applications-testing,specialty-applications-testing/specialty-hvac-applications/places-of-assembly/houses-of-worship/_index.md
EXCELLENT,125,specialty-applications-testing,specialty-applications-testing/specialty-hvac-applications/snow-melting-freeze-protection-systems/heat-sources-snow-melt/geothermal-systems/_index.md
EXCELLENT,125,specialty-applications-testing,specialty-applications-testing/specialty-hvac-applications/specialized-venue-requirements/ice-rinks-arenas/sub-floor-heating/_index.md
EXCELLENT,125,ventilation-indoor-air-quality,ventilation-indoor-air-quality/indoor-air-quality-management/biosecurity-filtration/_index.md
EXCELLENT,126,specialty-applications-testing,specialty-applications-testing/specialty-hvac-applications/museums-galleries-archives-libraries/archive-storage-conditions/microfilm-storage/_index.md
EXCELLENT,126,specialty-applications-testing,specialty-applications-testing/specialty-hvac-applications/service-water-heating-domestic-hot-water/piping-materials-dhw/_index.md
EXCELLENT,126,specialty-applications-testing,specialty-applications-testing/specialty-hvac-applications/service-water-heating-domestic-hot-water/water-heater-types/heat-pump-water-heaters/_index.md
EXCELLENT,126,specialty-applications-testing,specialty-applications-testing/specialty-hvac-applications/ships-marine-hvac/accommodation-spaces/recreation-spaces/_index.md
EXCELLENT,127,international-perspectives,international-perspectives/climate-specific-design-approaches/desert-arid-climate/characteristics/_index.md
EXCELLENT,127,specialty-applications-testing,specialty-applications-testing/specialty-hvac-applications/educational-facilities/universities-colleges/_index.md
EXCELLENT,128,air-conditioning-cooling,air-conditioning-cooling/system-types/central-air-conditioning/all-air-systems/single-duct/_index.md
EXCELLENT,128,hvac-fundamentals,hvac-fundamentals/energy-resources/fossil-fuel-resources/coal-characteristics/_index.md
EXCELLENT,128,refrigeration-systems,refrigeration-systems/food-processing-refrigeration/poultry-processing/poultry-chilling/chilling-temperature-control/_index.md
EXCELLENT,128,specialty-applications-testing,specialty-applications-testing/seismic-wind-flood-resistant-design/flood-resistant-equipment/submersible-pumps/_index.md
EXCELLENT,128,specialty-applications-testing,specialty-applications-testing/seismic-wind-flood-resistant-design/wind-load-design/asce-7-wind-provisions/_index.md
EXCELLENT,128,specialty-applications-testing,specialty-applications-testing/specialty-hvac-applications/justice-facilities/prisons-jails-hvac/tamper-proof-requirements/_index.md
EXCELLENT,128,specialty-applications-testing,specialty-applications-testing/specialty-hvac-applications/service-water-heating-domestic-hot-water/distribution-systems-dhw/recirculation-systems/dedicated-return/_index.md
EXCELLENT,129,agricultural-hvac-systems,agricultural-hvac-systems/_index.md
EXCELLENT,129,specialty-applications-testing,specialty-applications-testing/specialty-hvac-applications/hospitality-facilities/commercial-kitchens-hotel/grease-removal/_index.md
EXCELLENT,129,specialty-applications-testing,specialty-applications-testing/specialty-hvac-applications/industrial-local-exhaust/hood-static-pressure/duct-losses/_index.md
EXCELLENT,129,specialty-applications-testing,specialty-applications-testing/specialty-hvac-applications/industrial-local-exhaust/hood-static-pressure/entry-losses/_index.md
EXCELLENT,129,specialty-applications-testing,specialty-applications-testing/specialty-hvac-applications/nuclear-facilities-hvac/containment-ventilation/pressure-control/_index.md
EXCELLENT,129,specialty-applications-testing,specialty-applications-testing/specialty-hvac-applications/snow-melting-freeze-protection-systems/application-areas/_index.md
EXCELLENT,129,specialty-applications-testing,specialty-applications-testing/specialty-hvac-applications/snow-melting-freeze-protection-systems/energy-considerations/heat-losses/_index.md
EXCELLENT,129,specialty-applications-testing,specialty-applications-testing/specialty-hvac-applications/specialized-venue-requirements/natatoriums-assembly/pool-evaporation-impact/_index.md
EXCELLENT,129,specialty-applications-testing,specialty-applications-testing/specialty-hvac-applications/tall-buildings-high-rise-hvac/refuge-areas-safe-havens/pressurization-requirements/_index.md
EXCELLENT,130,air-conditioning-cooling,air-conditioning-cooling/chillers/absorption-chillers/_index.md
EXCELLENT,130,ductwork-piping-distribution,ductwork-piping-distribution/ductwork-air-distribution/duct-construction-standards/duct-joint-types/_index.md
EXCELLENT,130,heating-systems,heating-systems/cogeneration-chp-systems/heat-recovery-equipment/_index.md
EXCELLENT,130,heating-systems,heating-systems/heat-pumps/ground-source-heat-pumps/ground-loop-types/horizontal-closed-loop/_index.md
EXCELLENT,130,hvac-fundamentals,hvac-fundamentals/energy-resources/fossil-fuel-resources/petroleum-resources/heating-oil-grades/_index.md
EXCELLENT,130,maintenance-refrigerant-management,maintenance-refrigerant-management/maintenance-management/predictive-maintenance/oil-analysis/_index.md
EXCELLENT,130,specialty-applications-testing,specialty-applications-testing/seismic-wind-flood-resistant-design/equipment-certification/ul-fm-listings/_index.md
EXCELLENT,130,specialty-applications-testing,specialty-applications-testing/specialty-hvac-applications/automobiles-hvac/heating-systems-automotive/engine-coolant-heating/_index.md
EXCELLENT,130,specialty-applications-testing,specialty-applications-testing/specialty-hvac-applications/industrial-local-exhaust/hood-static-pressure/fan-selection/_index.md
EXCELLENT,130,specialty-applications-testing,specialty-applications-testing/specialty-hvac-applications/industrial-local-exhaust/material-conveying/heavy-light-materials/_index.md
EXCELLENT,130,specialty-applications-testing,specialty-applications-testing/specialty-hvac-applications/mine-ventilation/main-fans/axial/_index.md
EXCELLENT,130,specialty-applications-testing,specialty-applications-testing/specialty-hvac-applications/places-of-assembly/lecture-halls/_index.md
EXCELLENT,130,specialty-applications-testing,specialty-applications-testing/specialty-hvac-applications/ships-marine-hvac/seawater-cooling-systems/heat-rejection/_index.md
EXCELLENT,130,specialty-applications-testing,specialty-applications-testing/specialty-hvac-applications/tall-buildings-high-rise-hvac/refuge-areas-safe-havens/fire-department-access-elevators/_index.md
EXCELLENT,130,sustainability-emerging-tech-economics,sustainability-emerging-tech-economics/emerging-hvac-technologies/refrigerants-future/_index.md
EXCELLENT,131,air-conditioning-cooling,air-conditioning-cooling/system-types/central-air-conditioning/all-water-systems/_index.md
EXCELLENT,131,international-perspectives,international-perspectives/european-standards-practices/regional-european-practices/southern-europe-practices/_index.md
EXCELLENT,131,professional-development-training,professional-development-training/professional-certifications/engineering-certifications/_index.md
EXCELLENT,131,specialty-applications-testing,specialty-applications-testing/specialty-hvac-applications/engine-test-facilities/cooling-water-systems/_index.md
EXCELLENT,131,specialty-applications-testing,specialty-applications-testing/specialty-hvac-applications/industrial-local-exhaust/dust-collection/_index.md
EXCELLENT,131,specialty-applications-testing,specialty-applications-testing/specialty-hvac-applications/museums-galleries-archives-libraries/collection-materials-requirements/paintings/_index.md
EXCELLENT,131,specialty-applications-testing,specialty-applications-testing/specialty-hvac-applications/places-of-assembly/theaters-auditoriums/hvac-requirements-theaters/_index.md
EXCELLENT,131,specialty-applications-testing,specialty-applications-testing/specialty-hvac-applications/snow-melting-freeze-protection-systems/controls-snow-melt/sensor-placement/_index.md
EXCELLENT,131,ventilation-indoor-air-quality,ventilation-indoor-air-quality/indoor-air-quality-management/voc-control/_index.md
EXCELLENT,132,air-conditioning-cooling,air-conditioning-cooling/cooling-towers/tower-types/mechanical-draft/_index.md
EXCELLENT,132,codes-standards-regulations-safety,codes-standards-regulations-safety/codes-standards-regulations/ashrae-standards-detailed/ashrae-170-healthcare/_index.md
EXCELLENT,132,controls-automation-building,controls-automation-building/control-theory-fundamentals/feedforward-control-theory/_index.md
EXCELLENT,132,hvac-fundamentals,hvac-fundamentals/energy-resources/energy-policy/incentive-programs/technical-assistance/_index.md
EXCELLENT,132,specialty-applications-testing,specialty-applications-testing/specialty-hvac-applications/industrial-local-exhaust/hood-static-pressure/_index.md
EXCELLENT,132,specialty-applications-testing,specialty-applications-testing/specialty-hvac-applications/mine-ventilation/heat-stress-mines/_index.md
EXCELLENT,132,specialty-applications-testing,specialty-applications-testing/specialty-hvac-applications/service-water-heating-domestic-hot-water/piping-materials-dhw/pex-piping/_index.md
EXCELLENT,133,agricultural-hvac-systems,agricultural-hvac-systems/agricultural-ventilation/_index.md
EXCELLENT,133,air-conditioning-cooling,air-conditioning-cooling/air-handling-units/_index.md
EXCELLENT,133,air-conditioning-cooling,air-conditioning-cooling/cooling-towers/_index.md
EXCELLENT,133,maintenance-refrigerant-management,maintenance-refrigerant-management/maintenance-management/corrective-maintenance/troubleshooting-procedures/_index.md
EXCELLENT,133,specialty-applications-testing,specialty-applications-testing/specialty-hvac-applications/aircraft-environmental-control/cabin-pressurization/pressure-schedules/_index.md
EXCELLENT,133,specialty-applications-testing,specialty-applications-testing/specialty-hvac-applications/natatoriums-indoor-swimming-pools/energy-recovery-pool-applications/combined-heat-recovery/_index.md
EXCELLENT,133,specialty-applications-testing,specialty-applications-testing/specialty-hvac-applications/natatoriums-indoor-swimming-pools/spectator-area-conditioning/separate-systems-requirement/_index.md
EXCELLENT,133,specialty-applications-testing,specialty-applications-testing/specialty-hvac-applications/snow-melting-freeze-protection-systems/electric-snow-melting/electrical-protection/_index.md
EXCELLENT,133,specialty-applications-testing,specialty-applications-testing/specialty-hvac-applications/snow-melting-freeze-protection-systems/hydronic-snow-melting/antifreeze-solutions/_index.md
EXCELLENT,133,specialty-applications-testing,specialty-applications-testing/specialty-hvac-applications/specialized-venue-requirements/exhibition-halls/_index.md
EXCELLENT,133,specialty-applications-testing,specialty-applications-testing/specialty-hvac-applications/specialized-venue-requirements/ice-rinks-arenas/spectator-comfort-rinks/_index.md
EXCELLENT,134,agricultural-hvac-systems,agricultural-hvac-systems/agricultural-ventilation/natural-ventilation-livestock/_index.md
EXCELLENT,134,hvac-fundamentals,hvac-fundamentals/energy-resources/energy-policy/efficiency-standards/labeling-programs/_index.md
EXCELLENT,134,maintenance-refrigerant-management,maintenance-refrigerant-management/refrigerant-management-safety/refrigerant-handling/reclamation/_index.md
EXCELLENT,134,specialty-applications-testing,specialty-applications-testing/specialty-hvac-applications/cleanroom-hvac/filtration-cleanroom/_index.md
EXCELLENT,134,specialty-applications-testing,specialty-applications-testing/specialty-hvac-applications/enclosed-vehicular-facilities/emergency-ventilation-tunnels/smoke-control/_index.md
EXCELLENT,134,specialty-applications-testing,specialty-applications-testing/specialty-hvac-applications/hospitality-facilities/guest-room-hvac-systems/variable-refrigerant-flow-hotels/_index.md
EXCELLENT,134,specialty-applications-testing,specialty-applications-testing/specialty-hvac-applications/industrial-local-exhaust/_index.md
EXCELLENT,134,specialty-applications-testing,specialty-applications-testing/specialty-hvac-applications/places-of-assembly/convention-centers/flexible-zoning/_index.md
EXCELLENT,135,specialty-applications-testing,specialty-applications-testing/seismic-wind-flood-resistant-design/resilient-design-strategies/hardening/_index.md
EXCELLENT,135,specialty-applications-testing,specialty-applications-testing/specialty-hvac-applications/agricultural-drying-storage/grain-drying-systems/continuous-flow-dryers/_index.md
EXCELLENT,135,specialty-applications-testing,specialty-applications-testing/specialty-hvac-applications/industrial-local-exhaust/hood-design-principles/face-velocity/_index.md
EXCELLENT,135,specialty-applications-testing,specialty-applications-testing/specialty-hvac-applications/museums-galleries-archives-libraries/exhibition-spaces/flexible-temperature-humidity/_index.md
EXCELLENT,136,hvac-fundamentals,hvac-fundamentals/energy-resources/energy-policy/carbon-pricing/carbon-pricing-mechanisms/_index.md
EXCELLENT,136,hvac-fundamentals,hvac-fundamentals/energy-resources/renewable-energy-resources/biomass-resources/_index.md
EXCELLENT,136,maintenance-refrigerant-management,maintenance-refrigerant-management/maintenance-management/predictive-maintenance/thermography-ir-inspection/_index.md
EXCELLENT,136,specialty-applications-testing,specialty-applications-testing/acoustic-noise-vibration/sound-attenuation/duct-attenuation/_index.md
EXCELLENT,136,specialty-applications-testing,specialty-applications-testing/specialty-hvac-applications/educational-facilities/portable-classrooms/moisture-control-portable/_index.md
EXCELLENT,136,specialty-applications-testing,specialty-applications-testing/specialty-hvac-applications/enclosed-vehicular-facilities/parking-garages-enclosed/natural-ventilation/_index.md
EXCELLENT,136,specialty-applications-testing,specialty-applications-testing/specialty-hvac-applications/fire-emt-stations/diesel-exhaust-removal/_index.md
EXCELLENT,136,specialty-applications-testing,specialty-applications-testing/specialty-hvac-applications/industrial-drying-systems/conveyor-dryers/hot-air-circulation/_index.md
EXCELLENT,136,specialty-applications-testing,specialty-applications-testing/specialty-hvac-applications/mine-ventilation/diesel-particulate-matter/_index.md
EXCELLENT,136,specialty-applications-testing,specialty-applications-testing/specialty-hvac-applications/natatoriums-indoor-swimming-pools/air-distribution-pools/displacement-ventilation-natatorium/_index.md
EXCELLENT,136,specialty-applications-testing,specialty-applications-testing/specialty-hvac-applications/natatoriums-indoor-swimming-pools/ductwork-corrosion-protection/material-selection/_index.md
EXCELLENT,136,specialty-applications-testing,specialty-applications-testing/specialty-hvac-applications/specialized-venue-requirements/indoor-sports-facilities/tennis-facilities/_index.md
EXCELLENT,137,specialty-applications-testing,specialty-applications-testing/specialty-hvac-applications/automobiles-hvac/electric-vehicle-hvac/_index.md
EXCELLENT,137,specialty-applications-testing,specialty-applications-testing/specialty-hvac-applications/educational-facilities/gymnasiums-natatoriums/_index.md
EXCELLENT,137,specialty-applications-testing,specialty-applications-testing/specialty-hvac-applications/engine-test-facilities/cooling-water-systems/engine-cooling/_index.md
EXCELLENT,137,specialty-applications-testing,specialty-applications-testing/specialty-hvac-applications/engine-test-facilities/noise-control-test-cells/acoustical-treatment/_index.md
EXCELLENT,137,specialty-applications-testing,specialty-applications-testing/specialty-hvac-applications/industrial-drying-systems/conveyor-dryers/tray-dryers/_index.md
EXCELLENT,137,specialty-applications-testing,specialty-applications-testing/specialty-hvac-applications/museums-galleries-archives-libraries/art-preservation-environments/humidity-stability/_index.md
EXCELLENT,138,air-conditioning-cooling,air-conditioning-cooling/humidifiers/_index.md
EXCELLENT,138,controls-automation-building,controls-automation-building/control-theory-fundamentals/pid-control-detailed/derivative-control/_index.md
EXCELLENT,138,heating-systems,heating-systems/heat-pumps/_index.md
EXCELLENT,138,hvac-fundamentals,hvac-fundamentals/building-envelope-moisture/hygrothermal-material-properties/water-vapor-permeability/permeance-values/high-permeance/_index.md
EXCELLENT,138,hvac-fundamentals,hvac-fundamentals/energy-resources/fossil-fuel-resources/petroleum-resources/crude-oil-types/_index.md
EXCELLENT,138,research-specialized-knowledge,research-specialized-knowledge/specialized-knowledge-domains/structural-coordination/vibration-structural-interaction/_index.md
EXCELLENT,138,specialty-applications-testing,specialty-applications-testing/specialty-hvac-applications/agricultural-drying-storage/grain-storage-ventilation/temperature-monitoring/_index.md
EXCELLENT,138,specialty-applications-testing,specialty-applications-testing/specialty-hvac-applications/engine-test-facilities/engine-exhaust-removal/tailpipe-capture/_index.md
EXCELLENT,138,specialty-applications-testing,specialty-applications-testing/specialty-hvac-applications/fire-emt-stations/living-quarters/_index.md
EXCELLENT,138,specialty-applications-testing,specialty-applications-testing/specialty-hvac-applications/industrial-local-exhaust/hood-static-pressure/acceleration/_index.md
EXCELLENT,138,specialty-applications-testing,specialty-applications-testing/specialty-hvac-applications/museums-galleries-archives-libraries/rare-book-libraries/filtration-systems/_index.md
EXCELLENT,138,specialty-applications-testing,specialty-applications-testing/specialty-hvac-applications/natatoriums-indoor-swimming-pools/dehumidification-systems-pools/system-selection-criteria/_index.md
EXCELLENT,138,specialty-applications-testing,specialty-applications-testing/specialty-hvac-applications/specialized-venue-requirements/ice-rinks-arenas/dehumidification-rinks/_index.md
EXCELLENT,138,specialty-applications-testing,specialty-applications-testing/specialty-hvac-applications/specialized-venue-requirements/indoor-sports-facilities/gymnasiums/_index.md
EXCELLENT,138,specialty-applications-testing,specialty-applications-testing/specialty-hvac-applications/tall-buildings-high-rise-hvac/stairwell-pressurization/_index.md
EXCELLENT,139,project-delivery-methods,project-delivery-methods/procurement-methods/contract-types/cost-plus-fee/_index.md
EXCELLENT,139,project-delivery-methods,project-delivery-methods/procurement-methods/contract-types/lump-sum-fixed-price/_index.md
EXCELLENT,139,specialty-applications-testing,specialty-applications-testing/acoustic-noise-vibration/vibration-control/vibration-isolation/isolator-types/_index.md
EXCELLENT,139,specialty-applications-testing,specialty-applications-testing/specialty-hvac-applications/agricultural-drying-storage/tobacco-curing-barns/air-cured-tobacco/_index.md
EXCELLENT,139,specialty-applications-testing,specialty-applications-testing/specialty-hvac-applications/industrial-drying-systems/conveyor-dryers/belt-dryers/_index.md
EXCELLENT,139,specialty-applications-testing,specialty-applications-testing/specialty-hvac-applications/snow-melting-freeze-protection-systems/freeze-protection-piping/pipe-insulation/_index.md
EXCELLENT,139,sustainability-emerging-tech-economics,sustainability-emerging-tech-economics/sustainability-green-building/government-incentive-programs/utility-sponsored-programs/_index.md
EXCELLENT,140,codes-standards-regulations-safety,codes-standards-regulations-safety/codes-standards-regulations/nfpa-standards-detailed/_index.md
EXCELLENT,140,controls-automation-building,controls-automation-building/sensors-transducers/air-quality-sensors-detailed/co2-sensors/_index.md
EXCELLENT,140,hvac-fundamentals,hvac-fundamentals/energy-resources/renewable-energy-resources/solar-resource-assessment/solar-radiation-fundamentals/_index.md
EXCELLENT,140,research-specialized-knowledge,research-specialized-knowledge/specialized-knowledge-domains/structural-coordination/equipment-loads/_index.md
EXCELLENT,140,specialty-applications-testing,specialty-applications-testing/specialty-hvac-applications/agricultural-drying-storage/hay-drying-storage/mow-drying/_index.md
EXCELLENT,140,specialty-applications-testing,specialty-applications-testing/specialty-hvac-applications/industrial-drying-systems/drying-process-fundamentals/moisture-removal/_index.md
EXCELLENT,140,specialty-applications-testing,specialty-applications-testing/specialty-hvac-applications/natatoriums-indoor-swimming-pools/chloramine-control/air-cleaning-technologies/_index.md
EXCELLENT,140,specialty-applications-testing,specialty-applications-testing/specialty-hvac-applications/natatoriums-indoor-swimming-pools/dehumidification-systems-pools/desiccant-dehumidification/_index.md
EXCELLENT,140,specialty-applications-testing,specialty-applications-testing/specialty-hvac-applications/nuclear-facilities-hvac/containment-ventilation/normal-operation/_index.md
EXCELLENT,140,specialty-applications-testing,specialty-applications-testing/specialty-hvac-applications/snow-melting-freeze-protection-systems/heat-flux-requirements/_index.md
EXCELLENT,140,specialty-applications-testing,specialty-applications-testing/specialty-hvac-applications/tall-buildings-high-rise-hvac/high-rise-system-types/chilled-beams/_index.md
EXCELLENT,140,specialty-applications-testing,specialty-applications-testing/specialty-hvac-applications/tall-buildings-high-rise-hvac/zoning-vertical-buildings/redundancy/_index.md
EXCELLENT,141,hvac-fundamentals,hvac-fundamentals/energy-resources/energy-consumption-patterns/temporal-patterns/daily-load-profiles/_index.md
EXCELLENT,141,international-perspectives,international-perspectives/climate-specific-design-approaches/tropical-climate-design/characteristics/_index.md
EXCELLENT,141,specialty-applications-testing,specialty-applications-testing/seismic-wind-flood-resistant-design/tornado-resistant-design/pressure-differential/_index.md
EXCELLENT,141,specialty-applications-testing,specialty-applications-testing/specialty-hvac-applications/automobiles-hvac/cabin-thermal-loads/conduction-loads/_index.md
EXCELLENT,141,specialty-applications-testing,specialty-applications-testing/specialty-hvac-applications/enclosed-vehicular-facilities/vehicle-tunnels/semi-transverse/_index.md
EXCELLENT,141,specialty-applications-testing,specialty-applications-testing/specialty-hvac-applications/engine-test-facilities/engine-exhaust-removal/exhaust-extraction/_index.md
EXCELLENT,141,specialty-applications-testing,specialty-applications-testing/specialty-hvac-applications/mass-transit-hvac/ventilation-requirements-transit/door-opening-infiltration/_index.md
EXCELLENT,141,specialty-applications-testing,specialty-applications-testing/specialty-hvac-applications/printing-plants/paper-conditioning/_index.md
EXCELLENT,141,sustainability-emerging-tech-economics,sustainability-emerging-tech-economics/sustainability-green-building/government-incentive-programs/_index.md
EXCELLENT,142,project-delivery-methods,project-delivery-methods/commissioning-integration/commissioning-plan/_index.md
EXCELLENT,142,specialty-applications-testing,specialty-applications-testing/seismic-wind-flood-resistant-design/seismic-bracing-equipment/vibration-isolation-coordination/_index.md
EXCELLENT,142,specialty-applications-testing,specialty-applications-testing/specialty-hvac-applications/agricultural-drying-storage/controlled-atmosphere-storage-crops/_index.md
EXCELLENT,142,specialty-applications-testing,specialty-applications-testing/specialty-hvac-applications/agricultural-drying-storage/grain-storage-ventilation/aeration-systems/_index.md
EXCELLENT,142,specialty-applications-testing,specialty-applications-testing/specialty-hvac-applications/service-water-heating-domestic-hot-water/heat-pump-water-heaters/cop-2-to-4-efficiency/_index.md
EXCELLENT,142,specialty-applications-testing,specialty-applications-testing/specialty-hvac-applications/service-water-heating-domestic-hot-water/solar-water-heating/flat-plate-vs-evacuated-tube/_index.md
EXCELLENT,142,specialty-applications-testing,specialty-applications-testing/specialty-hvac-applications/service-water-heating-domestic-hot-water/temperature-maintenance/_index.md
EXCELLENT,142,specialty-applications-testing,specialty-applications-testing/specialty-hvac-applications/service-water-heating-domestic-hot-water/water-heater-types/solar-water-heating/flat-plate-collectors/_index.md
EXCELLENT,142,sustainability-emerging-tech-economics,sustainability-emerging-tech-economics/computational-methods-research/ashrae-transfer-functions-detailed/methodology/_index.md
EXCELLENT,142,sustainability-emerging-tech-economics,sustainability-emerging-tech-economics/emerging-hvac-technologies/solar-energy-equipment/solar-thermal-systems/domestic-hot-water/_index.md
EXCELLENT,143,controls-automation-building,controls-automation-building/control-theory-fundamentals/control-valve-actuator-characteristics/_index.md
EXCELLENT,143,hvac-fundamentals,hvac-fundamentals/energy-resources/energy-consumption-patterns/temporal-patterns/peak-demand-characteristics/_index.md
EXCELLENT,143,hvac-fundamentals,hvac-fundamentals/energy-resources/energy-policy/building-energy-codes/model-energy-codes/_index.md
EXCELLENT,143,hvac-fundamentals,hvac-fundamentals/energy-resources/renewable-energy-resources/geothermal-resources/enhanced-geothermal-systems/_index.md
EXCELLENT,143,specialty-applications-testing,specialty-applications-testing/specialty-hvac-applications/automobiles-hvac/heating-systems-automotive/electric-heating-systems/_index.md
EXCELLENT,143,specialty-applications-testing,specialty-applications-testing/specialty-hvac-applications/engine-test-facilities/engine-exhaust-removal/scrubbing/_index.md
EXCELLENT,143,specialty-applications-testing,specialty-applications-testing/specialty-hvac-applications/museums-galleries-archives-libraries/collection-materials-requirements/books-manuscripts/_index.md
EXCELLENT,143,specialty-applications-testing,specialty-applications-testing/specialty-hvac-applications/natatoriums-indoor-swimming-pools/pool-water-evaporation-rates/factors-affecting-evaporation/_index.md
EXCELLENT,143,ventilation-indoor-air-quality,ventilation-indoor-air-quality/indoor-air-quality-management/particulate-matter-control/filter-performance/_index.md
EXCELLENT,144,controls-automation-building,controls-automation-building/sensors-transducers/pressure-sensors-detailed/_index.md
EXCELLENT,144,international-perspectives,international-perspectives/climate-specific-design-approaches/humid-subtropical-climate/characteristics/_index.md
EXCELLENT,144,specialty-applications-testing,specialty-applications-testing/seismic-wind-flood-resistant-design/seismic-bracing-ductwork/max-spacing-40ft/_index.md
EXCELLENT,144,specialty-applications-testing,specialty-applications-testing/specialty-hvac-applications/agricultural-drying-storage/controlled-atmosphere-storage-crops/apple-pear-ca-storage/_index.md
EXCELLENT,144,specialty-applications-testing,specialty-applications-testing/specialty-hvac-applications/agricultural-drying-storage/controlled-atmosphere-storage-crops/oxygen-control-2-3-percent/_index.md
EXCELLENT,144,specialty-applications-testing,specialty-applications-testing/specialty-hvac-applications/educational-facilities/_index.md
EXCELLENT,144,specialty-applications-testing,specialty-applications-testing/specialty-hvac-applications/engine-test-facilities/vibration-isolation/spring-mounts/_index.md
EXCELLENT,144,specialty-applications-testing,specialty-applications-testing/specialty-hvac-applications/hospitality-facilities/commercial-kitchens-hotel/hood-exhaust-systems/_index.md
EXCELLENT,144,specialty-applications-testing,specialty-applications-testing/specialty-hvac-applications/hospitality-facilities/unoccupied-room-setback/comfort-considerations/_index.md
EXCELLENT,144,specialty-applications-testing,specialty-applications-testing/specialty-hvac-applications/laboratory-hvac/makeup-air-laboratory/_index.md
EXCELLENT,144,specialty-applications-testing,specialty-applications-testing/specialty-hvac-applications/museums-galleries-archives-libraries/preventive-conservation/_index.md
EXCELLENT,144,specialty-applications-testing,specialty-applications-testing/specialty-hvac-applications/natatoriums-indoor-swimming-pools/condensation-prevention/structure-condensation/_index.md
EXCELLENT,144,specialty-applications-testing,specialty-applications-testing/specialty-hvac-applications/printing-plants/sheet-fed-press-environments/_index.md
EXCELLENT,144,specialty-applications-testing,specialty-applications-testing/specialty-hvac-applications/printing-plants/web-press-hvac/_index.md
EXCELLENT,144,specialty-applications-testing,specialty-applications-testing/specialty-hvac-applications/specialized-venue-requirements/indoor-sports-facilities/_index.md
EXCELLENT,144,specialty-applications-testing,specialty-applications-testing/specialty-hvac-applications/textile-processing-plants/weaving-processes/fabric-formation/_index.md
EXCELLENT,145,codes-standards-regulations-safety,codes-standards-regulations-safety/health-safety-hvac/personal-protective-equipment-hvac/_index.md
EXCELLENT,145,hvac-fundamentals,hvac-fundamentals/energy-resources/energy-consumption-patterns/temporal-patterns/seasonal-variations/_index.md
EXCELLENT,145,specialty-applications-testing,specialty-applications-testing/specialty-hvac-applications/high-occupancy-density-hvac/cooling-loads-assembly/occupants-dominant-load/_index.md
EXCELLENT,145,specialty-applications-testing,specialty-applications-testing/specialty-hvac-applications/museums-galleries-archives-libraries/_index.md
EXCELLENT,145,specialty-applications-testing,specialty-applications-testing/specialty-hvac-applications/natatoriums-indoor-swimming-pools/pool-water-evaporation-rates/evaporation-rate-equations/_index.md
EXCELLENT,145,specialty-applications-testing,specialty-applications-testing/specialty-hvac-applications/tall-buildings-high-rise-hvac/stack-effect-tall-buildings/neutral-plane/_index.md
EXCELLENT,145,specialty-applications-testing,specialty-applications-testing/specialty-hvac-applications/tall-buildings-high-rise-hvac/stack-effect-tall-buildings/temperature-driving-force/_index.md
EXCELLENT,145,sustainability-emerging-tech-economics,sustainability-emerging-tech-economics/computational-methods-research/ashrae-transfer-functions-detailed/applications/_index.md
EXCELLENT,145,sustainability-emerging-tech-economics,sustainability-emerging-tech-economics/computational-methods-research/temperature-modeling/empirical-equipment-models/_index.md
EXCELLENT,145,sustainability-emerging-tech-economics,sustainability-emerging-tech-economics/emerging-hvac-technologies/_index.md
EXCELLENT,146,hvac-fundamentals,hvac-fundamentals/energy-resources/renewable-energy-resources/wind-resource-assessment/wind-speed-characteristics/_index.md
EXCELLENT,146,international-perspectives,international-perspectives/international-efficiency-metrics/labeling-programs-worldwide/_index.md
EXCELLENT,146,refrigeration-systems,refrigeration-systems/food-processing-refrigeration/meat-processing/_index.md
EXCELLENT,146,specialty-applications-testing,specialty-applications-testing/specialty-hvac-applications/high-occupancy-density-hvac/cooling-loads-assembly/_index.md
EXCELLENT,146,specialty-applications-testing,specialty-applications-testing/specialty-hvac-applications/hospitality-facilities/guest-room-hvac-systems/_index.md
EXCELLENT,146,specialty-applications-testing,specialty-applications-testing/specialty-hvac-applications/natatoriums-indoor-swimming-pools/water-chemistry-hvac-impact/chemical-parameters/_index.md
EXCELLENT,146,specialty-applications-testing,specialty-applications-testing/specialty-hvac-applications/ships-marine-hvac/refrigerated-cargo-systems/_index.md
EXCELLENT,146,sustainability-emerging-tech-economics,sustainability-emerging-tech-economics/sustainability-green-building/government-incentive-programs/regional-programs/_index.md
EXCELLENT,147,hvac-fundamentals,hvac-fundamentals/building-envelope-moisture/hygrothermal-material-properties/water-vapor-permeability/permeance-values/medium-permeance/_index.md
EXCELLENT,147,hvac-fundamentals,hvac-fundamentals/energy-resources/energy-consumption-patterns/temporal-patterns/_index.md
EXCELLENT,147,hvac-fundamentals,hvac-fundamentals/energy-resources/energy-policy/building-energy-codes/_index.md
EXCELLENT,147,hvac-fundamentals,hvac-fundamentals/energy-resources/renewable-energy-resources/solar-resource-assessment/_index.md
EXCELLENT,147,specialty-applications-testing,specialty-applications-testing/specialty-hvac-applications/industrial-drying-systems/rotary-dryers/material-flow/_index.md
EXCELLENT,147,specialty-applications-testing,specialty-applications-testing/specialty-hvac-applications/industrial-drying-systems/spray-dryers/atomization/_index.md
EXCELLENT,147,specialty-applications-testing,specialty-applications-testing/specialty-hvac-applications/natatoriums-indoor-swimming-pools/spectator-area-conditioning/_index.md
EXCELLENT,147,specialty-applications-testing,specialty-applications-testing/specialty-hvac-applications/natatoriums-indoor-swimming-pools/ventilation-rates-natatoriums/outdoor-air-requirements/_index.md
EXCELLENT,147,specialty-applications-testing,specialty-applications-testing/specialty-hvac-applications/service-water-heating-domestic-hot-water/dhw-systems-design/_index.md
EXCELLENT,147,specialty-applications-testing,specialty-applications-testing/specialty-hvac-applications/snow-melting-freeze-protection-systems/application-areas/plaza-courtyards/_index.md
EXCELLENT,148,controls-automation-building,controls-automation-building/sensors-transducers/air-quality-sensors-detailed/particulate-sensors/_index.md
EXCELLENT,148,hvac-fundamentals,hvac-fundamentals/energy-resources/energy-policy/_index.md
EXCELLENT,148,refrigeration-systems,refrigeration-systems/food-processing-refrigeration/meat-processing/meat-freezing-methods/plate-freezing-meat/_index.md
EXCELLENT,148,refrigeration-systems,refrigeration-systems/food-processing-refrigeration/poultry-processing/poultry-freezing/air-blast-freezing-poultry/_index.md
EXCELLENT,148,specialty-applications-testing,specialty-applications-testing/seismic-wind-flood-resistant-design/wind-load-design/topographic-effects/_index.md
EXCELLENT,148,specialty-applications-testing,specialty-applications-testing/specialty-hvac-applications/agricultural-drying-storage/grain-drying-systems/heated-air-drying/_index.md
EXCELLENT,148,specialty-applications-testing,specialty-applications-testing/specialty-hvac-applications/automobiles-hvac/cabin-thermal-loads/_index.md
EXCELLENT,148,specialty-applications-testing,specialty-applications-testing/specialty-hvac-applications/automobiles-hvac/electric-vehicle-hvac/range-impact-hvac/_index.md
EXCELLENT,148,specialty-applications-testing,specialty-applications-testing/specialty-hvac-applications/educational-facilities/demand-controlled-ventilation-classrooms/energy-savings-dcv/_index.md
EXCELLENT,148,specialty-applications-testing,specialty-applications-testing/specialty-hvac-applications/educational-facilities/portable-classrooms/self-contained-units/_index.md
EXCELLENT,148,specialty-applications-testing,specialty-applications-testing/specialty-hvac-applications/hospitality-facilities/laundry-facilities-commercial/humidity-control-laundry/_index.md
EXCELLENT,148,specialty-applications-testing,specialty-applications-testing/specialty-hvac-applications/industrial-local-exhaust/hood-design-principles/_index.md
EXCELLENT,148,specialty-applications-testing,specialty-applications-testing/specialty-hvac-applications/power-plants/fossil-fuel-power-plants/combined-cycle/_index.md
EXCELLENT,148,specialty-applications-testing,specialty-applications-testing/specialty-hvac-applications/printing-plants/ink-drying-systems/heat-set-dryers/_index.md
EXCELLENT,148,specialty-applications-testing,specialty-applications-testing/specialty-hvac-applications/service-water-heating-domestic-hot-water/distribution-systems-dhw/trunk-and-branch/_index.md
EXCELLENT,148,specialty-applications-testing,specialty-applications-testing/specialty-hvac-applications/service-water-heating-domestic-hot-water/water-heater-types/heat-pump-water-heaters/ducted-hpwh/_index.md
EXCELLENT,148,specialty-applications-testing,specialty-applications-testing/specialty-hvac-applications/ships-marine-hvac/accommodation-spaces/bridge-wheelhouse/_index.md
EXCELLENT,148,specialty-applications-testing,specialty-applications-testing/specialty-hvac-applications/snow-melting-freeze-protection-systems/controls-snow-melt/time-delay-settings/_index.md
EXCELLENT,148,specialty-applications-testing,specialty-applications-testing/specialty-hvac-applications/snow-melting-freeze-protection-systems/energy-considerations/system-efficiency/_index.md
EXCELLENT,148,specialty-applications-testing,specialty-applications-testing/specialty-hvac-applications/tall-buildings-high-rise-hvac/pressure-differentials-vertical-shafts/stairwells/_index.md
EXCELLENT,148,specialty-applications-testing,specialty-applications-testing/specialty-hvac-applications/wood-paper-facilities/paper-mills/heat-recovery/_index.md
EXCELLENT,148,specialty-applications-testing,specialty-applications-testing/testing-balancing-commissioning-process/air-systems-testing/airflow-measurement-methods/_index.md
EXCELLENT,148,specialty-applications-testing,specialty-applications-testing/testing-balancing-commissioning-process/functional-performance-testing/_index.md
EXCELLENT,149,air-conditioning-cooling,air-conditioning-cooling/system-types/unitary-systems/_index.md
EXCELLENT,149,codes-standards-regulations-safety,codes-standards-regulations-safety/health-safety-hvac/hazard-communication/_index.md
EXCELLENT,149,controls-automation-building,controls-automation-building/control-theory-fundamentals/cascade-control-theory/_index.md
EXCELLENT,149,specialty-applications-testing,specialty-applications-testing/specialty-hvac-applications/fire-emt-stations/apparatus-bays/_index.md
EXCELLENT,149,specialty-applications-testing,specialty-applications-testing/specialty-hvac-applications/industrial-local-exhaust/fume-extraction/welding-fumes/_index.md
EXCELLENT,149,specialty-applications-testing,specialty-applications-testing/specialty-hvac-applications/mine-ventilation/diesel-particulate-matter/exhaust-treatment/_index.md
EXCELLENT,149,specialty-applications-testing,specialty-applications-testing/specialty-hvac-applications/mine-ventilation/heat-stress-mines/ice/_index.md
EXCELLENT,149,specialty-applications-testing,specialty-applications-testing/specialty-hvac-applications/museums-galleries-archives-libraries/security-hvac-integration/fire-suppression/_index.md
EXCELLENT,149,specialty-applications-testing,specialty-applications-testing/specialty-hvac-applications/service-water-heating-domestic-hot-water/solar-water-heating/_index.md
EXCELLENT,149,specialty-applications-testing,specialty-applications-testing/specialty-hvac-applications/snow-melting-freeze-protection-systems/electric-snow-melting/_index.md
EXCELLENT,149,specialty-applications-testing,specialty-applications-testing/specialty-hvac-applications/snow-melting-freeze-protection-systems/hydronic-snow-melting/fluid-temperature/_index.md
EXCELLENT,149,specialty-applications-testing,specialty-applications-testing/specialty-hvac-applications/snow-melting-freeze-protection-systems/slab-design-snow-melt/expansion-joints/_index.md
EXCELLENT,149,specialty-applications-testing,specialty-applications-testing/specialty-hvac-applications/specialized-venue-requirements/ice-rinks-arenas/ice-surface-control/_index.md
EXCELLENT,149,specialty-applications-testing,specialty-applications-testing/specialty-hvac-applications/tall-buildings-high-rise-hvac/elevator-shaft-pressurization/vestibules/_index.md
EXCELLENT,149,specialty-applications-testing,specialty-applications-testing/specialty-hvac-applications/tall-buildings-high-rise-hvac/refuge-areas-safe-havens/_index.md
EXCELLENT,149,ventilation-indoor-air-quality,ventilation-indoor-air-quality/indoor-air-quality-management/particulate-matter-control/filter-ratings/_index.md
EXCELLENT,150,controls-automation-building,controls-automation-building/sequences-of-operation-detailed/vav-box-sequences/_index.md
EXCELLENT,150,hvac-fundamentals,hvac-fundamentals/energy-resources/energy-policy/efficiency-standards/equipment-efficiency-standards/_index.md
EXCELLENT,150,specialty-applications-testing,specialty-applications-testing/seismic-wind-flood-resistant-design/seismic-design-criteria/importance-factor/_index.md
EXCELLENT,150,specialty-applications-testing,specialty-applications-testing/specialty-hvac-applications/engine-test-facilities/dynamometer-test-cells/water-brake-eddy-current/_index.md
EXCELLENT,150,specialty-applications-testing,specialty-applications-testing/specialty-hvac-applications/industrial-local-exhaust/capture-velocity/_index.md
EXCELLENT,150,specialty-applications-testing,specialty-applications-testing/specialty-hvac-applications/mine-ventilation/methane-control/ventilation-rates/_index.md
EXCELLENT,150,specialty-applications-testing,specialty-applications-testing/specialty-hvac-applications/museums-galleries-archives-libraries/display-case-microclimate/sealed-cases/_index.md
EXCELLENT,150,specialty-applications-testing,specialty-applications-testing/specialty-hvac-applications/snow-melting-freeze-protection-systems/roof-gutter-heating/power-requirements/_index.md
EXCELLENT,150,specialty-applications-testing,specialty-applications-testing/specialty-hvac-applications/specialized-venue-requirements/ballrooms-banquet/flexible-seating/_index.md
EXCELLENT,150,sustainability-emerging-tech-economics,sustainability-emerging-tech-economics/emerging-hvac-technologies/solar-energy-equipment/solar-thermal-collectors/evacuated-tube-collectors/_index.md
EXCELLENT,151,codes-standards-regulations-safety,codes-standards-regulations-safety/codes-standards-regulations/smacna-standards-guidelines/_index.md
EXCELLENT,151,controls-automation-building,controls-automation-building/control-theory-fundamentals/control-loop-stability/_index.md
EXCELLENT,151,hvac-fundamentals,hvac-fundamentals/energy-resources/energy-policy/renewable-portfolio-standards/clean-energy-standards/_index.md
EXCELLENT,151,specialty-applications-testing,specialty-applications-testing/specialty-hvac-applications/mine-ventilation/_index.md
EXCELLENT,151,specialty-applications-testing,specialty-applications-testing/specialty-hvac-applications/natatoriums-indoor-swimming-pools/ductwork-corrosion-protection/design-considerations/_index.md
EXCELLENT,151,specialty-applications-testing,specialty-applications-testing/specialty-hvac-applications/service-water-heating-domestic-hot-water/temperature-maintenance/recirculation-loops/_index.md
EXCELLENT,151,specialty-applications-testing,specialty-applications-testing/specialty-hvac-applications/snow-melting-freeze-protection-systems/slab-design-snow-melt/surface-finish/_index.md
EXCELLENT,151,specialty-applications-testing,specialty-applications-testing/specialty-hvac-applications/tall-buildings-high-rise-hvac/stack-effect-tall-buildings/annual-cycle/_index.md
EXCELLENT,151,specialty-applications-testing,specialty-applications-testing/specialty-hvac-applications/tall-buildings-high-rise-hvac/zoning-vertical-buildings/equipment-rooms-per-zone/_index.md
EXCELLENT,151,specialty-applications-testing,specialty-applications-testing/specialty-hvac-applications/textile-processing-plants/weaving-processes/warp-sizing/_index.md
EXCELLENT,152,hvac-fundamentals,hvac-fundamentals/energy-resources/fossil-fuel-resources/coal-characteristics/distribution-infrastructure/_index.md
EXCELLENT,152,international-perspectives,international-perspectives/european-standards-practices/f-gas-regulation/_index.md
EXCELLENT,152,maintenance-refrigerant-management,maintenance-refrigerant-management/maintenance-management/corrective-maintenance/failure-analysis/_index.md
EXCELLENT,152,maintenance-refrigerant-management,maintenance-refrigerant-management/maintenance-management/predictive-maintenance/vibration-analysis-techniques/_index.md
EXCELLENT,152,specialty-applications-testing,specialty-applications-testing/seismic-wind-flood-resistant-design/hurricane-resistant-design/equipment-anchorage/_index.md
EXCELLENT,152,specialty-applications-testing,specialty-applications-testing/specialty-hvac-applications/automobiles-hvac/climate-control-automatic/sensors-actuators/_index.md
EXCELLENT,152,specialty-applications-testing,specialty-applications-testing/specialty-hvac-applications/hospitality-facilities/conference-centers/audio-visual-heat-loads/_index.md
EXCELLENT,152,specialty-applications-testing,specialty-applications-testing/specialty-hvac-applications/justice-facilities/courthouses/public-areas-courthouse/_index.md
EXCELLENT,152,specialty-applications-testing,specialty-applications-testing/specialty-hvac-applications/places-of-assembly/movie-theaters/projection-heat-loads/_index.md
EXCELLENT,152,specialty-applications-testing,specialty-applications-testing/specialty-hvac-applications/service-water-heating-domestic-hot-water/distribution-systems-dhw/manifold-distribution/_index.md
EXCELLENT,152,specialty-applications-testing,specialty-applications-testing/specialty-hvac-applications/service-water-heating-domestic-hot-water/recirculation-pumps/temperature-controlled/_index.md
EXCELLENT,152,specialty-applications-testing,specialty-applications-testing/specialty-hvac-applications/service-water-heating-domestic-hot-water/water-heater-types/storage-tank-heaters/residential-storage/_index.md
EXCELLENT,153,controls-automation-building,controls-automation-building/interface-devices/_index.md
EXCELLENT,153,heating-systems,heating-systems/cogeneration-chp-systems/emissions-environmental/_index.md
EXCELLENT,153,specialty-applications-testing,specialty-applications-testing/specialty-hvac-applications/acoustic-considerations-assembly/_index.md
EXCELLENT,153,specialty-applications-testing,specialty-applications-testing/specialty-hvac-applications/healthcare-hvac/_index.md
EXCELLENT,153,specialty-applications-testing,specialty-applications-testing/specialty-hvac-applications/museums-galleries-archives-libraries/display-case-microclimate/silica-gel/_index.md
EXCELLENT,153,specialty-applications-testing,specialty-applications-testing/specialty-hvac-applications/museums-galleries-archives-libraries/lighting-hvac-integration/uv-filtering/_index.md
EXCELLENT,153,specialty-applications-testing,specialty-applications-testing/specialty-hvac-applications/service-water-heating-domestic-hot-water/solar-water-heating/flat-plate-vs-evacuated-tube/flat-plate-advantages/_index.md
EXCELLENT,153,specialty-applications-testing,specialty-applications-testing/specialty-hvac-applications/snow-melting-freeze-protection-systems/controls-snow-melt/slab-warmup/_index.md
EXCELLENT,153,specialty-applications-testing,specialty-applications-testing/specialty-hvac-applications/snow-melting-freeze-protection-systems/freeze-protection-piping/_index.md
EXCELLENT,154,controls-automation-building,controls-automation-building/sensors-transducers/air-quality-sensors-detailed/gas-detection/_index.md
EXCELLENT,154,heating-systems,heating-systems/heat-pumps/ground-source-heat-pumps/_index.md
EXCELLENT,154,hvac-fundamentals,hvac-fundamentals/energy-resources/energy-consumption-patterns/sectoral-energy-use/residential-sector/_index.md
EXCELLENT,154,hvac-fundamentals,hvac-fundamentals/energy-resources/energy-policy/efficiency-standards/_index.md
EXCELLENT,154,hvac-fundamentals,hvac-fundamentals/energy-resources/energy-policy/renewable-portfolio-standards/rps-programs/_index.md
EXCELLENT,154,specialty-applications-testing,specialty-applications-testing/specialty-hvac-applications/hospitality-facilities/individual-room-control/card-key-integration/_index.md
EXCELLENT,154,specialty-applications-testing,specialty-applications-testing/specialty-hvac-applications/museums-galleries-archives-libraries/collection-materials-requirements/_index.md
EXCELLENT,154,specialty-applications-testing,specialty-applications-testing/specialty-hvac-applications/museums-galleries-archives-libraries/lighting-hvac-integration/heat-load-from-lighting/_index.md
EXCELLENT,154,specialty-applications-testing,specialty-applications-testing/specialty-hvac-applications/natatoriums-indoor-swimming-pools/design-conditions-natatoriums/temperature-requirements/_index.md
EXCELLENT,154,specialty-applications-testing,specialty-applications-testing/specialty-hvac-applications/variable-occupancy-control/event-mode-operation/full-capacity-mode/_index.md
EXCELLENT,154,sustainability-emerging-tech-economics,sustainability-emerging-tech-economics/emerging-hvac-technologies/solar-energy-equipment/_index.md
EXCELLENT,155,air-conditioning-cooling,air-conditioning-cooling/chillers/_index.md
EXCELLENT,155,codes-standards-regulations-safety,codes-standards-regulations-safety/codes-standards-regulations/ul-standards-certifications/_index.md
EXCELLENT,155,controls-automation-building,controls-automation-building/control-theory-fundamentals/_index.md
EXCELLENT,155,controls-automation-building,controls-automation-building/control-theory-fundamentals/transfer-functions/_index.md
EXCELLENT,155,hvac-fundamentals,hvac-fundamentals/_index.md
EXCELLENT,155,hvac-fundamentals,hvac-fundamentals/building-envelope-moisture/hygrothermal-material-properties/water-vapor-permeability/permeance-values/_index.md
EXCELLENT,155,specialty-applications-testing,specialty-applications-testing/specialty-hvac-applications/aircraft-environmental-control/cabin-pressurization/outflow-valves/_index.md
EXCELLENT,155,specialty-applications-testing,specialty-applications-testing/specialty-hvac-applications/cleanroom-hvac/_index.md
EXCELLENT,155,specialty-applications-testing,specialty-applications-testing/specialty-hvac-applications/enclosed-vehicular-facilities/parking-garages-enclosed/ventilation-systems/_index.md
EXCELLENT,155,specialty-applications-testing,specialty-applications-testing/specialty-hvac-applications/justice-facilities/tamper-proof-equipment/_index.md
EXCELLENT,155,specialty-applications-testing,specialty-applications-testing/specialty-hvac-applications/mine-ventilation/diesel-particulate-matter/filtration/_index.md
EXCELLENT,155,specialty-applications-testing,specialty-applications-testing/specialty-hvac-applications/service-water-heating-domestic-hot-water/water-heater-types/solar-water-heating/evacuated-tube-collectors/_index.md
EXCELLENT,155,specialty-applications-testing,specialty-applications-testing/specialty-hvac-applications/snow-melting-freeze-protection-systems/roof-gutter-heating/_index.md
EXCELLENT,155,specialty-applications-testing,specialty-applications-testing/specialty-hvac-applications/tall-buildings-high-rise-hvac/_index.md
EXCELLENT,155,specialty-applications-testing,specialty-applications-testing/specialty-hvac-applications/textile-processing-plants/humidity-control-textile/fiber-moisture-pickup/_index.md
EXCELLENT,155,specialty-applications-testing,specialty-applications-testing/specialty-hvac-applications/wood-paper-facilities/plywood-particleboard-plants/exhaust-requirements/_index.md
EXCELLENT,156,international-perspectives,international-perspectives/cross-cultural-considerations/operational-practices/_index.md
EXCELLENT,156,international-perspectives,international-perspectives/developing-world-applications/_index.md
EXCELLENT,156,specialty-applications-testing,specialty-applications-testing/seismic-wind-flood-resistant-design/tornado-resistant-design/ef0-ef5-scale/_index.md
EXCELLENT,156,specialty-applications-testing,specialty-applications-testing/specialty-hvac-applications/automobiles-hvac/electric-vehicle-hvac/battery-thermal-management/_index.md
EXCELLENT,156,specialty-applications-testing,specialty-applications-testing/specialty-hvac-applications/natatoriums-indoor-swimming-pools/air-distribution-pools/_index.md
EXCELLENT,156,specialty-applications-testing,specialty-applications-testing/specialty-hvac-applications/natatoriums-indoor-swimming-pools/ductwork-corrosion-protection/_index.md
EXCELLENT,156,specialty-applications-testing,specialty-applications-testing/specialty-hvac-applications/places-of-assembly/convention-centers/meeting-rooms/_index.md
EXCELLENT,156,specialty-applications-testing,specialty-applications-testing/specialty-hvac-applications/service-water-heating-domestic-hot-water/dhw-systems-design/tankless-on-demand/_index.md
EXCELLENT,156,specialty-applications-testing,specialty-applications-testing/specialty-hvac-applications/service-water-heating-domestic-hot-water/system-efficiency/insulation-requirements/_index.md
EXCELLENT,156,specialty-applications-testing,specialty-applications-testing/specialty-hvac-applications/snow-melting-freeze-protection-systems/electric-snow-melting/heating-mats/_index.md
EXCELLENT,156,specialty-applications-testing,specialty-applications-testing/specialty-hvac-applications/tall-buildings-high-rise-hvac/vertical-transportation-equipment/_index.md
EXCELLENT,156,specialty-applications-testing,specialty-applications-testing/specialty-hvac-applications/textile-processing-plants/humidity-control-textile/spinning-65-70-rh/_index.md
EXCELLENT,157,hvac-fundamentals,hvac-fundamentals/energy-resources/fossil-fuel-resources/coal-characteristics/composition-properties/_index.md
EXCELLENT,157,hvac-fundamentals,hvac-fundamentals/energy-resources/fossil-fuel-resources/petroleum-resources/distribution-infrastructure/_index.md
EXCELLENT,157,project-delivery-methods,project-delivery-methods/procurement-methods/bidding-methods/competitive-bidding/_index.md
EXCELLENT,157,specialty-applications-testing,specialty-applications-testing/specialty-hvac-applications/aircraft-environmental-control/bleed-air-systems/_index.md
EXCELLENT,157,specialty-applications-testing,specialty-applications-testing/specialty-hvac-applications/educational-facilities/school-cafeterias/kitchen-exhaust-school/_index.md
EXCELLENT,157,specialty-applications-testing,specialty-applications-testing/specialty-hvac-applications/high-occupancy-density-hvac/occupant-loads/_index.md
EXCELLENT,157,specialty-applications-testing,specialty-applications-testing/specialty-hvac-applications/industrial-drying-systems/rotary-dryers/grain-minerals/_index.md
EXCELLENT,157,specialty-applications-testing,specialty-applications-testing/specialty-hvac-applications/places-of-assembly/movie-theaters/_index.md
EXCELLENT,157,specialty-applications-testing,specialty-applications-testing/specialty-hvac-applications/places-of-assembly/theaters-auditoriums/movie-theaters/_index.md
EXCELLENT,157,specialty-applications-testing,specialty-applications-testing/specialty-hvac-applications/snow-melting-freeze-protection-systems/freeze-protection-piping/glycol-solutions-piping/_index.md
EXCELLENT,157,specialty-applications-testing,specialty-applications-testing/specialty-hvac-applications/tall-buildings-high-rise-hvac/wind-effects-tall-buildings/cladding-leakage/_index.md
EXCELLENT,157,specialty-applications-testing,specialty-applications-testing/testing-balancing-commissioning-process/_index.md
EXCELLENT,158,ductwork-piping-distribution,ductwork-piping-distribution/ductwork-air-distribution/air-terminals/_index.md
EXCELLENT,158,hvac-fundamentals,hvac-fundamentals/energy-resources/fossil-fuel-resources/petroleum-resources/heating-oil-grades/no-2-heating-oil/_index.md
EXCELLENT,158,specialty-applications-testing,specialty-applications-testing/specialty-hvac-applications/automobiles-hvac/cabin-thermal-loads/occupant-loads/_index.md
EXCELLENT,158,specialty-applications-testing,specialty-applications-testing/specialty-hvac-applications/automobiles-hvac/refrigerant-systems-automotive/system-design/_index.md
EXCELLENT,158,specialty-applications-testing,specialty-applications-testing/specialty-hvac-applications/educational-facilities/classrooms-hvac/acoustics-hvac-classroom/_index.md
EXCELLENT,158,specialty-applications-testing,specialty-applications-testing/specialty-hvac-applications/healthcare-hvac/ashrae-170-requirements/_index.md
EXCELLENT,158,specialty-applications-testing,specialty-applications-testing/specialty-hvac-applications/high-occupancy-density-hvac/occupant-loads/latent-loads-occupancy/_index.md
EXCELLENT,158,specialty-applications-testing,specialty-applications-testing/specialty-hvac-applications/museums-galleries-archives-libraries/lighting-hvac-integration/fiber-optics/_index.md
EXCELLENT,158,specialty-applications-testing,specialty-applications-testing/specialty-hvac-applications/museums-galleries-archives-libraries/storage-vaults/_index.md
EXCELLENT,158,specialty-applications-testing,specialty-applications-testing/specialty-hvac-applications/natatoriums-indoor-swimming-pools/design-conditions-natatoriums/design-considerations/_index.md
EXCELLENT,158,specialty-applications-testing,specialty-applications-testing/specialty-hvac-applications/nuclear-facilities-hvac/nuclear-safety-hvac/_index.md
EXCELLENT,158,specialty-applications-testing,specialty-applications-testing/specialty-hvac-applications/power-plants/turbine-hall-ventilation/heat-removal/_index.md
EXCELLENT,158,specialty-applications-testing,specialty-applications-testing/specialty-hvac-applications/service-water-heating-domestic-hot-water/water-heater-sizing/btu-per-hour-input/_index.md
EXCELLENT,158,specialty-applications-testing,specialty-applications-testing/specialty-hvac-applications/snow-melting-freeze-protection-systems/heat-sources-snow-melt/_index.md
EXCELLENT,158,specialty-applications-testing,specialty-applications-testing/specialty-hvac-applications/textile-processing-plants/_index.md
EXCELLENT,158,specialty-applications-testing,specialty-applications-testing/specialty-hvac-applications/textile-processing-plants/lint-control/filtration/_index.md
EXCELLENT,158,specialty-applications-testing,specialty-applications-testing/specialty-hvac-applications/variable-occupancy-control/event-mode-operation/real-time-adjustment/_index.md
EXCELLENT,158,specialty-applications-testing,specialty-applications-testing/specialty-hvac-applications/wood-paper-facilities/lumber-drying-kilns/conventional-kilns/_index.md
EXCELLENT,159,hvac-fundamentals,hvac-fundamentals/energy-resources/fossil-fuel-resources/natural-gas-resources/extraction-production/_index.md
EXCELLENT,159,maintenance-refrigerant-management,maintenance-refrigerant-management/maintenance-management/predictive-maintenance/performance-trending/_index.md
EXCELLENT,159,maintenance-refrigerant-management,maintenance-refrigerant-management/refrigerant-management-safety/refrigerant-handling/recycling-procedures/_index.md
EXCELLENT,159,specialty-applications-testing,specialty-applications-testing/specialty-hvac-applications/educational-facilities/school-cafeterias/_index.md
EXCELLENT,159,specialty-applications-testing,specialty-applications-testing/specialty-hvac-applications/industrial-local-exhaust/material-conveying/saltation-velocity/_index.md
EXCELLENT,159,specialty-applications-testing,specialty-applications-testing/specialty-hvac-applications/mine-ventilation/main-fans/centrifugal/_index.md
EXCELLENT,159,specialty-applications-testing,specialty-applications-testing/specialty-hvac-applications/places-of-assembly/convention-centers/load-diversity-convention/_index.md
EXCELLENT,159,specialty-applications-testing,specialty-applications-testing/specialty-hvac-applications/printing-plants/ink-drying-systems/_index.md
EXCELLENT,159,specialty-applications-testing,specialty-applications-testing/specialty-hvac-applications/service-water-heating-domestic-hot-water/solar-water-heating/glycol-vs-drainback/_index.md
EXCELLENT,159,specialty-applications-testing,specialty-applications-testing/specialty-hvac-applications/snow-melting-freeze-protection-systems/slab-design-snow-melt/concrete-thickness/_index.md
EXCELLENT,160,heating-systems,heating-systems/cogeneration-chp-systems/fundamentals/_index.md
EXCELLENT,160,heating-systems,heating-systems/unit-ventilators-heaters-makeup-air/unit-ventilators/_index.md
EXCELLENT,160,hvac-fundamentals,hvac-fundamentals/energy-resources/fossil-fuel-resources/coal-characteristics/heating-values/_index.md
EXCELLENT,160,project-delivery-methods,project-delivery-methods/building-information-modeling-bim/_index.md
EXCELLENT,160,specialty-applications-testing,specialty-applications-testing/specialty-hvac-applications/aircraft-environmental-control/temperature-control-aircraft/cargo-temperature-control/_index.md
EXCELLENT,160,specialty-applications-testing,specialty-applications-testing/specialty-hvac-applications/enclosed-vehicular-facilities/_index.md
EXCELLENT,160,specialty-applications-testing,specialty-applications-testing/specialty-hvac-applications/fire-emt-stations/living-quarters/fitness/_index.md
EXCELLENT,160,specialty-applications-testing,specialty-applications-testing/specialty-hvac-applications/museums-galleries-archives-libraries/storage-vaults/high-density-storage/_index.md
EXCELLENT,160,specialty-applications-testing,specialty-applications-testing/specialty-hvac-applications/nuclear-facilities-hvac/hepa-filtration-nuclear/_index.md
EXCELLENT,160,specialty-applications-testing,specialty-applications-testing/specialty-hvac-applications/smoke-control-large-volumes/atrium-smoke-control/makeup-air-atrium/_index.md
EXCELLENT,160,specialty-applications-testing,specialty-applications-testing/specialty-hvac-applications/smoke-control-large-volumes/large-volume-spaces/_index.md
EXCELLENT,160,specialty-applications-testing,specialty-applications-testing/specialty-hvac-applications/tall-buildings-high-rise-hvac/compartmentalization-strategies/vertical-zoning/_index.md
EXCELLENT,160,specialty-applications-testing,specialty-applications-testing/specialty-hvac-applications/tall-buildings-high-rise-hvac/fire-service-access-elevators/_index.md
EXCELLENT,160,specialty-applications-testing,specialty-applications-testing/specialty-hvac-applications/tall-buildings-high-rise-hvac/vertical-transportation-equipment/pressure-zones/_index.md
EXCELLENT,160,specialty-applications-testing,specialty-applications-testing/specialty-hvac-applications/textile-processing-plants/air-washing-systems/_index.md
EXCELLENT,161,maintenance-refrigerant-management,maintenance-refrigerant-management/_index.md
EXCELLENT,161,specialty-applications-testing,specialty-applications-testing/seismic-wind-flood-resistant-design/wind-load-design/_index.md
EXCELLENT,161,specialty-applications-testing,specialty-applications-testing/specialty-hvac-applications/high-occupancy-density-hvac/heating-loads-assembly/_index.md
EXCELLENT,161,specialty-applications-testing,specialty-applications-testing/specialty-hvac-applications/industrial-drying-systems/drying-process-fundamentals/_index.md
EXCELLENT,161,specialty-applications-testing,specialty-applications-testing/specialty-hvac-applications/industrial-drying-systems/rotary-dryers/drum-rotation/_index.md
EXCELLENT,161,specialty-applications-testing,specialty-applications-testing/specialty-hvac-applications/natatoriums-indoor-swimming-pools/air-distribution-pools/overhead-distribution/_index.md
EXCELLENT,161,specialty-applications-testing,specialty-applications-testing/specialty-hvac-applications/places-of-assembly/arenas-stadiums/_index.md
EXCELLENT,161,specialty-applications-testing,specialty-applications-testing/specialty-hvac-applications/places-of-assembly/arenas-stadiums/domed-stadiums/_index.md
EXCELLENT,161,specialty-applications-testing,specialty-applications-testing/specialty-hvac-applications/service-water-heating-domestic-hot-water/recirculation-pumps/aquastat-control/_index.md
EXCELLENT,161,specialty-applications-testing,specialty-applications-testing/specialty-hvac-applications/service-water-heating-domestic-hot-water/water-heater-types/indirect-water-heaters/_index.md
EXCELLENT,161,specialty-applications-testing,specialty-applications-testing/specialty-hvac-applications/textile-processing-plants/air-washing-systems/spray-chambers/_index.md
EXCELLENT,161,specialty-applications-testing,specialty-applications-testing/specialty-hvac-applications/textile-processing-plants/humidity-control-textile/_index.md
EXCELLENT,162,agricultural-hvac-systems,agricultural-hvac-systems/agricultural-ventilation/tunnel-ventilation-livestock/_index.md
EXCELLENT,162,air-conditioning-cooling,air-conditioning-cooling/system-types/central-air-conditioning/all-air-systems/_index.md
EXCELLENT,162,heating-systems,heating-systems/furnaces/commercial-furnaces/_index.md
EXCELLENT,162,international-perspectives,international-perspectives/climate-specific-design-approaches/cold-climate-design/equipment-considerations/_index.md
EXCELLENT,162,international-perspectives,international-perspectives/climate-specific-design-approaches/cold-climate-design/hvac-strategies/_index.md
EXCELLENT,162,international-perspectives,international-perspectives/climate-specific-design-approaches/humid-subtropical-climate/_index.md
EXCELLENT,162,professional-development-training,professional-development-training/professional-certifications/technician-certifications/epa-refrigerant-certifications/_index.md
EXCELLENT,162,specialty-applications-testing,specialty-applications-testing/specialty-hvac-applications/aircraft-environmental-control/aircraft-ecs-systems/_index.md
EXCELLENT,162,specialty-applications-testing,specialty-applications-testing/specialty-hvac-applications/educational-facilities/universities-colleges/lecture-halls/_index.md
EXCELLENT,162,specialty-applications-testing,specialty-applications-testing/specialty-hvac-applications/engine-test-facilities/vibration-isolation/floor-isolation/_index.md
EXCELLENT,162,specialty-applications-testing,specialty-applications-testing/specialty-hvac-applications/farm-crops-processing/fruit-storage-facilities/ca-storage-fruits/_index.md
EXCELLENT,162,specialty-applications-testing,specialty-applications-testing/specialty-hvac-applications/industrial-drying-systems/spray-dryers/chamber-design/_index.md
EXCELLENT,162,specialty-applications-testing,specialty-applications-testing/specialty-hvac-applications/mine-ventilation/methane-control/lel-limits/_index.md
EXCELLENT,162,specialty-applications-testing,specialty-applications-testing/specialty-hvac-applications/nuclear-facilities-hvac/fuel-handling-areas/radiation-protection/_index.md
EXCELLENT,162,specialty-applications-testing,specialty-applications-testing/specialty-hvac-applications/places-of-assembly/theaters-auditoriums/legitimate-theaters/_index.md
EXCELLENT,162,specialty-applications-testing,specialty-applications-testing/specialty-hvac-applications/service-water-heating-domestic-hot-water/solar-water-heating/flat-plate-vs-evacuated-tube/evacuated-tube-advantages/_index.md
EXCELLENT,162,specialty-applications-testing,specialty-applications-testing/specialty-hvac-applications/specialized-venue-requirements/ballrooms-banquet/kitchen-adjacency/_index.md
EXCELLENT,162,specialty-applications-testing,specialty-applications-testing/specialty-hvac-applications/tall-buildings-high-rise-hvac/pressure-differentials-vertical-shafts/elevator-shafts/_index.md
EXCELLENT,162,specialty-applications-testing,specialty-applications-testing/specialty-hvac-applications/tall-buildings/_index.md
EXCELLENT,162,sustainability-emerging-tech-economics,sustainability-emerging-tech-economics/sustainability-green-building/carbon-reduction-strategies/carbon-sequestration/_index.md
EXCELLENT,163,air-conditioning-cooling,air-conditioning-cooling/psychrometrics/_index.md
EXCELLENT,163,controls-automation-building,controls-automation-building/sensors-transducers/air-quality-sensors-detailed/voc-sensors/_index.md
EXCELLENT,163,heating-systems,heating-systems/heat-pumps/air-source-heat-pumps/auxiliary-heating/_index.md
EXCELLENT,163,refrigeration-systems,refrigeration-systems/food-processing-refrigeration/poultry-processing/cold-storage-poultry/_index.md
EXCELLENT,163,specialty-applications-testing,specialty-applications-testing/acoustic-noise-vibration/noise-criteria/_index.md
EXCELLENT,163,specialty-applications-testing,specialty-applications-testing/seismic-wind-flood-resistant-design/seismic-bracing-piping/max-spacing-by-pipe-size/_index.md
EXCELLENT,163,specialty-applications-testing,specialty-applications-testing/specialty-hvac-applications/agricultural-drying-storage/_index.md
EXCELLENT,163,specialty-applications-testing,specialty-applications-testing/specialty-hvac-applications/farm-crops-processing/seed-storage/temperature-32-50f/_index.md
EXCELLENT,163,specialty-applications-testing,specialty-applications-testing/specialty-hvac-applications/high-occupancy-density-hvac/occupant-loads/metabolic-heat-gain/_index.md
EXCELLENT,163,specialty-applications-testing,specialty-applications-testing/specialty-hvac-applications/high-occupancy-density-hvac/ventilation-requirements/_index.md
EXCELLENT,163,specialty-applications-testing,specialty-applications-testing/specialty-hvac-applications/industrial-drying-systems/drying-process-fundamentals/constant-falling-rate-periods/_index.md
EXCELLENT,163,specialty-applications-testing,specialty-applications-testing/specialty-hvac-applications/industrial-local-exhaust/dust-collection/cartridge-filters/_index.md
EXCELLENT,163,specialty-applications-testing,specialty-applications-testing/specialty-hvac-applications/museums-galleries-archives-libraries/collection-materials-requirements/paper-works/_index.md
EXCELLENT,163,specialty-applications-testing,specialty-applications-testing/specialty-hvac-applications/museums-galleries-archives-libraries/security-hvac-integration/_index.md
EXCELLENT,163,specialty-applications-testing,specialty-applications-testing/specialty-hvac-applications/natatoriums-indoor-swimming-pools/energy-recovery-pool-applications/pool-water-heat-recovery/_index.md
EXCELLENT,163,specialty-applications-testing,specialty-applications-testing/specialty-hvac-applications/smoke-control-large-volumes/egress-protection/exit-corridor-protection/_index.md
EXCELLENT,163,specialty-applications-testing,specialty-applications-testing/specialty-hvac-applications/snow-melting-freeze-protection-systems/heat-sources-snow-melt/waste-heat-recovery/_index.md
EXCELLENT,163,specialty-applications-testing,specialty-applications-testing/specialty-hvac-applications/snow-melting-freeze-protection-systems/slab-design-snow-melt/tubing-placement/_index.md
EXCELLENT,163,specialty-applications-testing,specialty-applications-testing/specialty-hvac-applications/tall-buildings-high-rise-hvac/central-vs-distributed-systems/_index.md
EXCELLENT,163,specialty-applications-testing,specialty-applications-testing/specialty-hvac-applications/textile-processing-plants/spinning-processes/_index.md
EXCELLENT,163,specialty-applications-testing,specialty-applications-testing/specialty-hvac-applications/wood-paper-facilities/paper-mills/humidity-control-paper-mills/_index.md
EXCELLENT,164,ductwork-piping-distribution,ductwork-piping-distribution/ductwork-air-distribution/air-terminals/supply-outlets/_index.md
EXCELLENT,164,hvac-fundamentals,hvac-fundamentals/building-envelope-moisture/hygrothermal-material-properties/water-vapor-permeability/_index.md
EXCELLENT,164,hvac-fundamentals,hvac-fundamentals/building-envelope-moisture/hygrothermal-material-properties/water-vapor-permeability/materials-comparison/_index.md
EXCELLENT,164,specialty-applications-testing,specialty-applications-testing/specialty-hvac-applications/acoustic-considerations-assembly/duct-silencers/_index.md
EXCELLENT,164,specialty-applications-testing,specialty-applications-testing/specialty-hvac-applications/farm-crops-processing/seed-storage/rh-50-65-percent/_index.md
EXCELLENT,164,specialty-applications-testing,specialty-applications-testing/specialty-hvac-applications/industrial-drying-systems/rotary-dryers/direct-indirect/_index.md
EXCELLENT,164,specialty-applications-testing,specialty-applications-testing/specialty-hvac-applications/mine-ventilation/refuge-chambers/emergency-shelters/_index.md
EXCELLENT,164,specialty-applications-testing,specialty-applications-testing/specialty-hvac-applications/nuclear-facilities-hvac/_index.md
EXCELLENT,164,specialty-applications-testing,specialty-applications-testing/specialty-hvac-applications/service-water-heating-domestic-hot-water/water-heater-sizing/storage-capacity-sizing/_index.md
EXCELLENT,164,specialty-applications-testing,specialty-applications-testing/specialty-hvac-applications/ships-marine-hvac/galley-laundry-hvac/_index.md
EXCELLENT,164,specialty-applications-testing,specialty-applications-testing/specialty-hvac-applications/smoke-control-large-volumes/egress-protection/stairwell-pressurization/_index.md
EXCELLENT,164,specialty-applications-testing,specialty-applications-testing/specialty-hvac-applications/tall-buildings-high-rise-hvac/central-vs-distributed-systems/central-plant-limitations/_index.md
EXCELLENT,164,specialty-applications-testing,specialty-applications-testing/specialty-hvac-applications/tall-buildings-high-rise-hvac/elevator-shaft-pressurization/_index.md
EXCELLENT,164,specialty-applications-testing,specialty-applications-testing/specialty-hvac-applications/textile-processing-plants/spinning-processes/air-jet/_index.md
EXCELLENT,164,specialty-applications-testing,specialty-applications-testing/specialty-hvac-applications/variable-occupancy-control/post-event-purge/_index.md
EXCELLENT,165,controls-automation-building,controls-automation-building/sensors-transducers/occupancy-detection/_index.md
EXCELLENT,165,cooling-systems,cooling-systems/_index.md
EXCELLENT,165,refrigeration-systems,refrigeration-systems/food-processing-refrigeration/poultry-processing/cold-storage-poultry/fresh-poultry-storage/_index.md
EXCELLENT,165,specialty-applications-testing,specialty-applications-testing/specialty-hvac-applications/acoustic-considerations-assembly/air-distribution-acoustics/quiet-diffusers/_index.md
EXCELLENT,165,specialty-applications-testing,specialty-applications-testing/specialty-hvac-applications/agricultural-drying-storage/grain-storage-ventilation/_index.md
EXCELLENT,165,specialty-applications-testing,specialty-applications-testing/specialty-hvac-applications/engine-test-facilities/cooling-water-systems/heat-rejection/_index.md
EXCELLENT,165,specialty-applications-testing,specialty-applications-testing/specialty-hvac-applications/farm-crops-processing/fruit-storage-facilities/commodities-integration/_index.md
EXCELLENT,165,specialty-applications-testing,specialty-applications-testing/specialty-hvac-applications/natatoriums-indoor-swimming-pools/pool-deck-heating-systems/warm-air-heating-deck/_index.md
EXCELLENT,165,specialty-applications-testing,specialty-applications-testing/specialty-hvac-applications/service-water-heating-domestic-hot-water/recirculation-pumps/demand-controlled/_index.md
EXCELLENT,165,specialty-applications-testing,specialty-applications-testing/specialty-hvac-applications/ships-marine-hvac/accommodation-spaces/cabins-staterooms/_index.md
EXCELLENT,165,specialty-applications-testing,specialty-applications-testing/specialty-hvac-applications/specialized-venue-requirements/ice-rinks-arenas/_index.md
EXCELLENT,165,specialty-applications-testing,specialty-applications-testing/specialty-hvac-applications/tall-buildings-high-rise-hvac/smoke-control-tall-buildings/makeup-air/_index.md
EXCELLENT,165,specialty-applications-testing,specialty-applications-testing/specialty-hvac-applications/textile-processing-plants/weaving-processes/weaving-humidity/_index.md
EXCELLENT,165,ventilation-indoor-air-quality,ventilation-indoor-air-quality/ventilation-systems/energy-recovery-ventilation/heat-pipes/_index.md
EXCELLENT,166,codes-standards-regulations-safety,codes-standards-regulations-safety/codes-standards-regulations/ashrae-standards-detailed/ashrae-62-1-ventilation-commercial/breathing-zone-outdoor-airflow/_index.md
EXCELLENT,166,refrigeration-systems,refrigeration-systems/food-processing-refrigeration/poultry-processing/poultry-freezing/_index.md
EXCELLENT,166,specialty-applications-testing,specialty-applications-testing/specialty-hvac-applications/automobiles-hvac/heating-systems-automotive/heater-core-systems/_index.md
EXCELLENT,166,specialty-applications-testing,specialty-applications-testing/specialty-hvac-applications/natatoriums-indoor-swimming-pools/air-distribution-pools/supply-air-strategies/_index.md
EXCELLENT,166,specialty-applications-testing,specialty-applications-testing/specialty-hvac-applications/snow-melting-freeze-protection-systems/energy-considerations/life-cycle-cost/_index.md
EXCELLENT,166,specialty-applications-testing,specialty-applications-testing/specialty-hvac-applications/snow-melting-freeze-protection-systems/hydronic-snow-melting/_index.md
EXCELLENT,166,specialty-applications-testing,specialty-applications-testing/specialty-hvac-applications/snow-melting-freeze-protection-systems/slab-design-snow-melt/insulation-below-slab/_index.md
EXCELLENT,167,controls-automation-building,controls-automation-building/control-theory-fundamentals/damper-control-characteristics/_index.md
EXCELLENT,167,heating-systems,heating-systems/unit-ventilators-heaters-makeup-air/makeup-air-units/_index.md
EXCELLENT,167,refrigeration-systems,refrigeration-systems/food-processing-refrigeration/poultry-processing/cold-storage-poultry/humidity-control-importance/_index.md
EXCELLENT,167,specialty-applications-testing,specialty-applications-testing/specialty-hvac-applications/agricultural-drying-storage/tobacco-curing-barns/temperature-humidity-control/_index.md
EXCELLENT,167,specialty-applications-testing,specialty-applications-testing/specialty-hvac-applications/automobiles-hvac/automotive-ac-systems/_index.md
EXCELLENT,167,specialty-applications-testing,specialty-applications-testing/specialty-hvac-applications/automobiles-hvac/automotive-ac-systems/condensers-automotive/_index.md
EXCELLENT,167,specialty-applications-testing,specialty-applications-testing/specialty-hvac-applications/educational-facilities/indoor-air-quality-schools/_index.md
EXCELLENT,167,specialty-applications-testing,specialty-applications-testing/specialty-hvac-applications/engine-test-facilities/engine-exhaust-removal/_index.md
EXCELLENT,167,specialty-applications-testing,specialty-applications-testing/specialty-hvac-applications/industrial-drying-systems/fluid-bed-dryers/uniform-drying/_index.md
EXCELLENT,167,specialty-applications-testing,specialty-applications-testing/specialty-hvac-applications/industrial-local-exhaust/dust-collection/wet-scrubbers/_index.md
EXCELLENT,167,specialty-applications-testing,specialty-applications-testing/specialty-hvac-applications/natatoriums-indoor-swimming-pools/ventilation-rates-natatoriums/_index.md
EXCELLENT,167,specialty-applications-testing,specialty-applications-testing/specialty-hvac-applications/places-of-assembly/arenas-stadiums/capacity-considerations/_index.md
EXCELLENT,167,specialty-applications-testing,specialty-applications-testing/specialty-hvac-applications/places-of-assembly/arenas-stadiums/indoor-arenas/_index.md
EXCELLENT,167,specialty-applications-testing,specialty-applications-testing/specialty-hvac-applications/places-of-assembly/movie-theaters/ac-systems-theaters/_index.md
EXCELLENT,167,specialty-applications-testing,specialty-applications-testing/specialty-hvac-applications/service-water-heating-domestic-hot-water/piping-materials-dhw/stainless-steel/_index.md
EXCELLENT,167,specialty-applications-testing,specialty-applications-testing/specialty-hvac-applications/tall-buildings-high-rise-hvac/high-rise-system-types/fan-coil-systems/_index.md
EXCELLENT,167,specialty-applications-testing,specialty-applications-testing/specialty-hvac-applications/variable-occupancy-control/pre-event-conditioning/warm-up-requirements/_index.md
EXCELLENT,168,codes-standards-regulations-safety,codes-standards-regulations-safety/codes-standards-regulations/ashrae-standards-detailed/ashrae-62-1-ventilation-commercial/ventilation-rate-procedure/_index.md
EXCELLENT,168,controls-automation-building,controls-automation-building/sequences-of-operation-detailed/_index.md
EXCELLENT,168,ductwork-piping-distribution,ductwork-piping-distribution/ductwork-air-distribution/duct-materials/_index.md
EXCELLENT,168,hvac-fundamentals,hvac-fundamentals/energy-resources/renewable-energy-resources/biomass-resources/biomass-types/_index.md
EXCELLENT,168,hvac-fundamentals,hvac-fundamentals/energy-resources/renewable-energy-resources/solar-resource-assessment/photovoltaic-applications/_index.md
EXCELLENT,168,international-perspectives,international-perspectives/asian-standards-practices/japanese-standards/_index.md
EXCELLENT,168,specialty-applications-testing,specialty-applications-testing/specialty-hvac-applications/agricultural-drying-storage/hay-drying-storage/field-curing/_index.md
EXCELLENT,168,specialty-applications-testing,specialty-applications-testing/specialty-hvac-applications/aircraft-environmental-control/_index.md
EXCELLENT,168,specialty-applications-testing,specialty-applications-testing/specialty-hvac-applications/automobiles-hvac/ventilation-automotive/recirculation-mode/_index.md
EXCELLENT,168,specialty-applications-testing,specialty-applications-testing/specialty-hvac-applications/enclosed-vehicular-facilities/emergency-ventilation-tunnels/emergency-modes/_index.md
EXCELLENT,168,specialty-applications-testing,specialty-applications-testing/specialty-hvac-applications/high-occupancy-density-hvac/ventilation-requirements/ashrae-62-1-assembly/_index.md
EXCELLENT,168,specialty-applications-testing,specialty-applications-testing/specialty-hvac-applications/hospitality-facilities/individual-room-control/_index.md
EXCELLENT,168,specialty-applications-testing,specialty-applications-testing/specialty-hvac-applications/tall-buildings-high-rise-hvac/zoning-vertical-buildings/_index.md
EXCELLENT,169,hvac-fundamentals,hvac-fundamentals/energy-resources/energy-consumption-patterns/end-use-profiles/water-heating-energy-use/_index.md
EXCELLENT,169,hvac-fundamentals,hvac-fundamentals/energy-resources/renewable-energy-resources/wind-resource-assessment/wind-power-calculations/_index.md
EXCELLENT,169,hvac-fundamentals,hvac-fundamentals/material-properties/secondary-coolant-properties/sodium-chloride-brines/_index.md
EXCELLENT,169,international-perspectives,international-perspectives/european-standards-practices/en-european-standards/energy-performance-standards/_index.md
EXCELLENT,169,professional-development-training,professional-development-training/safety-training-programs/fall-protection-training/_index.md
EXCELLENT,169,specialty-applications-testing,specialty-applications-testing/acoustic-noise-vibration/vibration-control/vibration-sources/_index.md
EXCELLENT,169,specialty-applications-testing,specialty-applications-testing/seismic-wind-flood-resistant-design/seismic-bracing-piping/transverse-longitudinal-supports/_index.md
EXCELLENT,169,specialty-applications-testing,specialty-applications-testing/specialty-hvac-applications/automobiles-hvac/climate-control-automatic/_index.md
EXCELLENT,169,specialty-applications-testing,specialty-applications-testing/specialty-hvac-applications/high-occupancy-density-hvac/load-diversity/pre-cooling-strategies/_index.md
EXCELLENT,169,specialty-applications-testing,specialty-applications-testing/specialty-hvac-applications/high-occupancy-density-hvac/occupant-loads/occupancy-density/_index.md
EXCELLENT,169,specialty-applications-testing,specialty-applications-testing/specialty-hvac-applications/hospitality-facilities/guest-room-hvac-systems/packaged-terminal-systems/_index.md
EXCELLENT,169,specialty-applications-testing,specialty-applications-testing/specialty-hvac-applications/natatoriums-indoor-swimming-pools/condensation-prevention/vapor-barrier-systems/_index.md
EXCELLENT,169,specialty-applications-testing,specialty-applications-testing/specialty-hvac-applications/nuclear-facilities-hvac/radiological-zones/airflow-patterns-clean-to-dirty/_index.md
EXCELLENT,169,specialty-applications-testing,specialty-applications-testing/specialty-hvac-applications/places-of-assembly/concert-halls/reverberation-time-coordination/_index.md
EXCELLENT,169,specialty-applications-testing,specialty-applications-testing/specialty-hvac-applications/snow-melting-freeze-protection-systems/controls-snow-melt/_index.md
EXCELLENT,169,specialty-applications-testing,specialty-applications-testing/specialty-hvac-applications/tall-buildings-high-rise-hvac/zoning-vertical-buildings/perimeter-vs-core-zones/_index.md
EXCELLENT,169,specialty-applications-testing,specialty-applications-testing/specialty-hvac-applications/textile-processing-plants/air-washing-systems/humidification/_index.md
EXCELLENT,170,controls-automation-building,controls-automation-building/control-strategies-detailed/_index.md
EXCELLENT,170,heating-systems,heating-systems/district-heating/_index.md
EXCELLENT,170,hvac-fundamentals,hvac-fundamentals/energy-resources/energy-consumption-patterns/sectoral-energy-use/_index.md
EXCELLENT,170,specialty-applications-testing,specialty-applications-testing/specialty-hvac-applications/educational-facilities/universities-colleges/libraries/_index.md
EXCELLENT,170,specialty-applications-testing,specialty-applications-testing/specialty-hvac-applications/farm-crops-processing/seed-storage/moisture-content-5-13-percent/_index.md
EXCELLENT,170,specialty-applications-testing,specialty-applications-testing/specialty-hvac-applications/fire-emt-stations/emergency-response-facilities/dispatch-centers/_index.md
EXCELLENT,170,specialty-applications-testing,specialty-applications-testing/specialty-hvac-applications/hospitality-facilities/guest-room-ventilation/ashrae-62-1-requirements/_index.md
EXCELLENT,170,specialty-applications-testing,specialty-applications-testing/specialty-hvac-applications/mass-transit-hvac/heating-cooling-loads-transit/_index.md
EXCELLENT,170,specialty-applications-testing,specialty-applications-testing/specialty-hvac-applications/museums-galleries-archives-libraries/security-hvac-integration/smoke-detection/_index.md
EXCELLENT,170,specialty-applications-testing,specialty-applications-testing/specialty-hvac-applications/places-of-assembly/houses-of-worship/churches/_index.md
EXCELLENT,170,specialty-applications-testing,specialty-applications-testing/specialty-hvac-applications/power-plants/control-room-hvac/_index.md
EXCELLENT,170,specialty-applications-testing,specialty-applications-testing/specialty-hvac-applications/service-water-heating-domestic-hot-water/heat-pump-water-heaters/_index.md
EXCELLENT,170,specialty-applications-testing,specialty-applications-testing/specialty-hvac-applications/service-water-heating-domestic-hot-water/legionella-prevention/deadleg-elimination/_index.md
EXCELLENT,170,specialty-applications-testing,specialty-applications-testing/specialty-hvac-applications/service-water-heating-domestic-hot-water/water-heater-types/storage-tank-heaters/_index.md
EXCELLENT,170,specialty-applications-testing,specialty-applications-testing/specialty-hvac-applications/textile-processing-plants/lint-control/_index.md
EXCELLENT,170,sustainability-emerging-tech-economics,sustainability-emerging-tech-economics/economic-analysis-hvac/total-cost-of-ownership/_index.md
EXCELLENT,170,sustainability-emerging-tech-economics,sustainability-emerging-tech-economics/emerging-hvac-technologies/solar-energy-equipment/solar-system-components/heat-transfer-fluids/_index.md
EXCELLENT,171,air-conditioning-cooling,air-conditioning-cooling/humidifiers/atomizing-humidifiers/_index.md
EXCELLENT,171,codes-standards-regulations-safety,codes-standards-regulations-safety/codes-standards-regulations/nfpa-standards-detailed/nfpa-70-national-electrical-code/_index.md
EXCELLENT,171,controls-automation-building,controls-automation-building/control-theory-fundamentals/pid-control-detailed/integral-control/_index.md
EXCELLENT,171,international-perspectives,international-perspectives/climate-specific-design-approaches/cold-climate-design/characteristics/_index.md
EXCELLENT,171,professional-development-training,professional-development-training/safety-training-programs/osha-safety-training/osha-10-hour-construction/_index.md
EXCELLENT,171,specialty-applications-testing,specialty-applications-testing/specialty-hvac-applications/agricultural-drying-storage/grain-drying-systems/_index.md
EXCELLENT,171,specialty-applications-testing,specialty-applications-testing/specialty-hvac-applications/educational-facilities/universities-colleges/laboratories-university/_index.md
EXCELLENT,171,specialty-applications-testing,specialty-applications-testing/specialty-hvac-applications/mine-ventilation/auxiliary-fans/local-ventilation/_index.md
EXCELLENT,171,specialty-applications-testing,specialty-applications-testing/specialty-hvac-applications/places-of-assembly/convention-centers/_index.md
EXCELLENT,171,specialty-applications-testing,specialty-applications-testing/specialty-hvac-applications/places-of-assembly/theaters-auditoriums/lighting-heat-loads/_index.md
EXCELLENT,171,specialty-applications-testing,specialty-applications-testing/specialty-hvac-applications/service-water-heating-domestic-hot-water/distribution-systems-dhw/series-loop/_index.md
EXCELLENT,171,specialty-applications-testing,specialty-applications-testing/specialty-hvac-applications/snow-melting-freeze-protection-systems/antifreeze-solutions/_index.md
EXCELLENT,171,specialty-applications-testing,specialty-applications-testing/specialty-hvac-applications/specialized-venue-requirements/natatoriums-assembly/spectator-area-separation/_index.md
EXCELLENT,172,codes-standards-regulations-safety,codes-standards-regulations-safety/codes-standards-regulations/ashrae-standards-detailed/ashrae-62-1-ventilation-commercial/zone-air-distribution-effectiveness/_index.md
EXCELLENT,172,controls-automation-building,controls-automation-building/actuators-detailed/electric-actuators-control/_index.md
EXCELLENT,172,ductwork-piping-distribution,ductwork-piping-distribution/ductwork-air-distribution/negative-pressure-systems-detailed/_index.md
EXCELLENT,172,heating-systems,heating-systems/unit-ventilators-heaters-makeup-air/unit-heaters/_index.md
EXCELLENT,172,hvac-fundamentals,hvac-fundamentals/building-envelope-moisture/_index.md
EXCELLENT,172,international-perspectives,international-perspectives/climate-specific-design-approaches/_index.md
EXCELLENT,172,refrigeration-systems,refrigeration-systems/food-processing-refrigeration/poultry-processing/further-processing-poultry/packaging-ready-to-eat/_index.md
EXCELLENT,172,specialty-applications-testing,specialty-applications-testing/specialty-hvac-applications/aircraft-environmental-control/ventilation-aircraft/gasper-outlets/_index.md
EXCELLENT,172,specialty-applications-testing,specialty-applications-testing/specialty-hvac-applications/educational-facilities/lecture-halls-auditoriums/high-occupancy-design/_index.md
EXCELLENT,172,specialty-applications-testing,specialty-applications-testing/specialty-hvac-applications/healthcare-hvac/operating-rooms/_index.md
EXCELLENT,172,specialty-applications-testing,specialty-applications-testing/specialty-hvac-applications/hospitality-facilities/conference-centers/_index.md
EXCELLENT,172,specialty-applications-testing,specialty-applications-testing/specialty-hvac-applications/natatoriums-indoor-swimming-pools/condensation-prevention/window-condensation-control/_index.md
EXCELLENT,172,specialty-applications-testing,specialty-applications-testing/specialty-hvac-applications/tall-buildings-high-rise-hvac/vertical-transportation-equipment/expansion-loops/_index.md
EXCELLENT,172,specialty-applications-testing,specialty-applications-testing/specialty-hvac-applications/variable-occupancy-control/_index.md
EXCELLENT,173,codes-standards-regulations-safety,codes-standards-regulations-safety/codes-standards-regulations/international-codes/iecc-international-energy-conservation/_index.md
EXCELLENT,173,hvac-fundamentals,hvac-fundamentals/energy-resources/fossil-fuel-resources/coal-characteristics/extraction-methods/_index.md
EXCELLENT,173,hvac-fundamentals,hvac-fundamentals/energy-resources/renewable-energy-resources/wind-resource-assessment/wind-resource-data/_index.md
EXCELLENT,173,professional-development-training,professional-development-training/continuing-education/university-programs/_index.md
EXCELLENT,173,refrigeration-systems,refrigeration-systems/food-processing-refrigeration/meat-processing/pork-processing/_index.md
EXCELLENT,173,specialty-applications-testing,specialty-applications-testing/specialty-hvac-applications/educational-facilities/lecture-halls-auditoriums/acoustics-auditorium/_index.md
EXCELLENT,173,specialty-applications-testing,specialty-applications-testing/specialty-hvac-applications/fire-emt-stations/emergency-response-facilities/backup-power/_index.md
EXCELLENT,173,specialty-applications-testing,specialty-applications-testing/specialty-hvac-applications/museums-galleries-archives-libraries/temperature-humidity-control-preservation/_index.md
EXCELLENT,173,specialty-applications-testing,specialty-applications-testing/specialty-hvac-applications/service-water-heating-domestic-hot-water/water-heater-types/tankless-water-heaters/_index.md
EXCELLENT,173,specialty-applications-testing,specialty-applications-testing/specialty-hvac-applications/smoke-control-large-volumes/large-volume-spaces/stratification-challenges/_index.md
EXCELLENT,173,specialty-applications-testing,specialty-applications-testing/specialty-hvac-applications/snow-melting-freeze-protection-systems/controls-snow-melt/aerial-vs-pavement-mounted/_index.md
EXCELLENT,173,specialty-applications-testing,specialty-applications-testing/specialty-hvac-applications/specialized-venue-requirements/exhibition-halls/zoned-systems/_index.md
EXCELLENT,173,specialty-applications-testing,specialty-applications-testing/specialty-hvac-applications/specialized-venue-requirements/natatoriums-assembly/_index.md
EXCELLENT,173,specialty-applications-testing,specialty-applications-testing/specialty-hvac-applications/wood-paper-facilities/lumber-drying-kilns/moisture-content-targets-6-19-percent/_index.md
EXCELLENT,173,sustainability-emerging-tech-economics,sustainability-emerging-tech-economics/emerging-hvac-technologies/desiccant-technology/_index.md
EXCELLENT,174,air-conditioning-cooling,air-conditioning-cooling/chillers/vapor-compression-chillers/centrifugal/_index.md
EXCELLENT,174,hvac-fundamentals,hvac-fundamentals/energy-resources/energy-consumption-patterns/end-use-profiles/_index.md
EXCELLENT,174,professional-development-training,professional-development-training/continuing-education/online-learning-platforms/_index.md
EXCELLENT,174,specialty-applications-testing,specialty-applications-testing/specialty-hvac-applications/agricultural-drying-storage/controlled-atmosphere-storage-crops/ethylene-scrubbing/_index.md
EXCELLENT,174,specialty-applications-testing,specialty-applications-testing/specialty-hvac-applications/educational-facilities/classrooms-hvac/ventilation-rates-classroom/_index.md
EXCELLENT,174,specialty-applications-testing,specialty-applications-testing/specialty-hvac-applications/educational-facilities/demand-controlled-ventilation-classrooms/co2-sensors-classroom/_index.md
EXCELLENT,174,specialty-applications-testing,specialty-applications-testing/specialty-hvac-applications/fire-emt-stations/living-quarters/kitchen-dining/_index.md
EXCELLENT,174,specialty-applications-testing,specialty-applications-testing/specialty-hvac-applications/high-occupancy-density-hvac/cooling-loads-assembly/solar-loads-assembly/_index.md
EXCELLENT,174,specialty-applications-testing,specialty-applications-testing/specialty-hvac-applications/high-occupancy-density-hvac/load-diversity/_index.md
EXCELLENT,174,specialty-applications-testing,specialty-applications-testing/specialty-hvac-applications/industrial-local-exhaust/duct-design-exhaust/minimum-velocities-3500-4500-fpm/_index.md
EXCELLENT,174,specialty-applications-testing,specialty-applications-testing/specialty-hvac-applications/museums-galleries-archives-libraries/security-hvac-integration/physical-security-barriers/_index.md
EXCELLENT,174,specialty-applications-testing,specialty-applications-testing/specialty-hvac-applications/natatoriums-indoor-swimming-pools/spectator-area-conditioning/load-characteristics/_index.md
EXCELLENT,174,specialty-applications-testing,specialty-applications-testing/specialty-hvac-applications/places-of-assembly/arenas-stadiums/retractable-roof-stadiums/_index.md
EXCELLENT,174,specialty-applications-testing,specialty-applications-testing/specialty-hvac-applications/places-of-assembly/lecture-halls/ventilation-rates-lecture/_index.md
EXCELLENT,174,specialty-applications-testing,specialty-applications-testing/specialty-hvac-applications/snow-melting-freeze-protection-systems/heat-sources-snow-melt/heat-source-selection/_index.md
EXCELLENT,174,specialty-applications-testing,specialty-applications-testing/specialty-hvac-applications/specialized-cooling-applications/wine-cellars-aging/darkness-light-control/_index.md
EXCELLENT,174,specialty-applications-testing,specialty-applications-testing/specialty-hvac-applications/variable-occupancy-control/unoccupied-setback/energy-savings/_index.md
EXCELLENT,174,specialty-applications-testing,specialty-applications-testing/testing-balancing-commissioning-process/hydronic-systems-testing/flow-measurement-hydronic/_index.md
EXCELLENT,174,ventilation-indoor-air-quality,ventilation-indoor-air-quality/indoor-air-quality-management/particulate-matter-control/_index.md
EXCELLENT,175,codes-standards-regulations-safety,codes-standards-regulations-safety/codes-standards-regulations/local-regulations/_index.md
EXCELLENT,175,controls-automation-building,controls-automation-building/control-theory-fundamentals/pid-control-detailed/proportional-control/_index.md
EXCELLENT,175,hvac-fundamentals,hvac-fundamentals/energy-resources/fossil-fuel-resources/petroleum-resources/distillate-products/_index.md
EXCELLENT,175,hvac-fundamentals,hvac-fundamentals/energy-resources/renewable-energy-resources/_index.md
EXCELLENT,175,specialty-applications-testing,specialty-applications-testing/seismic-wind-flood-resistant-design/seismic-design-criteria/_index.md
EXCELLENT,175,specialty-applications-testing,specialty-applications-testing/specialty-hvac-applications/aircraft-environmental-control/temperature-control-aircraft/_index.md
EXCELLENT,175,specialty-applications-testing,specialty-applications-testing/specialty-hvac-applications/enclosed-vehicular-facilities/vehicle-tunnels/_index.md
EXCELLENT,175,specialty-applications-testing,specialty-applications-testing/specialty-hvac-applications/enclosed-vehicular-facilities/vehicle-tunnels/jet-fans/_index.md
EXCELLENT,175,specialty-applications-testing,specialty-applications-testing/specialty-hvac-applications/fire-emt-stations/living-quarters/recreation/_index.md
EXCELLENT,175,specialty-applications-testing,specialty-applications-testing/specialty-hvac-applications/high-occupancy-density-hvac/load-diversity/event-schedules/_index.md
EXCELLENT,175,specialty-applications-testing,specialty-applications-testing/specialty-hvac-applications/mine-ventilation/underground-mine-ventilation/auxiliary-fans/_index.md
EXCELLENT,175,specialty-applications-testing,specialty-applications-testing/specialty-hvac-applications/museums-galleries-archives-libraries/collection-materials-requirements/photographs/_index.md
EXCELLENT,175,specialty-applications-testing,specialty-applications-testing/specialty-hvac-applications/places-of-assembly/theaters-auditoriums/_index.md
EXCELLENT,175,specialty-applications-testing,specialty-applications-testing/specialty-hvac-applications/service-water-heating-domestic-hot-water/distribution-systems-dhw/recirculation-systems/swing-return/_index.md
EXCELLENT,175,specialty-applications-testing,specialty-applications-testing/specialty-hvac-applications/service-water-heating-domestic-hot-water/water-heater-sizing/peak-demand-calculation/_index.md
EXCELLENT,175,specialty-applications-testing,specialty-applications-testing/specialty-hvac-applications/wood-paper-facilities/plywood-particleboard-plants/hot-presses/_index.md
EXCELLENT,176,controls-automation-building,controls-automation-building/sensors-transducers/humidity-sensors-detailed/_index.md
EXCELLENT,176,hvac-fundamentals,hvac-fundamentals/energy-resources/renewable-energy-resources/biomass-resources/agricultural-biomass/_index.md
EXCELLENT,176,maintenance-refrigerant-management,maintenance-refrigerant-management/maintenance-management/predictive-maintenance/_index.md
EXCELLENT,176,professional-development-training,professional-development-training/continuing-education/conferences-symposiums/_index.md
EXCELLENT,176,specialty-applications-testing,specialty-applications-testing/specialty-hvac-applications/agricultural-drying-storage/hay-drying-storage/barn-drying/_index.md
EXCELLENT,176,specialty-applications-testing,specialty-applications-testing/specialty-hvac-applications/educational-facilities/portable-classrooms/_index.md
EXCELLENT,176,specialty-applications-testing,specialty-applications-testing/specialty-hvac-applications/enclosed-vehicular-facilities/vehicle-tunnels/transverse-ventilation/_index.md
EXCELLENT,176,specialty-applications-testing,specialty-applications-testing/specialty-hvac-applications/engine-test-facilities/combustion-air-supply/temperature-control/_index.md
EXCELLENT,176,specialty-applications-testing,specialty-applications-testing/specialty-hvac-applications/industrial-drying-systems/lumber-kilns/conventional-dehumidification/_index.md
EXCELLENT,176,specialty-applications-testing,specialty-applications-testing/specialty-hvac-applications/laboratory-hvac/fume-hoods/variable-air-volume-hoods/_index.md
EXCELLENT,176,specialty-applications-testing,specialty-applications-testing/specialty-hvac-applications/museums-galleries-archives-libraries/museum-hvac-requirements/precision-control/_index.md
EXCELLENT,176,specialty-applications-testing,specialty-applications-testing/specialty-hvac-applications/places-of-assembly/convention-centers/exhibit-halls/_index.md
EXCELLENT,176,specialty-applications-testing,specialty-applications-testing/specialty-hvac-applications/printing-plants/humidity-control-printing/_index.md
EXCELLENT,176,specialty-applications-testing,specialty-applications-testing/specialty-hvac-applications/snow-melting-freeze-protection-systems/application-areas/bridges-overpasses/_index.md
EXCELLENT,176,specialty-applications-testing,specialty-applications-testing/specialty-hvac-applications/tall-buildings-high-rise-hvac/stack-effect-tall-buildings/pressure-differentials/_index.md
EXCELLENT,176,specialty-applications-testing,specialty-applications-testing/specialty-hvac-applications/textile-processing-plants/dyeing-finishing/steam-moisture-removal/_index.md
EXCELLENT,177,hvac-fundamentals,hvac-fundamentals/building-envelope-moisture/hygrothermal-material-properties/water-vapor-permeability/definition/_index.md
EXCELLENT,177,hvac-fundamentals,hvac-fundamentals/energy-resources/energy-consumption-patterns/end-use-profiles/ventilation-energy-use/_index.md
EXCELLENT,177,hvac-fundamentals,hvac-fundamentals/energy-resources/renewable-energy-resources/solar-resource-assessment/solar-resource-data/_index.md
EXCELLENT,177,maintenance-refrigerant-management,maintenance-refrigerant-management/maintenance-management/corrective-maintenance/system-repairs/_index.md
EXCELLENT,177,maintenance-refrigerant-management,maintenance-refrigerant-management/maintenance-management/predictive-maintenance/ultrasonic-testing-maintenance/_index.md
EXCELLENT,177,refrigeration-systems,refrigeration-systems/food-processing-refrigeration/poultry-processing/_index.md
EXCELLENT,177,specialty-applications-testing,specialty-applications-testing/acoustic-noise-vibration/structural-considerations/_index.md
EXCELLENT,177,specialty-applications-testing,specialty-applications-testing/specialty-hvac-applications/data-center-cooling/monitoring-controls-data-center/_index.md
EXCELLENT,177,specialty-applications-testing,specialty-applications-testing/specialty-hvac-applications/educational-facilities/portable-classrooms/ventilation-challenges-portable/_index.md
EXCELLENT,177,specialty-applications-testing,specialty-applications-testing/specialty-hvac-applications/farm-crops-processing/seed-storage/_index.md
EXCELLENT,177,specialty-applications-testing,specialty-applications-testing/specialty-hvac-applications/fire-emt-stations/ems-facilities/decontamination/_index.md
EXCELLENT,177,specialty-applications-testing,specialty-applications-testing/specialty-hvac-applications/justice-facilities/correctional-facilities/administrative-areas-prison/_index.md
EXCELLENT,177,specialty-applications-testing,specialty-applications-testing/specialty-hvac-applications/mine-ventilation/diesel-particulate-matter/health-hazards/_index.md
EXCELLENT,177,specialty-applications-testing,specialty-applications-testing/specialty-hvac-applications/natatoriums-indoor-swimming-pools/pool-water-evaporation-rates/evaporation-load-calculation/_index.md
EXCELLENT,177,specialty-applications-testing,specialty-applications-testing/specialty-hvac-applications/service-water-heating-domestic-hot-water/water-heater-sizing/recovery-time-method/_index.md
EXCELLENT,177,specialty-applications-testing,specialty-applications-testing/specialty-hvac-applications/wood-paper-facilities/lumber-drying-kilns/dehumidification-kilns/_index.md
EXCELLENT,178,air-conditioning-cooling,air-conditioning-cooling/chillers/absorption-chillers/single-effect-absorption/_index.md
EXCELLENT,178,codes-standards-regulations-safety,codes-standards-regulations-safety/health-safety-hvac/electrical-safety-hvac/_index.md
EXCELLENT,178,heating-systems,heating-systems/cogeneration-chp-systems/economic-analysis/_index.md
EXCELLENT,178,project-delivery-methods,project-delivery-methods/construction-administration/site-administration/_index.md
EXCELLENT,178,refrigeration-systems,refrigeration-systems/food-processing-refrigeration/meat-processing/beef-processing/_index.md
EXCELLENT,178,specialty-applications-testing,specialty-applications-testing/seismic-wind-flood-resistant-design/flood-resistant-equipment/flood-vents/_index.md
EXCELLENT,178,specialty-applications-testing,specialty-applications-testing/specialty-hvac-applications/engine-test-facilities/cooling-water-systems/dynamometer-cooling/_index.md
EXCELLENT,178,specialty-applications-testing,specialty-applications-testing/specialty-hvac-applications/farm-crops-processing/fruit-storage-facilities/scrubbers-monitoring/_index.md
EXCELLENT,178,specialty-applications-testing,specialty-applications-testing/specialty-hvac-applications/fire-emt-stations/apparatus-bays/heating-50-60f/_index.md
EXCELLENT,178,specialty-applications-testing,specialty-applications-testing/specialty-hvac-applications/fire-emt-stations/emergency-response-facilities/_index.md
EXCELLENT,178,specialty-applications-testing,specialty-applications-testing/specialty-hvac-applications/mass-transit-hvac/ventilation-requirements-transit/outdoor-air-requirements/_index.md
EXCELLENT,178,specialty-applications-testing,specialty-applications-testing/specialty-hvac-applications/mine-ventilation/underground-mine-ventilation/airways/_index.md
EXCELLENT,178,specialty-applications-testing,specialty-applications-testing/specialty-hvac-applications/museums-galleries-archives-libraries/art-preservation-environments/uv-filtration/_index.md
EXCELLENT,178,specialty-applications-testing,specialty-applications-testing/specialty-hvac-applications/museums-galleries-archives-libraries/lighting-hvac-integration/_index.md
EXCELLENT,178,specialty-applications-testing,specialty-applications-testing/specialty-hvac-applications/museums-galleries-archives-libraries/temperature-humidity-control-preservation/collection-type-specific/_index.md
EXCELLENT,178,specialty-applications-testing,specialty-applications-testing/specialty-hvac-applications/natatoriums-indoor-swimming-pools/pool-deck-heating-systems/radiant-floor-heating/_index.md
EXCELLENT,178,specialty-applications-testing,specialty-applications-testing/specialty-hvac-applications/places-of-assembly/concert-halls/opera-houses/_index.md
EXCELLENT,178,specialty-applications-testing,specialty-applications-testing/specialty-hvac-applications/smoke-control-large-volumes/atrium-smoke-control/smoke-layer-management/_index.md
EXCELLENT,178,specialty-applications-testing,specialty-applications-testing/specialty-hvac-applications/snow-melting-freeze-protection-systems/_index.md
EXCELLENT,178,specialty-applications-testing,specialty-applications-testing/specialty-hvac-applications/variable-occupancy-control/event-mode-operation/variable-load-response/_index.md
EXCELLENT,179,heating-systems,heating-systems/heat-pumps/water-source-heat-pumps/_index.md
EXCELLENT,179,specialty-applications-testing,specialty-applications-testing/specialty-hvac-applications/automobiles-hvac/_index.md
EXCELLENT,179,specialty-applications-testing,specialty-applications-testing/specialty-hvac-applications/automobiles-hvac/automotive-ac-systems/refrigerant-systems/_index.md
EXCELLENT,179,specialty-applications-testing,specialty-applications-testing/specialty-hvac-applications/cleanroom-hvac/temperature-humidity-control/_index.md
EXCELLENT,179,specialty-applications-testing,specialty-applications-testing/specialty-hvac-applications/engine-test-facilities/combustion-air-supply/outdoor-air/_index.md
EXCELLENT,179,specialty-applications-testing,specialty-applications-testing/specialty-hvac-applications/industrial-local-exhaust/fume-extraction/source-capture/_index.md
EXCELLENT,179,specialty-applications-testing,specialty-applications-testing/specialty-hvac-applications/mass-transit-hvac/passenger-rail-cars/_index.md
EXCELLENT,179,specialty-applications-testing,specialty-applications-testing/specialty-hvac-applications/museums-galleries-archives-libraries/display-case-microclimate/_index.md
EXCELLENT,179,specialty-applications-testing,specialty-applications-testing/specialty-hvac-applications/museums-galleries-archives-libraries/display-case-microclimate/internal-climate-control/_index.md
EXCELLENT,179,specialty-applications-testing,specialty-applications-testing/specialty-hvac-applications/museums-galleries-archives-libraries/exhibition-spaces/_index.md
EXCELLENT,179,specialty-applications-testing,specialty-applications-testing/specialty-hvac-applications/museums-galleries-archives-libraries/museum-hvac-requirements/filtration-merv-13-16/_index.md
EXCELLENT,179,specialty-applications-testing,specialty-applications-testing/specialty-hvac-applications/museums-galleries-archives-libraries/rare-book-libraries/temperature-control/_index.md
EXCELLENT,179,specialty-applications-testing,specialty-applications-testing/specialty-hvac-applications/service-water-heating-domestic-hot-water/heat-pump-water-heaters/ambient-air-source/_index.md
EXCELLENT,179,specialty-applications-testing,specialty-applications-testing/specialty-hvac-applications/service-water-heating-domestic-hot-water/water-heater-types/heat-pump-water-heaters/integrated-hpwh/_index.md
EXCELLENT,179,specialty-applications-testing,specialty-applications-testing/specialty-hvac-applications/snow-melting-freeze-protection-systems/heat-flux-requirements/area-requirements/_index.md
EXCELLENT,179,sustainability-emerging-tech-economics,sustainability-emerging-tech-economics/sustainability-green-building/government-incentive-programs/regional-programs/asia-pacific/_index.md
EXCELLENT,180,air-conditioning-cooling,air-conditioning-cooling/condensers/_index.md
EXCELLENT,180,codes-standards-regulations-safety,codes-standards-regulations-safety/codes-standards-regulations/ashrae-standards-detailed/ashrae-15-safety-refrigeration/_index.md
EXCELLENT,180,international-perspectives,international-perspectives/european-standards-practices/eurovent-certifications/_index.md
EXCELLENT,180,professional-development-training,professional-development-training/safety-training-programs/first-aid-cpr-training/_index.md
EXCELLENT,180,project-delivery-methods,project-delivery-methods/procurement-methods/subcontractor-procurement/_index.md
EXCELLENT,180,refrigeration-systems,refrigeration-systems/evaporators/_index.md
EXCELLENT,180,refrigeration-systems,refrigeration-systems/food-processing-refrigeration/poultry-processing/further-processing-poultry/smoking-processes/_index.md
EXCELLENT,180,specialty-applications-testing,specialty-applications-testing/specialty-hvac-applications/automobiles-hvac/automotive-ac-systems/compressor-types-automotive/_index.md
EXCELLENT,180,specialty-applications-testing,specialty-applications-testing/specialty-hvac-applications/educational-facilities/ventilation-standards-schools/_index.md
EXCELLENT,180,specialty-applications-testing,specialty-applications-testing/specialty-hvac-applications/natatoriums-indoor-swimming-pools/ductwork-corrosion-protection/protective-coatings/_index.md
EXCELLENT,180,specialty-applications-testing,specialty-applications-testing/specialty-hvac-applications/places-of-assembly/houses-of-worship/intermittent-occupancy/_index.md
EXCELLENT,180,specialty-applications-testing,specialty-applications-testing/specialty-hvac-applications/service-water-heating-domestic-hot-water/piping-materials-dhw/copper-type-l-m/_index.md
EXCELLENT,180,specialty-applications-testing,specialty-applications-testing/specialty-hvac-applications/variable-occupancy-control/unoccupied-setback/_index.md
EXCELLENT,180,specialty-applications-testing,specialty-applications-testing/testing-balancing-commissioning-process/air-systems-testing/_index.md
EXCELLENT,180,sustainability-emerging-tech-economics,sustainability-emerging-tech-economics/emerging-hvac-technologies/solar-energy-equipment/solar-thermal-systems/_index.md
EXCELLENT,180,sustainability-emerging-tech-economics,sustainability-emerging-tech-economics/emerging-hvac-technologies/solar-energy-equipment/solar-thermal-systems/domestic-hot-water/passive-systems/_index.md
EXCELLENT,180,sustainability-emerging-tech-economics,sustainability-emerging-tech-economics/sustainability-green-building/government-incentive-programs/regional-programs/europe/_index.md
EXCELLENT,181,refrigeration-systems,refrigeration-systems/food-processing-refrigeration/poultry-processing/poultry-chilling/ice-slush-chilling/_index.md
EXCELLENT,181,specialty-applications-testing,specialty-applications-testing/seismic-wind-flood-resistant-design/_index.md
EXCELLENT,181,specialty-applications-testing,specialty-applications-testing/specialty-hvac-applications/natatoriums-indoor-swimming-pools/spectator-area-conditioning/air-distribution-spectators/_index.md
EXCELLENT,181,specialty-applications-testing,specialty-applications-testing/specialty-hvac-applications/places-of-assembly/concert-halls/noise-criteria-nc-20/_index.md
EXCELLENT,181,specialty-applications-testing,specialty-applications-testing/specialty-hvac-applications/power-plants/turbine-hall-ventilation/roof-ventilators/_index.md
EXCELLENT,181,specialty-applications-testing,specialty-applications-testing/specialty-hvac-applications/service-water-heating-domestic-hot-water/heat-pump-water-heaters/exhaust-air-recovery/_index.md
EXCELLENT,181,specialty-applications-testing,specialty-applications-testing/specialty-hvac-applications/service-water-heating-domestic-hot-water/piping-materials-dhw/copper-type-l-m/type-l-copper/_index.md
EXCELLENT,181,specialty-applications-testing,specialty-applications-testing/specialty-hvac-applications/smoke-control-large-volumes/smoke-management-systems/_index.md
EXCELLENT,181,specialty-applications-testing,specialty-applications-testing/specialty-hvac-applications/specialized-cooling-applications/wine-cellars-aging/vibration-control/_index.md
EXCELLENT,181,specialty-applications-testing,specialty-applications-testing/specialty-hvac-applications/tall-buildings-high-rise-hvac/pressure-differentials-vertical-shafts/service-shafts/_index.md
EXCELLENT,181,sustainability-emerging-tech-economics,sustainability-emerging-tech-economics/economic-analysis-hvac/payback-period-analysis/_index.md
EXCELLENT,182,hvac-fundamentals,hvac-fundamentals/energy-resources/renewable-energy-resources/wind-resource-assessment/wind-turbine-systems/_index.md
EXCELLENT,182,international-perspectives,international-perspectives/asian-standards-practices/_index.md
EXCELLENT,182,international-perspectives,international-perspectives/climate-specific-design-approaches/cold-climate-design/_index.md
EXCELLENT,182,maintenance-refrigerant-management,maintenance-refrigerant-management/maintenance-management/spare-parts-management/_index.md
EXCELLENT,182,maintenance-refrigerant-management,maintenance-refrigerant-management/refrigerant-management-safety/refrigerant-handling/_index.md
EXCELLENT,182,professional-development-training,professional-development-training/professional-certifications/technician-certifications/_index.md
EXCELLENT,182,refrigeration-systems,refrigeration-systems/food-processing-refrigeration/meat-processing/meat-freezing-methods/blast-freezing-meat/_index.md
EXCELLENT,182,specialty-applications-testing,specialty-applications-testing/specialty-hvac-applications/engine-test-facilities/combustion-air-supply/makeup-air/_index.md
EXCELLENT,182,specialty-applications-testing,specialty-applications-testing/specialty-hvac-applications/museums-galleries-archives-libraries/exhibition-spaces/temporary-exhibits/_index.md
EXCELLENT,182,specialty-applications-testing,specialty-applications-testing/specialty-hvac-applications/service-water-heating-domestic-hot-water/temperature-maintenance/pipe-insulation/_index.md
EXCELLENT,182,specialty-applications-testing,specialty-applications-testing/specialty-hvac-applications/service-water-heating-domestic-hot-water/water-heater-types/heat-pump-water-heaters/split-hpwh/_index.md
EXCELLENT,182,specialty-applications-testing,specialty-applications-testing/specialty-hvac-applications/snow-melting-freeze-protection-systems/roof-gutter-heating/valley-eave-protection/_index.md
EXCELLENT,182,specialty-applications-testing,specialty-applications-testing/specialty-hvac-applications/tall-buildings-high-rise-hvac/refuge-areas-safe-havens/independent-hvac/_index.md
EXCELLENT,182,specialty-applications-testing,specialty-applications-testing/specialty-hvac-applications/tall-buildings-high-rise-hvac/wind-effects-tall-buildings/building-sway/_index.md
EXCELLENT,182,specialty-applications-testing,specialty-applications-testing/specialty-hvac-applications/textile-processing-plants/dyeing-finishing/heat-recovery/_index.md
EXCELLENT,182,specialty-applications-testing,specialty-applications-testing/specialty-hvac-applications/textile-processing-plants/spinning-processes/humidity-for-fiber-strength/_index.md
EXCELLENT,182,sustainability-emerging-tech-economics,sustainability-emerging-tech-economics/computational-methods-research/temperature-modeling/fourier-series-models/_index.md
EXCELLENT,182,sustainability-emerging-tech-economics,sustainability-emerging-tech-economics/emerging-hvac-technologies/solar-energy-equipment/solar-system-components/expansion-tanks-solar/_index.md
EXCELLENT,183,hvac-fundamentals,hvac-fundamentals/energy-resources/renewable-energy-resources/hydroelectric-resources/capacity-factors/_index.md
EXCELLENT,183,hvac-fundamentals,hvac-fundamentals/energy-resources/renewable-energy-resources/wind-resource-assessment/_index.md
EXCELLENT,183,international-perspectives,international-perspectives/_index.md
EXCELLENT,183,professional-development-training,professional-development-training/professional-certifications/engineering-certifications/leed-accredited-professional/_index.md
EXCELLENT,183,specialty-applications-testing,specialty-applications-testing/specialty-hvac-applications/mass-transit-hvac/buses-hvac/_index.md
EXCELLENT,183,specialty-applications-testing,specialty-applications-testing/specialty-hvac-applications/places-of-assembly/lecture-halls/seating-capacity-100-to-1000/_index.md
EXCELLENT,183,specialty-applications-testing,specialty-applications-testing/specialty-hvac-applications/places-of-assembly/lecture-halls/tiered-seating-hvac/_index.md
EXCELLENT,183,specialty-applications-testing,specialty-applications-testing/specialty-hvac-applications/service-water-heating-domestic-hot-water/water-heater-sizing/_index.md
EXCELLENT,183,specialty-applications-testing,specialty-applications-testing/specialty-hvac-applications/service-water-heating-domestic-hot-water/water-heater-types/solar-water-heating/passive-solar/_index.md
EXCELLENT,183,specialty-applications-testing,specialty-applications-testing/specialty-hvac-applications/smoke-control-large-volumes/egress-protection/tenable-conditions/_index.md
EXCELLENT,183,specialty-applications-testing,specialty-applications-testing/specialty-hvac-applications/textile-processing-plants/air-washing-systems/evaporative-cooling/_index.md
EXCELLENT,183,specialty-applications-testing,specialty-applications-testing/specialty-hvac-applications/variable-occupancy-control/occupancy-scheduling/_index.md
EXCELLENT,183,specialty-applications-testing,specialty-applications-testing/testing-balancing-commissioning-process/air-systems-testing/duct-traverse-procedures/_index.md
EXCELLENT,183,sustainability-emerging-tech-economics,sustainability-emerging-tech-economics/sustainability-green-building/carbon-reduction-strategies/embodied-carbon/_index.md
EXCELLENT,184,controls-automation-building,controls-automation-building/actuators-detailed/pneumatic-actuators-control/_index.md
EXCELLENT,184,hvac-fundamentals,hvac-fundamentals/energy-resources/energy-consumption-patterns/sectoral-energy-use/transportation-sector/_index.md
EXCELLENT,184,hvac-fundamentals,hvac-fundamentals/energy-resources/fossil-fuel-resources/petroleum-resources/refining-processes/_index.md
EXCELLENT,184,specialty-applications-testing,specialty-applications-testing/specialty-hvac-applications/cleanrooms-controlled-environments/_index.md
EXCELLENT,184,specialty-applications-testing,specialty-applications-testing/specialty-hvac-applications/hospitality-facilities/guest-room-hvac-systems/mini-split-systems/_index.md
EXCELLENT,184,specialty-applications-testing,specialty-applications-testing/specialty-hvac-applications/justice-facilities/_index.md
EXCELLENT,184,specialty-applications-testing,specialty-applications-testing/specialty-hvac-applications/mine-ventilation/refuge-chambers/96-hour-capacity/_index.md
EXCELLENT,184,specialty-applications-testing,specialty-applications-testing/specialty-hvac-applications/natatoriums-indoor-swimming-pools/ventilation-rates-natatoriums/exhaust-air-volumes/_index.md
EXCELLENT,184,specialty-applications-testing,specialty-applications-testing/specialty-hvac-applications/smoke-control-large-volumes/fire-detection-integration/aspirating-systems/_index.md
EXCELLENT,184,specialty-applications-testing,specialty-applications-testing/specialty-hvac-applications/tall-buildings-high-rise-hvac/compartmentalization-strategies/_index.md
EXCELLENT,184,specialty-applications-testing,specialty-applications-testing/specialty-hvac-applications/tall-buildings-high-rise-hvac/smoke-control-tall-buildings/_index.md
EXCELLENT,184,sustainability-emerging-tech-economics,sustainability-emerging-tech-economics/emerging-hvac-technologies/radiant-systems-innovative/_index.md
EXCELLENT,184,sustainability-emerging-tech-economics,sustainability-emerging-tech-economics/emerging-hvac-technologies/solar-energy-equipment/photovoltaic-thermal-hybrid/_index.md
EXCELLENT,184,sustainability-emerging-tech-economics,sustainability-emerging-tech-economics/sustainability-green-building/government-incentive-programs/regional-programs/middle-east-africa/_index.md
EXCELLENT,185,ductwork-piping-distribution,ductwork-piping-distribution/ductwork-air-distribution/duct-construction-standards/_index.md
EXCELLENT,185,hvac-fundamentals,hvac-fundamentals/energy-resources/energy-consumption-patterns/end-use-profiles/cooling-energy-use/_index.md
EXCELLENT,185,professional-development-training,professional-development-training/professional-certifications/_index.md
EXCELLENT,185,refrigeration-systems,refrigeration-systems/food-processing-refrigeration/meat-processing/beef-processing/beef-carcass-chilling/_index.md
EXCELLENT,185,specialty-applications-testing,specialty-applications-testing/seismic-wind-flood-resistant-design/seismic-bracing-equipment/rigid-vs-flexible-bracing/_index.md
EXCELLENT,185,specialty-applications-testing,specialty-applications-testing/specialty-hvac-applications/aircraft-environmental-control/aircraft-ecs-systems/electric-ecs-systems/_index.md
EXCELLENT,185,specialty-applications-testing,specialty-applications-testing/specialty-hvac-applications/data-center-cooling/cooling-architectures/_index.md
EXCELLENT,185,specialty-applications-testing,specialty-applications-testing/specialty-hvac-applications/printing-plants/paper-conditioning/roll-storage/_index.md
EXCELLENT,185,specialty-applications-testing,specialty-applications-testing/specialty-hvac-applications/service-water-heating-domestic-hot-water/heat-pump-water-heaters/integrated-vs-split/_index.md
EXCELLENT,185,specialty-applications-testing,specialty-applications-testing/specialty-hvac-applications/service-water-heating-domestic-hot-water/piping-materials-dhw/cpvc-piping/_index.md
EXCELLENT,185,specialty-applications-testing,specialty-applications-testing/specialty-hvac-applications/snow-melting-freeze-protection-systems/energy-considerations/_index.md
EXCELLENT,185,specialty-applications-testing,specialty-applications-testing/specialty-hvac-applications/tall-buildings-high-rise-hvac/compartmentalization-strategies/smoke-barriers/_index.md
EXCELLENT,185,ventilation-indoor-air-quality,ventilation-indoor-air-quality/ventilation-systems/_index.md
EXCELLENT,186,agricultural-hvac-systems,agricultural-hvac-systems/livestock-environmental-control/heat-stress-mitigation/_index.md
EXCELLENT,186,hvac-fundamentals,hvac-fundamentals/energy-resources/energy-policy/carbon-pricing/_index.md
EXCELLENT,186,hvac-fundamentals,hvac-fundamentals/material-properties/secondary-coolant-properties/specific-heat-brines/_index.md
EXCELLENT,186,refrigeration-systems,refrigeration-systems/condensers/_index.md
EXCELLENT,186,refrigeration-systems,refrigeration-systems/expansion-devices/_index.md
EXCELLENT,186,refrigeration-systems,refrigeration-systems/food-processing-refrigeration/poultry-processing/poultry-freezing/cryogenic-freezing-poultry/_index.md
EXCELLENT,186,refrigeration-systems,refrigeration-systems/food-processing-refrigeration/poultry-processing/poultry-freezing/immersion-freezing-poultry/_index.md
EXCELLENT,186,specialty-applications-testing,specialty-applications-testing/acoustic-noise-vibration/sound-attenuation/barriers-enclosures/_index.md
EXCELLENT,186,specialty-applications-testing,specialty-applications-testing/specialty-hvac-applications/aircraft-environmental-control/cabin-pressurization/safety-valves/_index.md
EXCELLENT,186,specialty-applications-testing,specialty-applications-testing/specialty-hvac-applications/data-center-cooling/_index.md
EXCELLENT,186,specialty-applications-testing,specialty-applications-testing/specialty-hvac-applications/industrial-local-exhaust/material-conveying/dust-collection/_index.md
EXCELLENT,186,specialty-applications-testing,specialty-applications-testing/specialty-hvac-applications/justice-facilities/secure-ductwork/bar-reinforcement/_index.md
EXCELLENT,186,specialty-applications-testing,specialty-applications-testing/specialty-hvac-applications/museums-galleries-archives-libraries/museum-hvac-requirements/_index.md
EXCELLENT,186,specialty-applications-testing,specialty-applications-testing/specialty-hvac-applications/museums-galleries-archives-libraries/preventive-conservation/collection-surveys/_index.md
EXCELLENT,186,specialty-applications-testing,specialty-applications-testing/specialty-hvac-applications/natatoriums-indoor-swimming-pools/pool-deck-heating-systems/electric-heating-systems/_index.md
EXCELLENT,186,sustainability-emerging-tech-economics,sustainability-emerging-tech-economics/computational-methods-research/temperature-modeling/climate-data-modeling/_index.md
EXCELLENT,187,codes-standards-regulations-safety,codes-standards-regulations-safety/codes-standards-regulations/ashrae-standards-detailed/ashrae-189-1-green-buildings/_index.md
EXCELLENT,187,codes-standards-regulations-safety,codes-standards-regulations-safety/health-safety-hvac/confined-space-entry/_index.md
EXCELLENT,187,controls-automation-building,controls-automation-building/actuators-detailed/_index.md
EXCELLENT,187,heating-systems,heating-systems/boilers/boiler-types/condensing-boilers/_index.md
EXCELLENT,187,hvac-fundamentals,hvac-fundamentals/building-envelope-moisture/hygrothermal-material-properties/_index.md
EXCELLENT,187,hvac-fundamentals,hvac-fundamentals/energy-resources/renewable-energy-resources/biomass-resources/biomass-heating-applications/_index.md
EXCELLENT,187,international-perspectives,international-perspectives/climate-specific-design-approaches/tropical-climate-design/equipment-considerations/_index.md
EXCELLENT,187,specialty-applications-testing,specialty-applications-testing/seismic-wind-flood-resistant-design/equipment-certification/_index.md
EXCELLENT,187,specialty-applications-testing,specialty-applications-testing/seismic-wind-flood-resistant-design/equipment-certification/icc-es-approval/_index.md
EXCELLENT,187,specialty-applications-testing,specialty-applications-testing/specialty-hvac-applications/acoustic-considerations-assembly/noise-criteria-venues/nc-20-concert-halls/_index.md
EXCELLENT,187,specialty-applications-testing,specialty-applications-testing/specialty-hvac-applications/data-center-cooling/redundancy-reliability/_index.md
EXCELLENT,187,specialty-applications-testing,specialty-applications-testing/specialty-hvac-applications/fire-emt-stations/living-quarters/24-hour-occupancy/_index.md
EXCELLENT,187,specialty-applications-testing,specialty-applications-testing/specialty-hvac-applications/mass-transit-hvac/_index.md
EXCELLENT,187,specialty-applications-testing,specialty-applications-testing/specialty-hvac-applications/natatoriums-indoor-swimming-pools/ventilation-rates-natatoriums/ventilation-effectiveness/_index.md
EXCELLENT,187,specialty-applications-testing,specialty-applications-testing/specialty-hvac-applications/places-of-assembly/arenas-stadiums/event-loads-arenas/_index.md
EXCELLENT,187,specialty-applications-testing,specialty-applications-testing/specialty-hvac-applications/service-water-heating-domestic-hot-water/legionella-prevention/high-temperature-storage/_index.md
EXCELLENT,187,specialty-applications-testing,specialty-applications-testing/specialty-hvac-applications/service-water-heating-domestic-hot-water/legionella-prevention/temperature-control/_index.md
EXCELLENT,187,specialty-applications-testing,specialty-applications-testing/specialty-hvac-applications/service-water-heating-domestic-hot-water/recovery-time-calculations/temperature-rise/_index.md
EXCELLENT,187,specialty-applications-testing,specialty-applications-testing/specialty-hvac-applications/smoke-control-large-volumes/fire-detection-integration/beam-detectors/_index.md
EXCELLENT,187,specialty-applications-testing,specialty-applications-testing/specialty-hvac-applications/smoke-control-large-volumes/smoke-management-systems/exhaust-systems/_index.md
EXCELLENT,187,specialty-applications-testing,specialty-applications-testing/specialty-hvac-applications/tall-buildings/stack-effect/_index.md
EXCELLENT,187,specialty-applications-testing,specialty-applications-testing/specialty-hvac-applications/textile-processing-plants/dyeing-finishing/dyehouse-ventilation/_index.md
EXCELLENT,187,specialty-applications-testing,specialty-applications-testing/specialty-hvac-applications/variable-occupancy-control/occupancy-scheduling/setup-teardown-scheduling/_index.md
EXCELLENT,187,specialty-applications-testing,specialty-applications-testing/specialty-hvac-applications/wood-paper-facilities/lumber-drying-kilns/solar-kilns/_index.md
EXCELLENT,187,sustainability-emerging-tech-economics,sustainability-emerging-tech-economics/sustainability-green-building/environmental-product-declarations/_index.md
EXCELLENT,188,controls-automation-building,controls-automation-building/control-system-architectures/_index.md
EXCELLENT,188,ductwork-piping-distribution,ductwork-piping-distribution/ductwork-air-distribution/_index.md
EXCELLENT,188,hvac-fundamentals,hvac-fundamentals/energy-resources/renewable-energy-resources/geothermal-resources/direct-use-applications/_index.md
EXCELLENT,188,specialty-applications-testing,specialty-applications-testing/seismic-wind-flood-resistant-design/tornado-resistant-design/debris-impact/_index.md
EXCELLENT,188,specialty-applications-testing,specialty-applications-testing/specialty-hvac-applications/automobiles-hvac/cabin-thermal-loads/equipment-loads/_index.md
EXCELLENT,188,specialty-applications-testing,specialty-applications-testing/specialty-hvac-applications/educational-facilities/demand-controlled-ventilation-classrooms/occupancy-sensors-ventilation/_index.md
EXCELLENT,188,specialty-applications-testing,specialty-applications-testing/specialty-hvac-applications/educational-facilities/lecture-halls-auditoriums/av-integration-lecture/_index.md
EXCELLENT,188,specialty-applications-testing,specialty-applications-testing/specialty-hvac-applications/engine-test-facilities/noise-control-test-cells/sound-isolation/_index.md
EXCELLENT,188,specialty-applications-testing,specialty-applications-testing/specialty-hvac-applications/farm-crops-processing/potato-storage/curing-50-60f/_index.md
EXCELLENT,188,specialty-applications-testing,specialty-applications-testing/specialty-hvac-applications/justice-facilities/ventilation-security-areas/sally-ports/_index.md
EXCELLENT,188,specialty-applications-testing,specialty-applications-testing/specialty-hvac-applications/mine-ventilation/refuge-chambers/air-supply/_index.md
EXCELLENT,188,specialty-applications-testing,specialty-applications-testing/specialty-hvac-applications/mine-ventilation/refuge-chambers/environmental-control/_index.md
EXCELLENT,188,specialty-applications-testing,specialty-applications-testing/specialty-hvac-applications/service-water-heating-domestic-hot-water/recirculation-pumps/timer-controlled/_index.md
EXCELLENT,188,specialty-applications-testing,specialty-applications-testing/specialty-hvac-applications/specialized-venue-requirements/ballrooms-banquet/capacity-variation-10-to-1000/_index.md
EXCELLENT,188,specialty-applications-testing,specialty-applications-testing/specialty-hvac-applications/variable-occupancy-control/event-mode-operation/_index.md
EXCELLENT,189,codes-standards-regulations-safety,codes-standards-regulations-safety/codes-standards-regulations/ashrae-standards-detailed/_index.md
EXCELLENT,189,codes-standards-regulations-safety,codes-standards-regulations-safety/codes-standards-regulations/international-codes/ifc-international-fire-code/_index.md
EXCELLENT,189,international-perspectives,international-perspectives/climate-specific-design-approaches/hot-dry-extreme-desert-climate/_index.md
EXCELLENT,189,international-perspectives,international-perspectives/climate-specific-design-approaches/tropical-climate-design/_index.md
EXCELLENT,189,maintenance-refrigerant-management,maintenance-refrigerant-management/maintenance-management/corrective-maintenance/_index.md
EXCELLENT,189,specialty-applications-testing,specialty-applications-testing/specialty-hvac-applications/agricultural-drying-storage/tobacco-curing-barns/dark-fired-tobacco/_index.md
EXCELLENT,189,specialty-applications-testing,specialty-applications-testing/specialty-hvac-applications/automobiles-hvac/electric-vehicle-hvac/heat-pump-systems-ev/_index.md
EXCELLENT,189,specialty-applications-testing,specialty-applications-testing/specialty-hvac-applications/justice-facilities/security-considerations-hvac/ductwork-security/_index.md
EXCELLENT,189,specialty-applications-testing,specialty-applications-testing/specialty-hvac-applications/places-of-assembly/houses-of-worship/mosques/_index.md
EXCELLENT,189,specialty-applications-testing,specialty-applications-testing/specialty-hvac-applications/smoke-control-large-volumes/large-volume-spaces/plug-holing-prevention/_index.md
EXCELLENT,189,specialty-applications-testing,specialty-applications-testing/specialty-hvac-applications/snow-melting-freeze-protection-systems/electric-snow-melting/cable-types/_index.md
EXCELLENT,189,specialty-applications-testing,specialty-applications-testing/specialty-hvac-applications/specialized-venue-requirements/indoor-sports-facilities/air-distribution-sports/_index.md
EXCELLENT,189,specialty-applications-testing,specialty-applications-testing/specialty-hvac-applications/specialized-venue-requirements/natatoriums-assembly/chloramine-control-spectators/_index.md
EXCELLENT,189,specialty-applications-testing,specialty-applications-testing/specialty-hvac-applications/tall-buildings-high-rise-hvac/central-vs-distributed-systems/central-plant-advantages/_index.md
EXCELLENT,189,specialty-applications-testing,specialty-applications-testing/specialty-hvac-applications/tall-buildings-high-rise-hvac/fire-service-access-elevators/lobby-pressurization/_index.md
EXCELLENT,189,sustainability-emerging-tech-economics,sustainability-emerging-tech-economics/sustainability-green-building/government-incentive-programs/financing-mechanisms/_index.md
EXCELLENT,190,controls-automation-building,controls-automation-building/cybersecurity-controls/_index.md
EXCELLENT,190,hvac-fundamentals,hvac-fundamentals/energy-resources/renewable-energy-resources/geothermal-resources/ground-source-heat-pumps/_index.md
EXCELLENT,190,international-perspectives,international-perspectives/climate-specific-design-approaches/humid-subtropical-climate/equipment-considerations/_index.md
EXCELLENT,190,international-perspectives,international-perspectives/global-professional-organizations/_index.md
EXCELLENT,190,refrigeration-systems,refrigeration-systems/food-processing-refrigeration/fishery-products/fish-freezing/glaze-application/_index.md
EXCELLENT,190,specialty-applications-testing,specialty-applications-testing/acoustic-noise-vibration/sound-attenuation/silencers/_index.md
EXCELLENT,190,specialty-applications-testing,specialty-applications-testing/specialty-hvac-applications/agricultural-drying-storage/hay-drying-storage/_index.md
EXCELLENT,190,specialty-applications-testing,specialty-applications-testing/specialty-hvac-applications/enclosed-vehicular-facilities/emergency-ventilation-tunnels/_index.md
EXCELLENT,190,specialty-applications-testing,specialty-applications-testing/specialty-hvac-applications/fire-emt-stations/apparatus-bays/source-capture/_index.md
EXCELLENT,190,specialty-applications-testing,specialty-applications-testing/specialty-hvac-applications/high-occupancy-density-hvac/demand-controlled-ventilation/co2-sensors-dcv/_index.md
EXCELLENT,190,specialty-applications-testing,specialty-applications-testing/specialty-hvac-applications/high-occupancy-density-hvac/load-diversity/peak-vs-average-loads/_index.md
EXCELLENT,190,specialty-applications-testing,specialty-applications-testing/specialty-hvac-applications/hospitality-facilities/guest-room-hvac-systems/fan-coil-systems/_index.md
EXCELLENT,190,specialty-applications-testing,specialty-applications-testing/specialty-hvac-applications/hospitality-facilities/guest-room-ventilation/_index.md
EXCELLENT,190,specialty-applications-testing,specialty-applications-testing/specialty-hvac-applications/industrial-local-exhaust/fume-extraction/local-exhaust-arms/_index.md
EXCELLENT,190,specialty-applications-testing,specialty-applications-testing/specialty-hvac-applications/places-of-assembly/houses-of-worship/high-ceilings-worship/_index.md
EXCELLENT,190,specialty-applications-testing,specialty-applications-testing/specialty-hvac-applications/service-water-heating-domestic-hot-water/solar-water-heating/active-vs-passive/active-systems/_index.md
EXCELLENT,190,specialty-applications-testing,specialty-applications-testing/specialty-hvac-applications/service-water-heating-domestic-hot-water/water-heater-sizing/first-hour-rating/_index.md
EXCELLENT,190,specialty-applications-testing,specialty-applications-testing/specialty-hvac-applications/ships-marine-hvac/engine-room-ventilation/_index.md
EXCELLENT,190,specialty-applications-testing,specialty-applications-testing/specialty-hvac-applications/tall-buildings-high-rise-hvac/wind-effects-tall-buildings/wind-pressure/_index.md
EXCELLENT,190,specialty-applications-testing,specialty-applications-testing/specialty-hvac-applications/textile-processing-plants/lint-control/duct-velocities-4000-fpm/_index.md
EXCELLENT,190,specialty-applications-testing,specialty-applications-testing/specialty-hvac-applications/textile-processing-plants/spinning-processes/open-end-spinning/_index.md
EXCELLENT,190,ventilation-indoor-air-quality,ventilation-indoor-air-quality/indoor-air-quality-management/co2-monitoring-dcv/_index.md
EXCELLENT,191,agricultural-hvac-systems,agricultural-hvac-systems/livestock-housing-systems/_index.md
EXCELLENT,191,ductwork-piping-distribution,ductwork-piping-distribution/_index.md
EXCELLENT,191,specialty-applications-testing,specialty-applications-testing/specialty-hvac-applications/aircraft-environmental-control/bleed-air-systems/bleed-air-distribution/_index.md
EXCELLENT,191,specialty-applications-testing,specialty-applications-testing/specialty-hvac-applications/automobiles-hvac/cabin-thermal-loads/solar-radiation-loads/_index.md
EXCELLENT,191,specialty-applications-testing,specialty-applications-testing/specialty-hvac-applications/automobiles-hvac/climate-control-automatic/zone-control-systems/_index.md
EXCELLENT,191,specialty-applications-testing,specialty-applications-testing/specialty-hvac-applications/hospitality-facilities/hotels-motels-hvac/resort-spa-facilities/_index.md
EXCELLENT,191,specialty-applications-testing,specialty-applications-testing/specialty-hvac-applications/service-water-heating-domestic-hot-water/legionella-prevention/_index.md
EXCELLENT,191,specialty-applications-testing,specialty-applications-testing/specialty-hvac-applications/smoke-control-large-volumes/atrium-smoke-control/_index.md
EXCELLENT,191,specialty-applications-testing,specialty-applications-testing/specialty-hvac-applications/tall-buildings-high-rise-hvac/high-rise-system-types/_index.md
EXCELLENT,191,sustainability-emerging-tech-economics,sustainability-emerging-tech-economics/emerging-hvac-technologies/heat-pump-innovations/_index.md
EXCELLENT,192,codes-standards-regulations-safety,codes-standards-regulations-safety/_index.md
EXCELLENT,192,controls-automation-building,controls-automation-building/sensors-transducers/air-quality-sensors-detailed/_index.md
EXCELLENT,192,refrigeration-systems,refrigeration-systems/food-processing-refrigeration/meat-processing/slaughterhouse-refrigeration/carcass-chilling/_index.md
EXCELLENT,192,specialty-applications-testing,specialty-applications-testing/specialty-hvac-applications/hospitality-facilities/energy-management-hotels/room-automation/_index.md
EXCELLENT,192,specialty-applications-testing,specialty-applications-testing/specialty-hvac-applications/industrial-drying-systems/spray-dryers/exhaust-cyclone/_index.md
EXCELLENT,192,specialty-applications-testing,specialty-applications-testing/specialty-hvac-applications/museums-galleries-archives-libraries/rare-book-libraries/humidity-control/_index.md
EXCELLENT,192,specialty-applications-testing,specialty-applications-testing/specialty-hvac-applications/service-water-heating-domestic-hot-water/legionella-prevention/water-treatment/_index.md
EXCELLENT,192,specialty-applications-testing,specialty-applications-testing/specialty-hvac-applications/tall-buildings-high-rise-hvac/pressure-differentials-vertical-shafts/calculation-methods/_index.md
EXCELLENT,193,codes-standards-regulations-safety,codes-standards-regulations-safety/codes-standards-regulations/ashrae-standards-detailed/ashrae-55-thermal-comfort/_index.md
EXCELLENT,193,heating-systems,heating-systems/boilers/boiler-types/cast-iron/_index.md
EXCELLENT,193,hvac-fundamentals,hvac-fundamentals/energy-resources/renewable-energy-resources/hydroelectric-resources/hydropower-types/_index.md
EXCELLENT,193,specialty-applications-testing,specialty-applications-testing/seismic-wind-flood-resistant-design/seismic-bracing-piping/riser-supports/_index.md
EXCELLENT,193,specialty-applications-testing,specialty-applications-testing/specialty-hvac-applications/automobiles-hvac/ventilation-automotive/fresh-air-systems/_index.md
EXCELLENT,193,specialty-applications-testing,specialty-applications-testing/specialty-hvac-applications/educational-facilities/ventilation-standards-schools/classroom-density/_index.md
EXCELLENT,193,specialty-applications-testing,specialty-applications-testing/specialty-hvac-applications/fire-emt-stations/living-quarters/sleeping-areas/_index.md
EXCELLENT,193,specialty-applications-testing,specialty-applications-testing/specialty-hvac-applications/high-occupancy-density-hvac/ventilation-requirements/co2-monitoring/_index.md
EXCELLENT,193,specialty-applications-testing,specialty-applications-testing/specialty-hvac-applications/industrial-drying-systems/drying-process-fundamentals/drying-curves/_index.md
EXCELLENT,193,specialty-applications-testing,specialty-applications-testing/specialty-hvac-applications/service-water-heating-domestic-hot-water/distribution-systems-dhw/_index.md
EXCELLENT,193,specialty-applications-testing,specialty-applications-testing/specialty-hvac-applications/service-water-heating-domestic-hot-water/water-heater-types/indirect-water-heaters/hydronic-system-indirect/_index.md
EXCELLENT,193,specialty-applications-testing,specialty-applications-testing/specialty-hvac-applications/variable-occupancy-control/occupancy-scheduling/events-performances/_index.md
EXCELLENT,193,ventilation-indoor-air-quality,ventilation-indoor-air-quality/ventilation-systems/ventilation-principles/_index.md
EXCELLENT,194,ductwork-piping-distribution,ductwork-piping-distribution/ductwork-air-distribution/duct-design-methods/_index.md
EXCELLENT,194,international-perspectives,international-perspectives/european-standards-practices/renewable-energy-directive/_index.md
EXCELLENT,194,specialty-applications-testing,specialty-applications-testing/seismic-wind-flood-resistant-design/seismic-bracing-equipment/lateral-longitudinal-bracing/_index.md
EXCELLENT,194,specialty-applications-testing,specialty-applications-testing/specialty-hvac-applications/aircraft-environmental-control/aircraft-ecs-systems/air-cycle-systems/_index.md
EXCELLENT,194,specialty-applications-testing,specialty-applications-testing/specialty-hvac-applications/farm-crops-processing/seed-storage/viability-preservation/_index.md
EXCELLENT,194,specialty-applications-testing,specialty-applications-testing/specialty-hvac-applications/healthcare-hvac/patient-rooms/_index.md
EXCELLENT,194,specialty-applications-testing,specialty-applications-testing/specialty-hvac-applications/high-occupancy-density-hvac/ventilation-requirements/minimum-ventilation-rates/_index.md
EXCELLENT,194,specialty-applications-testing,specialty-applications-testing/specialty-hvac-applications/industrial-local-exhaust/dust-collection/efficiency/_index.md
EXCELLENT,194,specialty-applications-testing,specialty-applications-testing/specialty-hvac-applications/mass-transit-hvac/equipment-placement-transit/_index.md
EXCELLENT,194,specialty-applications-testing,specialty-applications-testing/specialty-hvac-applications/natatoriums-indoor-swimming-pools/water-chemistry-hvac-impact/corrosion-impact/_index.md
EXCELLENT,194,specialty-applications-testing,specialty-applications-testing/specialty-hvac-applications/smoke-control-large-volumes/fire-detection-integration/_index.md
EXCELLENT,194,specialty-applications-testing,specialty-applications-testing/specialty-hvac-applications/specialized-venue-requirements/exhibition-halls/exhibit-booth-loads/_index.md
EXCELLENT,194,specialty-applications-testing,specialty-applications-testing/specialty-hvac-applications/tall-buildings-high-rise-hvac/fire-service-access-elevators/emergency-power/_index.md
EXCELLENT,194,specialty-applications-testing,specialty-applications-testing/specialty-hvac-applications/variable-occupancy-control/pre-event-conditioning/_index.md
EXCELLENT,194,technical-guides,technical-guides/_index.md
EXCELLENT,195,codes-standards-regulations-safety,codes-standards-regulations-safety/codes-standards-regulations/international-codes/imc-international-mechanical-code/_index.md
EXCELLENT,195,hvac-fundamentals,hvac-fundamentals/material-properties/secondary-coolant-properties/glycol-solutions/concentration-effects/_index.md
EXCELLENT,195,international-perspectives,international-perspectives/climate-specific-design-approaches/mediterranean-climate/_index.md
EXCELLENT,195,international-perspectives,international-perspectives/climate-specific-design-approaches/tropical-climate-design/hvac-strategies/_index.md
EXCELLENT,195,refrigeration-systems,refrigeration-systems/commercial-refrigeration/_index.md
EXCELLENT,195,specialty-applications-testing,specialty-applications-testing/specialty-hvac-applications/automobiles-hvac/defrost-defogging/_index.md
EXCELLENT,195,specialty-applications-testing,specialty-applications-testing/specialty-hvac-applications/mine-ventilation/main-fans/_index.md
EXCELLENT,195,specialty-applications-testing,specialty-applications-testing/specialty-hvac-applications/natatoriums-indoor-swimming-pools/air-distribution-pools/exhaust-air-strategies/_index.md
EXCELLENT,195,specialty-applications-testing,specialty-applications-testing/specialty-hvac-applications/natatoriums-indoor-swimming-pools/design-conditions-natatoriums/humidity-requirements/_index.md
EXCELLENT,195,specialty-applications-testing,specialty-applications-testing/specialty-hvac-applications/service-water-heating-domestic-hot-water/solar-water-heating/active-vs-passive/passive-systems/_index.md
EXCELLENT,195,specialty-applications-testing,specialty-applications-testing/specialty-hvac-applications/smoke-control-large-volumes/_index.md
EXCELLENT,195,specialty-applications-testing,specialty-applications-testing/specialty-hvac-applications/tall-buildings-high-rise-hvac/high-rise-system-types/water-source-heat-pumps/_index.md
EXCELLENT,195,specialty-applications-testing,specialty-applications-testing/testing-balancing-commissioning-process/control-system-verification/_index.md
EXCELLENT,196,air-conditioning-cooling,air-conditioning-cooling/cooling-towers/free-cooling-operation/_index.md
EXCELLENT,196,controls-automation-building,controls-automation-building/sequences-of-operation-detailed/boiler-plant-sequences/_index.md
EXCELLENT,196,hvac-fundamentals,hvac-fundamentals/energy-resources/energy-policy/building-energy-codes/code-compliance/_index.md
EXCELLENT,196,hvac-fundamentals,hvac-fundamentals/energy-resources/fossil-fuel-resources/coal-characteristics/environmental-impacts/_index.md
EXCELLENT,196,hvac-fundamentals,hvac-fundamentals/energy-resources/renewable-energy-resources/geothermal-resources/_index.md
EXCELLENT,196,hvac-fundamentals,hvac-fundamentals/energy-resources/renewable-energy-resources/solar-resource-assessment/solar-geometry/_index.md
EXCELLENT,196,international-perspectives,international-perspectives/climate-specific-design-approaches/hot-dry-extreme-desert-climate/building-envelope-strategies/_index.md
EXCELLENT,196,international-perspectives,international-perspectives/european-standards-practices/en-european-standards/_index.md
EXCELLENT,196,specialty-applications-testing,specialty-applications-testing/specialty-hvac-applications/data-center-cooling/precision-cooling/_index.md
EXCELLENT,196,specialty-applications-testing,specialty-applications-testing/specialty-hvac-applications/industrial-local-exhaust/material-conveying/pneumatic/_index.md
EXCELLENT,196,specialty-applications-testing,specialty-applications-testing/specialty-hvac-applications/justice-facilities/correctional-facilities/dining-facilities-correctional/_index.md
EXCELLENT,196,specialty-applications-testing,specialty-applications-testing/specialty-hvac-applications/service-water-heating-domestic-hot-water/_index.md
EXCELLENT,196,specialty-applications-testing,specialty-applications-testing/specialty-hvac-applications/service-water-heating-domestic-hot-water/heat-pump-water-heaters/integrated-vs-split/integrated-units/_index.md
EXCELLENT,196,specialty-applications-testing,specialty-applications-testing/specialty-hvac-applications/service-water-heating-domestic-hot-water/water-heater-types/tankless-water-heaters/gas-tankless/_index.md
EXCELLENT,196,specialty-applications-testing,specialty-applications-testing/specialty-hvac-applications/snow-melting-freeze-protection-systems/application-areas/stairs-steps/_index.md
EXCELLENT,196,specialty-applications-testing,specialty-applications-testing/specialty-hvac-applications/tall-buildings-high-rise-hvac/wind-effects-tall-buildings/weather-sealing/_index.md
EXCELLENT,196,specialty-applications-testing,specialty-applications-testing/testing-balancing-commissioning-process/functional-performance-testing/equipment-performance-tests/_index.md
EXCELLENT,196,sustainability-emerging-tech-economics,sustainability-emerging-tech-economics/sustainability-green-building/carbon-reduction-strategies/operational-carbon/_index.md
EXCELLENT,196,sustainability-emerging-tech-economics,sustainability-emerging-tech-economics/sustainability-green-building/green-building-rating-systems/_index.md
EXCELLENT,197,hvac-systems,hvac-systems/air-handling-systems/_index.md
EXCELLENT,197,international-perspectives,international-perspectives/european-standards-practices/en-european-standards/ductwork-standards/_index.md
EXCELLENT,197,load-calculations-energy-efficiency,load-calculations-energy-efficiency/_index.md
EXCELLENT,197,professional-development-training,professional-development-training/professional-certifications/technician-certifications/nate-north-american-technician-excellence/_index.md
EXCELLENT,197,specialty-applications-testing,specialty-applications-testing/seismic-wind-flood-resistant-design/hurricane-resistant-design/missile-impact/_index.md
EXCELLENT,197,specialty-applications-testing,specialty-applications-testing/specialty-hvac-applications/farm-crops-processing/potato-storage/rh-90-95-percent/_index.md
EXCELLENT,197,specialty-applications-testing,specialty-applications-testing/specialty-hvac-applications/justice-facilities/security-considerations-hvac/grille-security/_index.md
EXCELLENT,197,specialty-applications-testing,specialty-applications-testing/specialty-hvac-applications/mine-ventilation/heat-stress-mines/cooling-systems/_index.md
EXCELLENT,197,specialty-applications-testing,specialty-applications-testing/specialty-hvac-applications/natatoriums-indoor-swimming-pools/pool-water-evaporation-rates/_index.md
EXCELLENT,197,specialty-applications-testing,specialty-applications-testing/specialty-hvac-applications/service-water-heating-domestic-hot-water/dhw-systems-design/recirculation-systems/_index.md
EXCELLENT,197,specialty-applications-testing,specialty-applications-testing/specialty-hvac-applications/specialized-cooling-applications/musical-instrument-storage/instrument-specific-requirements/_index.md
EXCELLENT,197,specialty-applications-testing,specialty-applications-testing/specialty-hvac-applications/tall-buildings-high-rise-hvac/compartmentalization-strategies/horizontal-zoning/_index.md
EXCELLENT,197,specialty-applications-testing,specialty-applications-testing/specialty-hvac-applications/variable-occupancy-control/occupancy-scheduling/games-sporting-events/_index.md
EXCELLENT,198,air-conditioning-cooling,air-conditioning-cooling/humidifiers/steam-humidifiers/_index.md
EXCELLENT,198,codes-standards-regulations-safety,codes-standards-regulations-safety/health-safety-hvac/fall-protection/_index.md
EXCELLENT,198,refrigeration-systems,refrigeration-systems/industrial-refrigeration/_index.md
EXCELLENT,198,specialty-applications-testing,specialty-applications-testing/specialty-hvac-applications/enclosed-vehicular-facilities/parking-garages-enclosed/_index.md
EXCELLENT,198,specialty-applications-testing,specialty-applications-testing/specialty-hvac-applications/high-occupancy-density-hvac/cooling-loads-assembly/lighting-loads/_index.md
EXCELLENT,198,specialty-applications-testing,specialty-applications-testing/specialty-hvac-applications/justice-facilities/prisons-jails-hvac/security-considerations-design/_index.md
EXCELLENT,198,specialty-applications-testing,specialty-applications-testing/specialty-hvac-applications/justice-facilities/secure-ductwork/welded-construction/_index.md
EXCELLENT,198,specialty-applications-testing,specialty-applications-testing/specialty-hvac-applications/printing-plants/static-electricity-control/grounding/_index.md
EXCELLENT,198,specialty-applications-testing,specialty-applications-testing/specialty-hvac-applications/service-water-heating-domestic-hot-water/dhw-systems-design/centralized-systems/_index.md
EXCELLENT,198,specialty-applications-testing,specialty-applications-testing/specialty-hvac-applications/service-water-heating-domestic-hot-water/mixing-valves-thermostatic/asse-1017-standard/_index.md
EXCELLENT,198,specialty-applications-testing,specialty-applications-testing/specialty-hvac-applications/service-water-heating-domestic-hot-water/water-heater-types/_index.md
EXCELLENT,198,specialty-applications-testing,specialty-applications-testing/specialty-hvac-applications/ships-marine-hvac/cargo-hold-ventilation/bulk-carriers/_index.md
EXCELLENT,198,specialty-applications-testing,specialty-applications-testing/specialty-hvac-applications/smoke-control-large-volumes/egress-protection/smoke-free-areas/_index.md
EXCELLENT,198,sustainability-emerging-tech-economics,sustainability-emerging-tech-economics/_index.md
EXCELLENT,198,sustainability-emerging-tech-economics,sustainability-emerging-tech-economics/emerging-hvac-technologies/solar-energy-equipment/solar-thermal-systems/combined-systems/_index.md
EXCELLENT,198,sustainability-emerging-tech-economics,sustainability-emerging-tech-economics/sustainability-green-building/government-incentive-programs/developing-country-programs/_index.md
EXCELLENT,199,specialty-applications-testing,specialty-applications-testing/specialty-hvac-applications/engine-test-facilities/noise-control-test-cells/nc-criteria/_index.md
EXCELLENT,199,specialty-applications-testing,specialty-applications-testing/specialty-hvac-applications/high-occupancy-density-hvac/heating-loads-assembly/warm-up-requirements/_index.md
EXCELLENT,199,specialty-applications-testing,specialty-applications-testing/specialty-hvac-applications/industrial-drying-systems/spray-dryers/milk-chemical-pharmaceutical/_index.md
EXCELLENT,199,specialty-applications-testing,specialty-applications-testing/specialty-hvac-applications/justice-facilities/correctional-facilities/_index.md
EXCELLENT,199,specialty-applications-testing,specialty-applications-testing/specialty-hvac-applications/service-water-heating-domestic-hot-water/water-heater-types/solar-water-heating/drainback-systems/_index.md
EXCELLENT,199,specialty-applications-testing,specialty-applications-testing/specialty-hvac-applications/smoke-control-large-volumes/large-volume-spaces/thermal-inertia/_index.md
EXCELLENT,199,specialty-applications-testing,specialty-applications-testing/specialty-hvac-applications/snow-melting-freeze-protection-systems/roof-gutter-heating/ice-dam-prevention/_index.md
EXCELLENT,199,specialty-applications-testing,specialty-applications-testing/specialty-hvac-applications/specialized-venue-requirements/exhibition-halls/movable-partitions/_index.md
EXCELLENT,199,specialty-applications-testing,specialty-applications-testing/specialty-hvac-applications/tall-buildings-high-rise-hvac/central-vs-distributed-systems/distributed-systems-per-floor/_index.md
EXCELLENT,199,specialty-applications-testing,specialty-applications-testing/testing-balancing-commissioning-process/hydronic-systems-testing/balancing-procedures-hydronic/_index.md
EXCELLENT,200,heating-systems,heating-systems/unit-ventilators-heaters-makeup-air/unit-heaters/vertical-unit-heaters/_index.md
EXCELLENT,200,hvac-fundamentals,hvac-fundamentals/energy-resources/renewable-energy-resources/biomass-resources/biogas-resources/_index.md
EXCELLENT,200,hvac-fundamentals,hvac-fundamentals/energy-resources/renewable-energy-resources/biomass-resources/waste-to-energy/_index.md
EXCELLENT,200,maintenance-refrigerant-management,maintenance-refrigerant-management/refrigerant-management-safety/refrigerant-handling/recovery-procedures/_index.md
EXCELLENT,200,specialty-applications-testing,specialty-applications-testing/specialty-hvac-applications/aircraft-environmental-control/air-conditioning-packs/_index.md
EXCELLENT,200,specialty-applications-testing,specialty-applications-testing/specialty-hvac-applications/aircraft-environmental-control/humidity-control-aircraft/low-humidity-issues/_index.md
EXCELLENT,200,specialty-applications-testing,specialty-applications-testing/specialty-hvac-applications/justice-facilities/courthouses/_index.md
EXCELLENT,200,specialty-applications-testing,specialty-applications-testing/specialty-hvac-applications/service-water-heating-domestic-hot-water/expansion-tanks-dhw/thermal-expansion-control/_index.md
EXCELLENT,200,specialty-applications-testing,specialty-applications-testing/specialty-hvac-applications/service-water-heating-domestic-hot-water/water-heater-types/solar-water-heating/glycol-systems/_index.md
EXCELLENT,200,specialty-applications-testing,specialty-applications-testing/specialty-hvac-applications/smoke-control-large-volumes/egress-protection/_index.md
EXCELLENT,200,sustainability-emerging-tech-economics,sustainability-emerging-tech-economics/sustainability-green-building/circular-economy-hvac/_index.md
EXCELLENT,201,ductwork-piping-distribution,ductwork-piping-distribution/ductwork-air-distribution/duct-materials/non-metal-ducts/_index.md
EXCELLENT,201,specialty-applications-testing,specialty-applications-testing/seismic-wind-flood-resistant-design/equipment-certification/wind-ratings/_index.md
EXCELLENT,201,specialty-applications-testing,specialty-applications-testing/seismic-wind-flood-resistant-design/hurricane-resistant-design/rooftop-equipment/_index.md
EXCELLENT,201,specialty-applications-testing,specialty-applications-testing/specialty-hvac-applications/industrial-drying-systems/rotary-dryers/_index.md
EXCELLENT,201,specialty-applications-testing,specialty-applications-testing/specialty-hvac-applications/justice-facilities/smoke-control-justice/stairwell-pressurization/_index.md
EXCELLENT,201,specialty-applications-testing,specialty-applications-testing/specialty-hvac-applications/service-water-heating-domestic-hot-water/recovery-time-calculations/btu-input-requirement/_index.md
EXCELLENT,201,specialty-applications-testing,specialty-applications-testing/specialty-hvac-applications/service-water-heating-domestic-hot-water/water-heater-types/indirect-water-heaters/boiler-indirect/_index.md
EXCELLENT,201,sustainability-emerging-tech-economics,sustainability-emerging-tech-economics/emerging-hvac-technologies/thermal-storage-advanced/_index.md
EXCELLENT,202,air-conditioning-cooling,air-conditioning-cooling/cooling-towers/tower-performance/_index.md
EXCELLENT,202,codes-standards-regulations-safety,codes-standards-regulations-safety/codes-standards-regulations/international-codes/_index.md
EXCELLENT,202,hvac-fundamentals,hvac-fundamentals/energy-resources/energy-consumption-patterns/_index.md
EXCELLENT,202,refrigeration-systems,refrigeration-systems/food-processing-refrigeration/poultry-processing/further-processing-poultry/_index.md
EXCELLENT,202,specialty-applications-testing,specialty-applications-testing/seismic-wind-flood-resistant-design/seismic-bracing-piping/_index.md
EXCELLENT,202,specialty-applications-testing,specialty-applications-testing/specialty-hvac-applications/aircraft-environmental-control/bleed-air-systems/apu-bleed/_index.md
EXCELLENT,202,specialty-applications-testing,specialty-applications-testing/specialty-hvac-applications/power-plants/combined-cycle-plants/hrsg/_index.md
EXCELLENT,202,specialty-applications-testing,specialty-applications-testing/specialty-hvac-applications/service-water-heating-domestic-hot-water/expansion-tanks-dhw/sizing-methods/_index.md
EXCELLENT,202,specialty-applications-testing,specialty-applications-testing/specialty-hvac-applications/variable-occupancy-control/pre-event-conditioning/pre-cooling-timing/_index.md
EXCELLENT,202,specialty-applications-testing,specialty-applications-testing/specialty-hvac-applications/variable-occupancy-control/unoccupied-setback/freeze-protection/_index.md
EXCELLENT,203,hvac-fundamentals,hvac-fundamentals/energy-resources/renewable-energy-resources/geothermal-resources/resource-types/_index.md
EXCELLENT,203,international-perspectives,international-perspectives/european-standards-practices/regional-european-practices/_index.md
EXCELLENT,203,refrigeration-systems,refrigeration-systems/food-processing-refrigeration/meat-processing/pork-processing/pork-chilling/_index.md
EXCELLENT,203,specialty-applications-testing,specialty-applications-testing/specialty-hvac-applications/industrial-local-exhaust/dust-collection/cyclones/_index.md
EXCELLENT,203,specialty-applications-testing,specialty-applications-testing/specialty-hvac-applications/justice-facilities/smoke-control-justice/egress-protection/_index.md
EXCELLENT,203,specialty-applications-testing,specialty-applications-testing/specialty-hvac-applications/natatoriums-indoor-swimming-pools/dehumidification-systems-pools/dedicated-pool-dehumidifiers/_index.md
EXCELLENT,203,specialty-applications-testing,specialty-applications-testing/specialty-hvac-applications/specialized-venue-requirements/exhibition-halls/flexible-space-design/_index.md
EXCELLENT,203,specialty-applications-testing,specialty-applications-testing/specialty-hvac-applications/textile-processing-plants/spinning-processes/ring-spinning/_index.md
EXCELLENT,203,sustainability-emerging-tech-economics,sustainability-emerging-tech-economics/economic-analysis-hvac/_index.md
EXCELLENT,203,ventilation-indoor-air-quality,ventilation-indoor-air-quality/indoor-air-quality-management/biosecurity-filtration/filter-selection-biosecurity/_index.md
EXCELLENT,204,professional-development-training,professional-development-training/professional-certifications/engineering-certifications/well-accredited-professional/_index.md
EXCELLENT,204,refrigeration-systems,refrigeration-systems/food-processing-refrigeration/poultry-processing/poultry-chilling/air-chilling-systems/_index.md
EXCELLENT,204,specialty-applications-testing,specialty-applications-testing/specialty-hvac-applications/educational-facilities/classrooms-hvac/temperature-control-classroom/_index.md
EXCELLENT,204,specialty-applications-testing,specialty-applications-testing/specialty-hvac-applications/mine-ventilation/underground-mine-ventilation/resistance/_index.md
EXCELLENT,204,specialty-applications-testing,specialty-applications-testing/specialty-hvac-applications/places-of-assembly/concert-halls/acoustical-design-integration/_index.md
EXCELLENT,205,heating-systems,heating-systems/unit-ventilators-heaters-makeup-air/makeup-air-units/direct-fired-makeup-air/_index.md
EXCELLENT,205,hvac-fundamentals,hvac-fundamentals/material-properties/thermophysical-properties-refrigerants/_index.md
EXCELLENT,205,professional-development-training,professional-development-training/safety-training-programs/_index.md
EXCELLENT,205,specialty-applications-testing,specialty-applications-testing/acoustic-noise-vibration/vibration-control/vibration-isolation/_index.md
EXCELLENT,205,specialty-applications-testing,specialty-applications-testing/specialty-hvac-applications/aircraft-environmental-control/equipment-cooling-aircraft/liquid-cooling-systems/_index.md
EXCELLENT,205,specialty-applications-testing,specialty-applications-testing/specialty-hvac-applications/educational-facilities/classrooms-hvac/indoor-air-quality-classroom/_index.md
EXCELLENT,205,specialty-applications-testing,specialty-applications-testing/specialty-hvac-applications/high-occupancy-density-hvac/demand-controlled-ventilation/outdoor-air-reset/_index.md
EXCELLENT,205,specialty-applications-testing,specialty-applications-testing/specialty-hvac-applications/high-occupancy-density-hvac/heating-loads-assembly/intermittent-operation/_index.md
EXCELLENT,205,specialty-applications-testing,specialty-applications-testing/specialty-hvac-applications/places-of-assembly/lecture-halls/av-integration/_index.md
EXCELLENT,206,air-conditioning-cooling,air-conditioning-cooling/humidifiers/evaporative-humidifiers/_index.md
EXCELLENT,206,professional-development-training,professional-development-training/specialized-technical-training/_index.md
EXCELLENT,206,specialty-applications-testing,specialty-applications-testing/specialty-hvac-applications/automobiles-hvac/automotive-ac-systems/evaporators-automotive/_index.md
EXCELLENT,206,specialty-applications-testing,specialty-applications-testing/specialty-hvac-applications/automobiles-hvac/refrigerant-systems-automotive/performance-testing/_index.md
EXCELLENT,206,specialty-applications-testing,specialty-applications-testing/specialty-hvac-applications/educational-facilities/school-cafeterias/odor-control-cafeteria/_index.md
EXCELLENT,206,specialty-applications-testing,specialty-applications-testing/specialty-hvac-applications/high-occupancy-density-hvac/demand-controlled-ventilation/occupancy-sensors/_index.md
EXCELLENT,206,specialty-applications-testing,specialty-applications-testing/specialty-hvac-applications/justice-facilities/correctional-facilities/medical-facilities-correctional/_index.md
EXCELLENT,206,specialty-applications-testing,specialty-applications-testing/specialty-hvac-applications/specialized-cooling-applications/_index.md
EXCELLENT,207,heating-systems,heating-systems/heat-pumps/performance-metrics/_index.md
EXCELLENT,207,international-perspectives,international-perspectives/developing-world-applications/rural-electrification-hvac/_index.md
EXCELLENT,207,specialty-applications-testing,specialty-applications-testing/specialty-hvac-applications/hospitality-facilities/energy-management-hotels/central-systems-control/_index.md
EXCELLENT,207,specialty-applications-testing,specialty-applications-testing/specialty-hvac-applications/natatoriums-indoor-swimming-pools/chloramine-control/dilution-ventilation-chloramines/_index.md
EXCELLENT,207,specialty-applications-testing,specialty-applications-testing/specialty-hvac-applications/service-water-heating-domestic-hot-water/recovery-time-calculations/_index.md
EXCELLENT,207,specialty-applications-testing,specialty-applications-testing/specialty-hvac-applications/ships-marine-hvac/accommodation-spaces/mess-dining/_index.md
EXCELLENT,207,specialty-applications-testing,specialty-applications-testing/specialty-hvac-applications/snow-melting-freeze-protection-systems/heat-flux-requirements/climate-factors/_index.md
EXCELLENT,207,specialty-applications-testing,specialty-applications-testing/specialty-hvac-applications/snow-melting-freeze-protection-systems/roof-gutter-heating/cable-installation/_index.md
EXCELLENT,208,hvac-fundamentals,hvac-fundamentals/energy-resources/energy-consumption-patterns/sectoral-energy-use/industrial-sector/_index.md
EXCELLENT,208,professional-development-training,professional-development-training/continuing-education/technical-webinars/_index.md
EXCELLENT,208,specialty-applications-testing,specialty-applications-testing/specialty-hvac-applications/educational-facilities/lecture-halls-auditoriums/tiered-seating-ventilation/_index.md
EXCELLENT,208,specialty-applications-testing,specialty-applications-testing/specialty-hvac-applications/mine-ventilation/diesel-particulate-matter/dpm/_index.md
EXCELLENT,208,specialty-applications-testing,specialty-applications-testing/specialty-hvac-applications/mine-ventilation/methane-control/explosion-prevention/_index.md
EXCELLENT,208,specialty-applications-testing,specialty-applications-testing/specialty-hvac-applications/museums-galleries-archives-libraries/art-preservation-environments/light-levels/_index.md
EXCELLENT,208,specialty-applications-testing,specialty-applications-testing/specialty-hvac-applications/museums-galleries-archives-libraries/collection-materials-requirements/textiles/_index.md
EXCELLENT,208,specialty-applications-testing,specialty-applications-testing/specialty-hvac-applications/power-plants/fossil-fuel-power-plants/coal/_index.md
EXCELLENT,208,specialty-applications-testing,specialty-applications-testing/specialty-hvac-applications/service-water-heating-domestic-hot-water/legionella-prevention/routine-flushing/_index.md
EXCELLENT,208,specialty-applications-testing,specialty-applications-testing/specialty-hvac-applications/service-water-heating-domestic-hot-water/recirculation-pumps/_index.md
EXCELLENT,208,specialty-applications-testing,specialty-applications-testing/specialty-hvac-applications/textile-processing-plants/weaving-processes/_index.md
EXCELLENT,208,sustainability-emerging-tech-economics,sustainability-emerging-tech-economics/computational-methods-research/ashrae-transfer-functions-detailed/_index.md
EXCELLENT,208,ventilation-indoor-air-quality,ventilation-indoor-air-quality/ventilation-systems/energy-recovery-ventilation/fixed-plate-exchangers/_index.md
EXCELLENT,209,air-conditioning-cooling,air-conditioning-cooling/chillers/chiller-performance/_index.md
EXCELLENT,209,codes-standards-regulations-safety,codes-standards-regulations-safety/codes-standards-regulations/ashrae-standards-detailed/ashrae-15-safety-refrigeration/refrigerant-classification/_index.md
EXCELLENT,209,codes-standards-regulations-safety,codes-standards-regulations-safety/codes-standards-regulations/international-codes/ipc-international-plumbing-code/_index.md
EXCELLENT,209,hvac-fundamentals,hvac-fundamentals/energy-resources/renewable-energy-resources/hydroelectric-resources/environmental-considerations/_index.md
EXCELLENT,209,international-perspectives,international-perspectives/international-efficiency-metrics/heating-efficiency-global/_index.md
EXCELLENT,209,maintenance-refrigerant-management,maintenance-refrigerant-management/maintenance-management/_index.md
EXCELLENT,209,specialty-applications-testing,specialty-applications-testing/seismic-wind-flood-resistant-design/wind-load-design/exposure-category/_index.md
EXCELLENT,209,specialty-applications-testing,specialty-applications-testing/specialty-hvac-applications/automobiles-hvac/refrigerant-systems-automotive/diagnostics-service/_index.md
EXCELLENT,209,specialty-applications-testing,specialty-applications-testing/specialty-hvac-applications/enclosed-vehicular-facilities/vehicle-tunnels/co-visibility-monitoring/_index.md
EXCELLENT,209,specialty-applications-testing,specialty-applications-testing/specialty-hvac-applications/natatoriums-indoor-swimming-pools/energy-recovery-pool-applications/exhaust-air-heat-recovery/_index.md
EXCELLENT,209,specialty-applications-testing,specialty-applications-testing/specialty-hvac-applications/ships-marine-hvac/refrigerated-cargo-systems/reefer-containers/_index.md
EXCELLENT,209,specialty-applications-testing,specialty-applications-testing/specialty-hvac-applications/specialized-venue-requirements/ballrooms-banquet/av-heat-loads/_index.md
EXCELLENT,209,specialty-applications-testing,specialty-applications-testing/specialty-hvac-applications/tall-buildings-high-rise-hvac/smoke-control-tall-buildings/stairwell-elevator-pressurization/_index.md
EXCELLENT,209,ventilation-indoor-air-quality,ventilation-indoor-air-quality/ventilation-systems/mechanical-ventilation/balanced-systems/_index.md
EXCELLENT,209,ventilation-indoor-air-quality,ventilation-indoor-air-quality/ventilation-systems/natural-ventilation/wind-driven/_index.md
EXCELLENT,210,professional-development-training,professional-development-training/specialized-technical-training/building-automation-training/_index.md
EXCELLENT,210,specialty-applications-testing,specialty-applications-testing/specialty-hvac-applications/engine-test-facilities/dynamometer-test-cells/_index.md
EXCELLENT,210,specialty-applications-testing,specialty-applications-testing/specialty-hvac-applications/hospitality-facilities/conference-centers/occupancy-variation/_index.md
EXCELLENT,210,specialty-applications-testing,specialty-applications-testing/specialty-hvac-applications/service-water-heating-domestic-hot-water/recovery-time-calculations/efficiency-factors/_index.md
EXCELLENT,210,specialty-applications-testing,specialty-applications-testing/specialty-hvac-applications/snow-melting-freeze-protection-systems/slab-design-snow-melt/reinforcement/_index.md
EXCELLENT,211,controls-automation-building,controls-automation-building/control-strategies-detailed/advanced-control/_index.md
EXCELLENT,211,professional-development-training,professional-development-training/_index.md
EXCELLENT,211,specialty-applications-testing,specialty-applications-testing/specialty-hvac-applications/cleanrooms/gowning-areas/airlock-design/_index.md
EXCELLENT,211,specialty-applications-testing,specialty-applications-testing/specialty-hvac-applications/educational-facilities/indoor-air-quality-schools/ashrae-62-1-schools/_index.md
EXCELLENT,211,specialty-applications-testing,specialty-applications-testing/specialty-hvac-applications/enclosed-vehicular-facilities/tunnel-ventilation/emergency-ventilation/_index.md
EXCELLENT,211,specialty-applications-testing,specialty-applications-testing/specialty-hvac-applications/industrial-drying-systems/conveyor-dryers/food-textile/_index.md
EXCELLENT,211,specialty-applications-testing,specialty-applications-testing/specialty-hvac-applications/justice-facilities/security-considerations-hvac/_index.md
EXCELLENT,211,specialty-applications-testing,specialty-applications-testing/specialty-hvac-applications/nuclear-facilities-hvac/hepa-filtration-nuclear/fire-resistance/_index.md
EXCELLENT,211,specialty-applications-testing,specialty-applications-testing/specialty-hvac-applications/textile-processing-plants/dyeing-finishing/_index.md
EXCELLENT,211,specialty-applications-testing,specialty-applications-testing/specialty-hvac-applications/variable-occupancy-control/pre-event-conditioning/humidity-control-pre-event/_index.md
EXCELLENT,212,air-conditioning-cooling,air-conditioning-cooling/chillers/vapor-compression-chillers/_index.md
EXCELLENT,212,heating-systems,heating-systems/infrared-radiant-heating/design-considerations/_index.md
EXCELLENT,212,heating-systems,heating-systems/unit-ventilators-heaters-makeup-air/makeup-air-units/tempered-makeup-air/_index.md
EXCELLENT,212,hvac-fundamentals,hvac-fundamentals/energy-resources/energy-policy/incentive-programs/financial-incentives/_index.md
EXCELLENT,212,refrigeration-systems,refrigeration-systems/food-processing-refrigeration/meat-processing/pork-processing/temperature-control-critical/_index.md
EXCELLENT,212,specialty-applications-testing,specialty-applications-testing/specialty-hvac-applications/acoustic-considerations-assembly/duct-silencers/airflow-velocity-limits/_index.md
EXCELLENT,212,specialty-applications-testing,specialty-applications-testing/specialty-hvac-applications/museums-galleries-archives-libraries/preventive-conservation/dataloggers/_index.md
EXCELLENT,212,specialty-applications-testing,specialty-applications-testing/specialty-hvac-applications/places-of-assembly/movie-theaters/multiplexes/_index.md
EXCELLENT,212,specialty-applications-testing,specialty-applications-testing/specialty-hvac-applications/service-water-heating-domestic-hot-water/expansion-tanks-dhw/_index.md
EXCELLENT,212,specialty-applications-testing,specialty-applications-testing/specialty-hvac-applications/service-water-heating-domestic-hot-water/solar-water-heating/active-vs-passive/_index.md
EXCELLENT,212,specialty-applications-testing,specialty-applications-testing/specialty-hvac-applications/snow-melting-freeze-protection-systems/application-areas/helicopter-pads/_index.md
EXCELLENT,212,specialty-applications-testing,specialty-applications-testing/specialty-hvac-applications/tall-buildings-high-rise-hvac/fire-service-access-elevators/elevator-machine-room-cooling/_index.md
EXCELLENT,212,ventilation-indoor-air-quality,ventilation-indoor-air-quality/ventilation-systems/energy-recovery-ventilation/performance-factors/_index.md
EXCELLENT,213,air-conditioning-cooling,air-conditioning-cooling/cooling-towers/tower-types/_index.md
EXCELLENT,213,maintenance-refrigerant-management,maintenance-refrigerant-management/refrigerant-management-safety/_index.md
EXCELLENT,213,specialty-applications-testing,specialty-applications-testing/specialty-hvac-applications/educational-facilities/k-12-schools/_index.md
EXCELLENT,213,specialty-applications-testing,specialty-applications-testing/specialty-hvac-applications/enclosed-vehicular-facilities/parking-garages-enclosed/jet-fan-systems/_index.md
EXCELLENT,213,specialty-applications-testing,specialty-applications-testing/specialty-hvac-applications/industrial-drying-systems/lumber-kilns/_index.md
EXCELLENT,213,specialty-applications-testing,specialty-applications-testing/specialty-hvac-applications/justice-facilities/smoke-control-justice/compartmentation/_index.md
EXCELLENT,213,specialty-applications-testing,specialty-applications-testing/specialty-hvac-applications/justice-facilities/ventilation-security-areas/holding-cells/_index.md
EXCELLENT,213,specialty-applications-testing,specialty-applications-testing/specialty-hvac-applications/mine-ventilation/underground-mine-ventilation/main-fans/_index.md
EXCELLENT,213,specialty-applications-testing,specialty-applications-testing/specialty-hvac-applications/ships-marine-hvac/accommodation-spaces/_index.md
EXCELLENT,213,specialty-applications-testing,specialty-applications-testing/specialty-hvac-applications/tall-buildings-high-rise-hvac/elevator-shaft-pressurization/air-leakage-paths/_index.md
EXCELLENT,213,specialty-applications-testing,specialty-applications-testing/specialty-hvac-applications/textile-processing-plants/lint-control/fire-protection/_index.md
EXCELLENT,213,specialty-applications-testing,specialty-applications-testing/specialty-hvac-applications/variable-occupancy-control/post-event-purge/air-exchange-rate/_index.md
EXCELLENT,214,controls-automation-building,controls-automation-building/control-theory-fundamentals/system-dynamics-response/_index.md
EXCELLENT,214,professional-development-training,professional-development-training/safety-training-programs/respiratory-protection-training/_index.md
EXCELLENT,214,specialty-applications-testing,specialty-applications-testing/acoustic-noise-vibration/vibration-control/_index.md
EXCELLENT,214,specialty-applications-testing,specialty-applications-testing/specialty-hvac-applications/agricultural-drying-storage/grain-drying-systems/in-bin-drying/_index.md
EXCELLENT,214,specialty-applications-testing,specialty-applications-testing/specialty-hvac-applications/industrial-drying-systems/fluid-bed-dryers/pharmaceuticals-food/_index.md
EXCELLENT,214,specialty-applications-testing,specialty-applications-testing/specialty-hvac-applications/industrial-local-exhaust/hood-design-principles/capture-velocity/_index.md
EXCELLENT,214,specialty-applications-testing,specialty-applications-testing/specialty-hvac-applications/justice-facilities/courthouses/holding-cells-courthouse/_index.md
EXCELLENT,214,specialty-applications-testing,specialty-applications-testing/specialty-hvac-applications/justice-facilities/courthouses/judges-chambers/_index.md
EXCELLENT,214,specialty-applications-testing,specialty-applications-testing/specialty-hvac-applications/service-water-heating-domestic-hot-water/mixing-valves-thermostatic/delivery-temperature-120f/_index.md
EXCELLENT,215,professional-development-training,professional-development-training/apprenticeship-programs/_index.md
EXCELLENT,215,refrigeration-systems,refrigeration-systems/food-processing-refrigeration/poultry-processing/cold-storage-poultry/frozen-poultry-storage/_index.md
EXCELLENT,215,specialty-applications-testing,specialty-applications-testing/seismic-wind-flood-resistant-design/equipment-certification/shake-table-testing/_index.md
EXCELLENT,215,specialty-applications-testing,specialty-applications-testing/specialty-hvac-applications/automobiles-hvac/heating-systems-automotive/_index.md
EXCELLENT,215,specialty-applications-testing,specialty-applications-testing/specialty-hvac-applications/mass-transit-hvac/heating-cooling-loads-transit/occupant-loads/_index.md
EXCELLENT,215,specialty-applications-testing,specialty-applications-testing/specialty-hvac-applications/mine-ventilation/auxiliary-fans/forcing-exhausting/_index.md
EXCELLENT,215,specialty-applications-testing,specialty-applications-testing/specialty-hvac-applications/natatoriums-indoor-swimming-pools/ventilation-rates-natatoriums/air-change-rates/_index.md
EXCELLENT,215,specialty-applications-testing,specialty-applications-testing/specialty-hvac-applications/ships-marine-hvac/marine-hvac-systems/_index.md
EXCELLENT,215,specialty-applications-testing,specialty-applications-testing/specialty-hvac-applications/smoke-control-large-volumes/smoke-management-systems/detection-activation/_index.md
EXCELLENT,215,sustainability-emerging-tech-economics,sustainability-emerging-tech-economics/computational-methods-research/ashrae-transfer-functions-detailed/improvements/_index.md
EXCELLENT,215,sustainability-emerging-tech-economics,sustainability-emerging-tech-economics/economic-analysis-hvac/economic-incentives/_index.md
EXCELLENT,215,sustainability-emerging-tech-economics,sustainability-emerging-tech-economics/sustainability-green-building/carbon-reduction-strategies/_index.md
EXCELLENT,215,ventilation-indoor-air-quality,ventilation-indoor-air-quality/ventilation-systems/energy-recovery-ventilation/run-around-coils/_index.md
EXCELLENT,216,heating-systems,heating-systems/unit-ventilators-heaters-makeup-air/unit-heaters/duct-furnaces/_index.md
EXCELLENT,216,international-perspectives,international-perspectives/international-efficiency-metrics/_index.md
EXCELLENT,216,specialty-applications-testing,specialty-applications-testing/seismic-wind-flood-resistant-design/hurricane-resistant-design/category-1-5-74-157-plus-mph/_index.md
EXCELLENT,216,specialty-applications-testing,specialty-applications-testing/specialty-hvac-applications/aircraft-environmental-control/equipment-cooling-aircraft/avionics-cooling/_index.md
EXCELLENT,216,specialty-applications-testing,specialty-applications-testing/specialty-hvac-applications/automobiles-hvac/defrost-defogging/window-defogging/_index.md
EXCELLENT,216,specialty-applications-testing,specialty-applications-testing/specialty-hvac-applications/engine-test-facilities/combustion-air-supply/_index.md
EXCELLENT,216,specialty-applications-testing,specialty-applications-testing/specialty-hvac-applications/justice-facilities/correctional-facilities/recreation-areas/_index.md
EXCELLENT,216,specialty-applications-testing,specialty-applications-testing/specialty-hvac-applications/nuclear-facilities-hvac/nuclear-safety-hvac/safety-related-systems/_index.md
EXCELLENT,216,specialty-applications-testing,specialty-applications-testing/testing-balancing-commissioning-process/ongoing-commissioning/_index.md
EXCELLENT,216,ventilation-indoor-air-quality,ventilation-indoor-air-quality/ventilation-systems/natural-ventilation/stack-effect/_index.md
EXCELLENT,217,codes-standards-regulations-safety,codes-standards-regulations-safety/health-safety-hvac/emergency-procedures-hvac/_index.md
EXCELLENT,217,heating-systems,heating-systems/heat-pumps/air-source-heat-pumps/_index.md
EXCELLENT,217,specialty-applications-testing,specialty-applications-testing/seismic-wind-flood-resistant-design/seismic-design-criteria/response-modification-factor/_index.md
EXCELLENT,217,specialty-applications-testing,specialty-applications-testing/specialty-hvac-applications/data-center-cooling/liquid-cooling/_index.md
EXCELLENT,217,specialty-applications-testing,specialty-applications-testing/specialty-hvac-applications/enclosed-vehicular-facilities/parking-garages-enclosed/co-monitoring-control/_index.md
EXCELLENT,217,specialty-applications-testing,specialty-applications-testing/specialty-hvac-applications/mass-transit-hvac/ventilation-requirements-transit/air-quality-control/_index.md
EXCELLENT,217,specialty-applications-testing,specialty-applications-testing/specialty-hvac-applications/places-of-assembly/concert-halls/_index.md
EXCELLENT,217,specialty-applications-testing,specialty-applications-testing/specialty-hvac-applications/tall-buildings/pressure-differentials-shafts/_index.md
EXCELLENT,218,agricultural-hvac-systems,agricultural-hvac-systems/biosecurity-hvac/building-sealing-strategies/_index.md
EXCELLENT,218,heating-systems,heating-systems/boilers/boiler-types/fire-tube/_index.md
EXCELLENT,218,heating-systems,heating-systems/cogeneration-chp-systems/prime-movers/microturbines/_index.md
EXCELLENT,218,heating-systems,heating-systems/unit-ventilators-heaters-makeup-air/unit-heaters/horizontal-unit-heaters/_index.md
EXCELLENT,218,international-perspectives,international-perspectives/european-standards-practices/regional-european-practices/central-europe-practices/_index.md
EXCELLENT,218,professional-development-training,professional-development-training/professional-certifications/engineering-certifications/building-commissioning-certification/_index.md
EXCELLENT,218,refrigeration-systems,refrigeration-systems/food-processing-refrigeration/fishery-products/fish-freezing/plate-freezers-fish/_index.md
EXCELLENT,218,specialty-applications-testing,specialty-applications-testing/seismic-wind-flood-resistant-design/seismic-bracing-ductwork/smacna-standards/_index.md
EXCELLENT,218,specialty-applications-testing,specialty-applications-testing/specialty-hvac-applications/high-occupancy-density-hvac/cooling-loads-assembly/equipment-loads/_index.md
EXCELLENT,218,specialty-applications-testing,specialty-applications-testing/specialty-hvac-applications/justice-facilities/tamper-proof-equipment/hardened-components/_index.md
EXCELLENT,218,specialty-applications-testing,specialty-applications-testing/specialty-hvac-applications/justice-facilities/ventilation-security-areas/isolation-rooms/_index.md
EXCELLENT,218,specialty-applications-testing,specialty-applications-testing/specialty-hvac-applications/service-water-heating-domestic-hot-water/distribution-systems-dhw/recirculation-systems/_index.md
EXCELLENT,218,specialty-applications-testing,specialty-applications-testing/specialty-hvac-applications/tall-buildings-high-rise-hvac/smoke-control-tall-buildings/zoned-smoke-control/_index.md
EXCELLENT,218,specialty-applications-testing,specialty-applications-testing/specialty-hvac-applications/tall-buildings-high-rise-hvac/zoning-vertical-buildings/riser-design/_index.md
EXCELLENT,218,specialty-applications-testing,specialty-applications-testing/testing-balancing-commissioning-process/air-systems-testing/system-adjustments/_index.md
EXCELLENT,218,sustainability-emerging-tech-economics,sustainability-emerging-tech-economics/sustainability-green-building/government-incentive-programs/regional-programs/latin-america/_index.md
EXCELLENT,218,ventilation-indoor-air-quality,ventilation-indoor-air-quality/ventilation-systems/natural-ventilation/_index.md
EXCELLENT,219,agricultural-hvac-systems,agricultural-hvac-systems/agricultural-ventilation/emergency-ventilation/_index.md
EXCELLENT,219,specialty-applications-testing,specialty-applications-testing/specialty-hvac-applications/aircraft-environmental-control/air-conditioning-packs/redundancy-reliability/_index.md
EXCELLENT,219,specialty-applications-testing,specialty-applications-testing/specialty-hvac-applications/industrial-local-exhaust/fume-extraction/metal-working/_index.md
EXCELLENT,219,specialty-applications-testing,specialty-applications-testing/specialty-hvac-applications/justice-facilities/secure-ductwork/access-prevention/_index.md
EXCELLENT,219,specialty-applications-testing,specialty-applications-testing/specialty-hvac-applications/mine-ventilation/methane-control/_index.md
EXCELLENT,219,specialty-applications-testing,specialty-applications-testing/specialty-hvac-applications/museums-galleries-archives-libraries/museum-hvac-requirements/redundancy/_index.md
EXCELLENT,219,specialty-applications-testing,specialty-applications-testing/specialty-hvac-applications/tall-buildings-high-rise-hvac/elevator-shaft-pressurization/pressure-relief/_index.md
EXCELLENT,219,sustainability-emerging-tech-economics,sustainability-emerging-tech-economics/emerging-hvac-technologies/solar-energy-equipment/solar-thermal-systems/space-heating-solar/_index.md
EXCELLENT,220,hvac-fundamentals,hvac-fundamentals/energy-resources/energy-policy/carbon-pricing/building-implications/_index.md
EXCELLENT,220,specialty-applications-testing,specialty-applications-testing/specialty-hvac-applications/smoke-control-large-volumes/smoke-management-systems/pressurization-systems/_index.md
EXCELLENT,221,hvac-fundamentals,hvac-fundamentals/energy-resources/energy-policy/incentive-programs/_index.md
EXCELLENT,221,maintenance-refrigerant-management,maintenance-refrigerant-management/maintenance-management/preventive-maintenance-schedules/monthly-tasks/_index.md
EXCELLENT,221,refrigeration-systems,refrigeration-systems/food-processing-refrigeration/fishery-products/fish-freezing/brine-immersion-freezing/_index.md
EXCELLENT,221,refrigeration-systems,refrigeration-systems/food-processing-refrigeration/poultry-processing/further-processing-poultry/cooking-operations/_index.md
EXCELLENT,221,specialty-applications-testing,specialty-applications-testing/specialty-hvac-applications/high-occupancy-density-hvac/heating-loads-assembly/setback-recovery/_index.md
EXCELLENT,221,specialty-applications-testing,specialty-applications-testing/specialty-hvac-applications/service-water-heating-domestic-hot-water/water-heater-types/solar-water-heating/active-solar/_index.md
EXCELLENT,222,refrigeration-systems,refrigeration-systems/food-processing-refrigeration/fishery-products/fish-freezing/air-blast-freezing-fish/_index.md
EXCELLENT,222,refrigeration-systems,refrigeration-systems/food-processing-refrigeration/meat-processing/meat-freezing-methods/_index.md
EXCELLENT,222,specialty-applications-testing,specialty-applications-testing/seismic-wind-flood-resistant-design/flood-resistant-equipment/waterproof-enclosures/_index.md
EXCELLENT,222,specialty-applications-testing,specialty-applications-testing/seismic-wind-flood-resistant-design/resilient-design-strategies/backup-power/_index.md
EXCELLENT,222,specialty-applications-testing,specialty-applications-testing/specialty-hvac-applications/hospitality-facilities/guest-room-ventilation/outdoor-air-delivery/_index.md
EXCELLENT,222,specialty-applications-testing,specialty-applications-testing/specialty-hvac-applications/justice-facilities/smoke-control-justice/_index.md
EXCELLENT,222,specialty-applications-testing,specialty-applications-testing/specialty-hvac-applications/mass-transit-hvac/subway-rail-cars/heating-systems-rail/_index.md
EXCELLENT,222,specialty-applications-testing,specialty-applications-testing/specialty-hvac-applications/mine-ventilation/main-fans/flow-rates-100000-cfm/_index.md
EXCELLENT,222,specialty-applications-testing,specialty-applications-testing/specialty-hvac-applications/places-of-assembly/_index.md
EXCELLENT,222,sustainability-emerging-tech-economics,sustainability-emerging-tech-economics/sustainability-green-building/green-building-rating-systems/breeam-building-research-establishment/_index.md
EXCELLENT,223,agricultural-hvac-systems,agricultural-hvac-systems/livestock-housing-systems/swine-facilities/_index.md
EXCELLENT,223,maintenance-refrigerant-management,maintenance-refrigerant-management/maintenance-management/corrective-maintenance/component-replacement/_index.md
EXCELLENT,223,specialty-applications-testing,specialty-applications-testing/specialty-hvac-applications/fire-emt-stations/training-academies/training-props/_index.md
EXCELLENT,223,specialty-applications-testing,specialty-applications-testing/specialty-hvac-applications/mass-transit-hvac/equipment-placement-transit/underfloor-equipment/_index.md
EXCELLENT,223,specialty-applications-testing,specialty-applications-testing/specialty-hvac-applications/museums-galleries-archives-libraries/display-case-microclimate/humidity-buffering/_index.md
EXCELLENT,223,specialty-applications-testing,specialty-applications-testing/specialty-hvac-applications/places-of-assembly/concert-halls/symphony-halls/_index.md
EXCELLENT,223,specialty-applications-testing,specialty-applications-testing/specialty-hvac-applications/service-water-heating-domestic-hot-water/system-efficiency/standby-losses/_index.md
EXCELLENT,223,ventilation-indoor-air-quality,ventilation-indoor-air-quality/indoor-air-quality-management/humidity-control-iaq/_index.md
EXCELLENT,224,heating-systems,heating-systems/heat-pumps/ground-source-heat-pumps/heat-transfer-fluids/_index.md
EXCELLENT,224,hvac-fundamentals,hvac-fundamentals/energy-resources/fossil-fuel-resources/coal-characteristics/types-classification/_index.md
EXCELLENT,224,hvac-systems,hvac-systems/central-systems/_index.md
EXCELLENT,224,specialty-applications-testing,specialty-applications-testing/specialty-hvac-applications/data-center-cooling/free-cooling-data-center/_index.md
EXCELLENT,224,specialty-applications-testing,specialty-applications-testing/specialty-hvac-applications/enclosed-vehicular-facilities/parking-garages-enclosed/enclosed-parking-ventilation/_index.md
EXCELLENT,224,specialty-applications-testing,specialty-applications-testing/specialty-hvac-applications/engine-test-facilities/dynamometer-test-cells/chassis-dynamometer/_index.md
EXCELLENT,224,specialty-applications-testing,specialty-applications-testing/specialty-hvac-applications/industrial-local-exhaust/capture-velocity/100-200-fpm-general/_index.md
EXCELLENT,224,specialty-applications-testing,specialty-applications-testing/specialty-hvac-applications/mine-ventilation/auxiliary-fans/duct-systems/_index.md
EXCELLENT,224,specialty-applications-testing,specialty-applications-testing/specialty-hvac-applications/wood-paper-facilities/plywood-particleboard-plants/resin-curing/_index.md
EXCELLENT,224,sustainability-emerging-tech-economics,sustainability-emerging-tech-economics/emerging-hvac-technologies/renewable-integration-advanced/_index.md
EXCELLENT,224,sustainability-emerging-tech-economics,sustainability-emerging-tech-economics/emerging-hvac-technologies/solar-energy-equipment/solar-system-components/heat-exchangers-solar/_index.md
EXCELLENT,225,controls-automation-building,controls-automation-building/integration-interoperability/_index.md
EXCELLENT,225,specialty-applications-testing,specialty-applications-testing/seismic-wind-flood-resistant-design/hurricane-resistant-design/_index.md
EXCELLENT,225,specialty-applications-testing,specialty-applications-testing/specialty-hvac-applications/aircraft-environmental-control/humidity-control-aircraft/_index.md
EXCELLENT,225,specialty-applications-testing,specialty-applications-testing/specialty-hvac-applications/aircraft-environmental-control/ventilation-aircraft/hepa-filtration/_index.md
EXCELLENT,225,specialty-applications-testing,specialty-applications-testing/specialty-hvac-applications/mass-transit-hvac/light-rail-vehicles/_index.md
EXCELLENT,225,specialty-applications-testing,specialty-applications-testing/specialty-hvac-applications/mine-ventilation/heat-stress-mines/deep-mines/_index.md
EXCELLENT,225,specialty-applications-testing,specialty-applications-testing/specialty-hvac-applications/mine-ventilation/refuge-chambers/life-support/_index.md
EXCELLENT,225,specialty-applications-testing,specialty-applications-testing/specialty-hvac-applications/service-water-heating-domestic-hot-water/mixing-valves-thermostatic/pressure-balance/_index.md
EXCELLENT,225,specialty-applications-testing,specialty-applications-testing/specialty-hvac-applications/service-water-heating-domestic-hot-water/recirculation-pumps/continuous-operation/_index.md
EXCELLENT,226,controls-automation-building,controls-automation-building/control-theory-fundamentals/advanced-control-theory/_index.md
EXCELLENT,226,international-perspectives,international-perspectives/cross-cultural-considerations/comfort-expectations-cultural/_index.md
EXCELLENT,226,professional-development-training,professional-development-training/professional-certifications/technician-certifications/rses-refrigeration-service-engineers/_index.md
EXCELLENT,226,specialty-applications-testing,specialty-applications-testing/seismic-wind-flood-resistant-design/flood-resistant-equipment/elevate-above-bfe/_index.md
EXCELLENT,226,specialty-applications-testing,specialty-applications-testing/specialty-hvac-applications/specialized-cooling-applications/wine-cellars-aging/temperature-55-60f/_index.md
EXCELLENT,226,specialty-applications-testing,specialty-applications-testing/specialty-hvac-applications/tall-buildings-high-rise-hvac/vertical-transportation-equipment/riser-design/_index.md
EXCELLENT,226,sustainability-emerging-tech-economics,sustainability-emerging-tech-economics/economic-analysis-hvac/life-cycle-cost-analysis-lcca/_index.md
EXCELLENT,226,sustainability-emerging-tech-economics,sustainability-emerging-tech-economics/sustainability-green-building/green-building-rating-systems/leed-certification/_index.md
EXCELLENT,227,air-conditioning-cooling,air-conditioning-cooling/fans/_index.md
EXCELLENT,227,hvac-fundamentals,hvac-fundamentals/energy-resources/renewable-energy-resources/hydroelectric-resources/resource-assessment/_index.md
EXCELLENT,227,professional-development-training,professional-development-training/specialized-technical-training/indoor-air-quality-training/_index.md
EXCELLENT,227,specialty-applications-testing,specialty-applications-testing/specialty-hvac-applications/justice-facilities/security-considerations-hvac/equipment-access-security/_index.md
EXCELLENT,227,specialty-applications-testing,specialty-applications-testing/specialty-hvac-applications/service-water-heating-domestic-hot-water/water-heater-types/solar-water-heating/_index.md
EXCELLENT,228,refrigeration-systems,refrigeration-systems/food-processing-refrigeration/meat-processing/lamb-processing/_index.md
EXCELLENT,228,specialty-applications-testing,specialty-applications-testing/seismic-wind-flood-resistant-design/seismic-bracing-equipment/snubbers/_index.md
EXCELLENT,228,specialty-applications-testing,specialty-applications-testing/specialty-hvac-applications/automobiles-hvac/defrost-defogging/windshield-defrost/_index.md
EXCELLENT,228,specialty-applications-testing,specialty-applications-testing/specialty-hvac-applications/educational-facilities/indoor-air-quality-schools/co2-monitoring-schools/_index.md
EXCELLENT,228,specialty-applications-testing,specialty-applications-testing/specialty-hvac-applications/engine-test-facilities/vibration-isolation/_index.md
EXCELLENT,228,specialty-applications-testing,specialty-applications-testing/specialty-hvac-applications/engine-test-facilities/vibration-isolation/equipment-isolation/_index.md
EXCELLENT,228,specialty-applications-testing,specialty-applications-testing/specialty-hvac-applications/justice-facilities/tamper-proof-equipment/security-cages/_index.md
EXCELLENT,228,specialty-applications-testing,specialty-applications-testing/specialty-hvac-applications/nuclear-facilities-hvac/fuel-handling-areas/_index.md
EXCELLENT,228,specialty-applications-testing,specialty-applications-testing/specialty-hvac-applications/service-water-heating-domestic-hot-water/piping-materials-dhw/dielectric-fittings/_index.md
EXCELLENT,228,specialty-applications-testing,specialty-applications-testing/specialty-hvac-applications/service-water-heating-domestic-hot-water/solar-water-heating/glycol-vs-drainback/glycol-system-features/_index.md
EXCELLENT,228,specialty-applications-testing,specialty-applications-testing/specialty-hvac-applications/smoke-control-large-volumes/atrium-smoke-control/nfpa-92-requirements/_index.md
EXCELLENT,228,sustainability-emerging-tech-economics,sustainability-emerging-tech-economics/computational-methods-research/uncertainty-quantification/_index.md
EXCELLENT,228,sustainability-emerging-tech-economics,sustainability-emerging-tech-economics/emerging-hvac-technologies/solar-energy-equipment/solar-thermal-systems/solar-cooling/desiccant-cooling-solar/_index.md
EXCELLENT,229,maintenance-refrigerant-management,maintenance-refrigerant-management/maintenance-management/preventive-maintenance-schedules/quarterly-tasks/_index.md
EXCELLENT,229,specialty-applications-testing,specialty-applications-testing/specialty-hvac-applications/educational-facilities/lecture-halls-auditoriums/_index.md
EXCELLENT,229,specialty-applications-testing,specialty-applications-testing/specialty-hvac-applications/natatoriums-indoor-swimming-pools/pool-deck-heating-systems/system-selection-deck-heating/_index.md
EXCELLENT,229,specialty-applications-testing,specialty-applications-testing/specialty-hvac-applications/service-water-heating-domestic-hot-water/recovery-time-calculations/gallons-per-hour/_index.md
EXCELLENT,229,specialty-applications-testing,specialty-applications-testing/specialty-hvac-applications/snow-melting-freeze-protection-systems/heat-flux-requirements/free-area-melting/_index.md
EXCELLENT,229,specialty-applications-testing,specialty-applications-testing/specialty-hvac-applications/variable-occupancy-control/unoccupied-setback/minimal-conditioning/_index.md
EXCELLENT,230,maintenance-refrigerant-management,maintenance-refrigerant-management/maintenance-management/maintenance-documentation/_index.md
EXCELLENT,230,professional-development-training,professional-development-training/safety-training-programs/refrigerant-safety-training/_index.md
EXCELLENT,230,specialty-applications-testing,specialty-applications-testing/specialty-hvac-applications/educational-facilities/classrooms-hvac/_index.md
EXCELLENT,230,specialty-applications-testing,specialty-applications-testing/specialty-hvac-applications/justice-facilities/correctional-facilities/housing-units/_index.md
EXCELLENT,230,specialty-applications-testing,specialty-applications-testing/specialty-hvac-applications/museums-galleries-archives-libraries/preventive-conservation/alarming/_index.md
EXCELLENT,230,specialty-applications-testing,specialty-applications-testing/specialty-hvac-applications/service-water-heating-domestic-hot-water/heat-pump-water-heaters/integrated-vs-split/split-systems/_index.md
EXCELLENT,230,specialty-applications-testing,specialty-applications-testing/specialty-hvac-applications/ships-marine-hvac/seawater-cooling-systems/biofouling-control/_index.md
EXCELLENT,230,specialty-applications-testing,specialty-applications-testing/testing-balancing-commissioning-process/documentation/_index.md
EXCELLENT,231,heating-systems,heating-systems/_index.md
EXCELLENT,231,professional-development-training,professional-development-training/specialized-technical-training/troubleshooting-diagnostics/_index.md
EXCELLENT,231,specialty-applications-testing,specialty-applications-testing/seismic-wind-flood-resistant-design/seismic-bracing-ductwork/transverse-longitudinal-supports/_index.md
EXCELLENT,231,specialty-applications-testing,specialty-applications-testing/specialty-hvac-applications/automobiles-hvac/climate-control-automatic/automatic-temperature-control/_index.md
EXCELLENT,231,specialty-applications-testing,specialty-applications-testing/specialty-hvac-applications/enclosed-vehicular-facilities/emergency-ventilation-tunnels/fire-scenarios/_index.md
EXCELLENT,231,specialty-applications-testing,specialty-applications-testing/specialty-hvac-applications/high-occupancy-density-hvac/_index.md
EXCELLENT,231,specialty-applications-testing,specialty-applications-testing/specialty-hvac-applications/natatoriums-indoor-swimming-pools/dehumidification-systems-pools/dehumidifier-components/_index.md
EXCELLENT,231,specialty-applications-testing,specialty-applications-testing/specialty-hvac-applications/service-water-heating-domestic-hot-water/temperature-maintenance/self-regulating-cable/_index.md
EXCELLENT,231,ventilation-indoor-air-quality,ventilation-indoor-air-quality/ventilation-systems/mechanical-ventilation/exhaust-systems/_index.md
EXCELLENT,232,heating-systems,heating-systems/residential-in-space-heating/_index.md
EXCELLENT,232,hvac-fundamentals,hvac-fundamentals/energy-resources/fossil-fuel-resources/petroleum-resources/heating-oil-grades/no-4-heating-oil/_index.md
EXCELLENT,232,specialty-applications-testing,specialty-applications-testing/specialty-hvac-applications/hospitality-facilities/commercial-kitchens-hotel/makeup-air-kitchen/_index.md
EXCELLENT,232,specialty-applications-testing,specialty-applications-testing/specialty-hvac-applications/power-plants/fossil-fuel-power-plants/oil/_index.md
EXCELLENT,232,specialty-applications-testing,specialty-applications-testing/specialty-hvac-applications/service-water-heating-domestic-hot-water/temperature-maintenance/heat-tape-tracing/_index.md
EXCELLENT,232,specialty-applications-testing,specialty-applications-testing/specialty-hvac-applications/tall-buildings-high-rise-hvac/high-rise-system-types/vav-systems/_index.md
EXCELLENT,233,specialty-applications-testing,specialty-applications-testing/acoustic-noise-vibration/_index.md
EXCELLENT,233,specialty-applications-testing,specialty-applications-testing/acoustic-noise-vibration/sound-attenuation/_index.md
EXCELLENT,233,specialty-applications-testing,specialty-applications-testing/specialty-hvac-applications/enclosed-vehicular-facilities/emergency-ventilation-tunnels/purge-modes/_index.md
EXCELLENT,233,specialty-applications-testing,specialty-applications-testing/specialty-hvac-applications/justice-facilities/secure-ductwork/_index.md
EXCELLENT,233,ventilation-indoor-air-quality,ventilation-indoor-air-quality/ventilation-systems/hybrid-mixed-mode/_index.md
EXCELLENT,234,heating-systems,heating-systems/chimney-venting-systems/_index.md
EXCELLENT,234,specialty-applications-testing,specialty-applications-testing/specialty-hvac-applications/natatoriums/humidity-control/dehumidification-systems/_index.md
EXCELLENT,234,specialty-applications-testing,specialty-applications-testing/specialty-hvac-applications/service-water-heating-domestic-hot-water/system-efficiency/circulation-pump-energy/_index.md
EXCELLENT,235,specialty-applications-testing,specialty-applications-testing/specialty-hvac-applications/automobiles-hvac/ventilation-automotive/blower-systems/_index.md
EXCELLENT,235,specialty-applications-testing,specialty-applications-testing/specialty-hvac-applications/educational-facilities/demand-controlled-ventilation-classrooms/_index.md
EXCELLENT,235,specialty-applications-testing,specialty-applications-testing/specialty-hvac-applications/tall-buildings-high-rise-hvac/wind-effects-tall-buildings/_index.md
EXCELLENT,236,hvac-fundamentals,hvac-fundamentals/energy-resources/renewable-energy-resources/geothermal-resources/hydrothermal-resources/_index.md
EXCELLENT,236,refrigeration-systems,refrigeration-systems/food-processing-refrigeration/poultry-processing/poultry-freezing/iqf-poultry-products/_index.md
EXCELLENT,236,specialty-applications-testing,specialty-applications-testing/seismic-wind-flood-resistant-design/elevated-equipment-installation/structural-coordination/_index.md
EXCELLENT,236,specialty-applications-testing,specialty-applications-testing/specialty-hvac-applications/agricultural-drying-storage/grain-drying-systems/natural-air-drying/_index.md
EXCELLENT,236,specialty-applications-testing,specialty-applications-testing/specialty-hvac-applications/educational-facilities/indoor-air-quality-schools/mold-prevention-schools/_index.md
EXCELLENT,236,specialty-applications-testing,specialty-applications-testing/specialty-hvac-applications/smoke-control-large-volumes/fire-detection-integration/smoke-detectors/_index.md
EXCELLENT,236,specialty-applications-testing,specialty-applications-testing/specialty-hvac-applications/smoke-control-large-volumes/smoke-management-systems/smoke-curtains/_index.md
EXCELLENT,236,specialty-applications-testing,specialty-applications-testing/specialty-hvac-applications/variable-occupancy-control/post-event-purge/moisture-removal/_index.md
EXCELLENT,236,sustainability-emerging-tech-economics,sustainability-emerging-tech-economics/sustainability-green-building/government-incentive-programs/retrofit-programs/_index.md
EXCELLENT,237,air-conditioning-cooling,air-conditioning-cooling/chillers/vapor-compression-chillers/screw/_index.md
EXCELLENT,237,specialty-applications-testing,specialty-applications-testing/specialty-hvac-applications/farm-crops-processing/fruit-storage-facilities/_index.md
EXCELLENT,237,specialty-applications-testing,specialty-applications-testing/specialty-hvac-applications/mass-transit-hvac/heating-cooling-loads-transit/traction-equipment-heat/_index.md
EXCELLENT,237,specialty-applications-testing,specialty-applications-testing/specialty-hvac-applications/natatoriums-indoor-swimming-pools/water-chemistry-hvac-impact/maintenance-coordination/_index.md
EXCELLENT,237,specialty-applications-testing,specialty-applications-testing/specialty-hvac-applications/places-of-assembly/houses-of-worship/synagogues/_index.md
EXCELLENT,237,specialty-applications-testing,specialty-applications-testing/specialty-hvac-applications/ships-marine-hvac/cargo-hold-ventilation/container-ships/_index.md
EXCELLENT,237,specialty-applications-testing,specialty-applications-testing/specialty-hvac-applications/ships-marine-hvac/commercial-ships/tankers-bulk-carriers/_index.md
EXCELLENT,238,hvac-fundamentals,hvac-fundamentals/energy-resources/fossil-fuel-resources/petroleum-resources/heating-oil-grades/no-6-heating-oil/_index.md
EXCELLENT,238,specialty-applications-testing,specialty-applications-testing/specialty-hvac-applications/educational-facilities/indoor-air-quality-schools/source-control-schools/_index.md
EXCELLENT,238,specialty-applications-testing,specialty-applications-testing/specialty-hvac-applications/power-plants/_index.md
EXCELLENT,238,specialty-applications-testing,specialty-applications-testing/specialty-hvac-applications/power-plants/control-room-hvac/pressurization/_index.md
EXCELLENT,238,specialty-applications-testing,specialty-applications-testing/specialty-hvac-applications/service-water-heating-domestic-hot-water/dhw-systems-design/distributed-systems/_index.md
EXCELLENT,238,specialty-applications-testing,specialty-applications-testing/specialty-hvac-applications/service-water-heating-domestic-hot-water/system-efficiency/_index.md
EXCELLENT,238,specialty-applications-testing,specialty-applications-testing/specialty-hvac-applications/snow-melting-freeze-protection-systems/roof-gutter-heating/constant-wattage-cable/_index.md
EXCELLENT,239,codes-standards-regulations-safety,codes-standards-regulations-safety/codes-standards-regulations/ashrae-standards-detailed/ashrae-62-2-ventilation-residential/_index.md
EXCELLENT,239,controls-automation-building,controls-automation-building/sensors-transducers/_index.md
EXCELLENT,239,international-perspectives,international-perspectives/international-efficiency-metrics/cooling-efficiency-global/_index.md
EXCELLENT,239,specialty-applications-testing,specialty-applications-testing/specialty-hvac-applications/snow-melting-freeze-protection-systems/heat-sources-snow-melt/boilers/_index.md
EXCELLENT,240,international-perspectives,international-perspectives/international-collaboration/_index.md
EXCELLENT,240,specialty-applications-testing,specialty-applications-testing/specialty-hvac-applications/high-occupancy-density-hvac/demand-controlled-ventilation/_index.md
EXCELLENT,240,specialty-applications-testing,specialty-applications-testing/specialty-hvac-applications/justice-facilities/ventilation-security-areas/booking-areas/_index.md
EXCELLENT,240,sustainability-emerging-tech-economics,sustainability-emerging-tech-economics/emerging-hvac-technologies/advanced-refrigeration/_index.md
EXCELLENT,240,sustainability-emerging-tech-economics,sustainability-emerging-tech-economics/emerging-hvac-technologies/air-purification-advanced/_index.md
EXCELLENT,240,sustainability-emerging-tech-economics,sustainability-emerging-tech-economics/emerging-hvac-technologies/solar-energy-equipment/solar-system-components/storage-tanks/_index.md
EXCELLENT,242,hvac-fundamentals,hvac-fundamentals/energy-resources/renewable-energy-resources/biomass-resources/wood-biomass/_index.md
EXCELLENT,242,refrigeration-systems,refrigeration-systems/food-processing-refrigeration/poultry-processing/cold-storage-poultry/shelf-life-factors/_index.md
EXCELLENT,242,specialty-applications-testing,specialty-applications-testing/specialty-hvac-applications/museums-galleries-archives-libraries/storage-vaults/fire-suppression/_index.md
EXCELLENT,242,specialty-applications-testing,specialty-applications-testing/specialty-hvac-applications/specialized-cooling-applications/musical-instrument-storage/temperature-stable-65-75f/_index.md
EXCELLENT,243,international-perspectives,international-perspectives/climate-specific-design-approaches/hot-dry-extreme-desert-climate/design-considerations/_index.md
EXCELLENT,243,refrigeration-systems,refrigeration-systems/food-processing-refrigeration/meat-processing/slaughterhouse-refrigeration/hot-carcass-chilling/_index.md
EXCELLENT,243,specialty-applications-testing,specialty-applications-testing/seismic-wind-flood-resistant-design/elevated-equipment-installation/access-maintenance/_index.md
EXCELLENT,243,specialty-applications-testing,specialty-applications-testing/specialty-hvac-applications/educational-facilities/universities-colleges/classroom-buildings/_index.md
EXCELLENT,243,specialty-applications-testing,specialty-applications-testing/specialty-hvac-applications/mass-transit-hvac/subway-rail-cars/environmental-conditions/_index.md
EXCELLENT,243,sustainability-emerging-tech-economics,sustainability-emerging-tech-economics/emerging-hvac-technologies/prefabrication-modular/_index.md
EXCELLENT,243,sustainability-emerging-tech-economics,sustainability-emerging-tech-economics/emerging-hvac-technologies/solar-energy-equipment/solar-thermal-systems/solar-cooling/absorption-cooling-solar/_index.md
EXCELLENT,244,air-conditioning-cooling,air-conditioning-cooling/system-types/variable-refrigerant-flow/_index.md
EXCELLENT,244,specialty-applications-testing,specialty-applications-testing/specialty-hvac-applications/hospitality-facilities/unoccupied-room-setback/setback-strategies/_index.md
EXCELLENT,244,specialty-applications-testing,specialty-applications-testing/specialty-hvac-applications/industrial-local-exhaust/capture-velocity/200-500-fpm-active-generation/_index.md
EXCELLENT,244,specialty-applications-testing,specialty-applications-testing/specialty-hvac-applications/museums-galleries-archives-libraries/preventive-conservation/environmental-monitoring/_index.md
EXCELLENT,244,specialty-applications-testing,specialty-applications-testing/specialty-hvac-applications/nuclear-facilities-hvac/fuel-handling-areas/ventilation-requirements/_index.md
EXCELLENT,244,specialty-applications-testing,specialty-applications-testing/specialty-hvac-applications/places-of-assembly/convention-centers/ballrooms/_index.md
EXCELLENT,244,specialty-applications-testing,specialty-applications-testing/specialty-hvac-applications/power-plants/combined-cycle-plants/steam-turbine/_index.md
EXCELLENT,244,specialty-applications-testing,specialty-applications-testing/specialty-hvac-applications/service-water-heating-domestic-hot-water/mixing-valves-thermostatic/anti-scald-protection/_index.md
EXCELLENT,244,sustainability-emerging-tech-economics,sustainability-emerging-tech-economics/computational-methods-research/heat-transfer-modeling/_index.md
EXCELLENT,245,heating-systems,heating-systems/unit-ventilators-heaters-makeup-air/destratification-fans/_index.md
EXCELLENT,245,specialty-applications-testing,specialty-applications-testing/specialty-hvac-applications/mine-ventilation/auxiliary-fans/methane-dilution/_index.md
EXCELLENT,245,specialty-applications-testing,specialty-applications-testing/specialty-hvac-applications/service-water-heating-domestic-hot-water/expansion-tanks-dhw/pre-charge-pressure/_index.md
EXCELLENT,245,specialty-applications-testing,specialty-applications-testing/specialty-hvac-applications/ships-marine-hvac/marine-hvac-systems/packaged-units/_index.md
EXCELLENT,245,specialty-applications-testing,specialty-applications-testing/specialty-hvac-applications/tall-buildings-high-rise-hvac/stairwell-pressurization/smoke-control/_index.md
EXCELLENT,245,ventilation-indoor-air-quality,ventilation-indoor-air-quality/ventilation-systems/energy-recovery-ventilation/total-energy-recovery/_index.md
EXCELLENT,246,sustainability-emerging-tech-economics,sustainability-emerging-tech-economics/sustainability-green-building/green-building-rating-systems/well-building-standard/_index.md
EXCELLENT,247,air-conditioning-cooling,air-conditioning-cooling/system-types/central-air-conditioning/_index.md
EXCELLENT,247,codes-standards-regulations-safety,codes-standards-regulations-safety/codes-standards-regulations/ashrae-standards-detailed/ashrae-62-1-ventilation-commercial/multiple-zone-ventilation-efficiency/_index.md
EXCELLENT,247,professional-development-training,professional-development-training/professional-certifications/engineering-certifications/professional-engineer-pe/_index.md
EXCELLENT,247,refrigeration-systems,refrigeration-systems/food-processing-refrigeration/poultry-processing/further-processing-poultry/product-types/_index.md
EXCELLENT,247,specialty-applications-testing,specialty-applications-testing/specialty-hvac-applications/aircraft-environmental-control/cabin-pressurization/_index.md
EXCELLENT,247,specialty-applications-testing,specialty-applications-testing/specialty-hvac-applications/healthcare-hvac/isolation-rooms/_index.md
EXCELLENT,248,international-perspectives,international-perspectives/climate-specific-design-approaches/humid-subtropical-climate/hvac-strategies/_index.md
EXCELLENT,248,specialty-applications-testing,specialty-applications-testing/seismic-wind-flood-resistant-design/seismic-bracing-ductwork/_index.md
EXCELLENT,248,specialty-applications-testing,specialty-applications-testing/specialty-hvac-applications/service-water-heating-domestic-hot-water/water-heater-types/storage-tank-heaters/commercial-storage/_index.md
EXCELLENT,248,specialty-applications-testing,specialty-applications-testing/specialty-hvac-applications/ships-marine-hvac/seawater-cooling-systems/_index.md
EXCELLENT,248,specialty-applications-testing,specialty-applications-testing/specialty-hvac-applications/snow-melting-freeze-protection-systems/electric-snow-melting/heating-cable-systems/_index.md
EXCELLENT,248,specialty-applications-testing,specialty-applications-testing/testing-balancing-commissioning-process/air-systems-testing/terminal-device-balancing/_index.md
EXCELLENT,248,ventilation-indoor-air-quality,ventilation-indoor-air-quality/ventilation-systems/energy-recovery-ventilation/_index.md
EXCELLENT,249,heating-systems,heating-systems/heat-pumps/ground-source-heat-pumps/ground-loop-types/open-loop/_index.md
EXCELLENT,249,specialty-applications-testing,specialty-applications-testing/specialty-hvac-applications/educational-facilities/ventilation-standards-schools/higher-rates-requirement/_index.md
EXCELLENT,249,specialty-applications-testing,specialty-applications-testing/specialty-hvac-applications/justice-facilities/prisons-jails-hvac/_index.md
EXCELLENT,249,specialty-applications-testing,specialty-applications-testing/specialty-hvac-applications/museums-galleries-archives-libraries/museum-hvac-requirements/gaseous-filtration/_index.md
EXCELLENT,249,specialty-applications-testing,specialty-applications-testing/specialty-hvac-applications/service-water-heating-domestic-hot-water/water-heater-types/tankless-water-heaters/electric-tankless/_index.md
EXCELLENT,249,specialty-applications-testing,specialty-applications-testing/specialty-hvac-applications/wood-paper-facilities/paper-mills/paper-machines/_index.md
EXCELLENT,249,specialty-applications-testing,specialty-applications-testing/testing-balancing-commissioning-process/hydronic-systems-testing/_index.md
EXCELLENT,249,ventilation-indoor-air-quality,ventilation-indoor-air-quality/indoor-air-quality-management/biosecurity-filtration/system-configurations/_index.md
EXCELLENT,250,codes-standards-regulations-safety,codes-standards-regulations-safety/codes-standards-regulations/ashrae-standards-detailed/ashrae-90-1-energy-standard/hvac-minimum-efficiency/_index.md
EXCELLENT,250,specialty-applications-testing,specialty-applications-testing/specialty-hvac-applications/aircraft-environmental-control/ventilation-aircraft/outside-air-requirements/_index.md
EXCELLENT,250,specialty-applications-testing,specialty-applications-testing/specialty-hvac-applications/educational-facilities/gymnasiums-natatoriums/occupancy-variation-gymnasium/_index.md
EXCELLENT,250,specialty-applications-testing,specialty-applications-testing/specialty-hvac-applications/tall-buildings/elevator-shaft-pressurization/_index.md
EXCELLENT,250,sustainability-emerging-tech-economics,sustainability-emerging-tech-economics/emerging-hvac-technologies/solar-energy-equipment/economic-considerations/_index.md
EXCELLENT,251,international-perspectives,international-perspectives/developing-world-applications/off-grid-systems/_index.md
EXCELLENT,252,air-conditioning-cooling,air-conditioning-cooling/air-filtration/_index.md
EXCELLENT,252,heating-systems,heating-systems/heat-pumps/air-source-heat-pumps/cold-climate-performance/_index.md
EXCELLENT,252,specialty-applications-testing,specialty-applications-testing/seismic-wind-flood-resistant-design/flood-resistant-equipment/_index.md
EXCELLENT,252,specialty-applications-testing,specialty-applications-testing/specialty-hvac-applications/justice-facilities/courthouses/courtrooms/_index.md
EXCELLENT,252,specialty-applications-testing,specialty-applications-testing/specialty-hvac-applications/mass-transit-hvac/energy-efficiency-transit/variable-speed-systems/_index.md
EXCELLENT,252,specialty-applications-testing,specialty-applications-testing/specialty-hvac-applications/museums-galleries-archives-libraries/rare-book-libraries/security-integration/_index.md
EXCELLENT,252,specialty-applications-testing,specialty-applications-testing/specialty-hvac-applications/nuclear-facilities-hvac/containment-ventilation/accident-conditions/_index.md
EXCELLENT,252,specialty-applications-testing,specialty-applications-testing/specialty-hvac-applications/power-plants/combined-cycle-plants/efficiency/_index.md
EXCELLENT,252,specialty-applications-testing,specialty-applications-testing/specialty-hvac-applications/textile-processing-plants/lint-control/exhaust-systems/_index.md
EXCELLENT,253,specialty-applications-testing,specialty-applications-testing/specialty-hvac-applications/service-water-heating-domestic-hot-water/solar-water-heating/glycol-vs-drainback/drainback-system-features/_index.md
EXCELLENT,253,specialty-applications-testing,specialty-applications-testing/specialty-hvac-applications/ships-marine-hvac/galley-laundry-hvac/laundry-facilities/_index.md
EXCELLENT,253,specialty-applications-testing,specialty-applications-testing/specialty-hvac-applications/snow-melting-freeze-protection-systems/heat-sources-snow-melt/solar-thermal/_index.md
EXCELLENT,254,ductwork-piping-distribution,ductwork-piping-distribution/ductwork-air-distribution/duct-materials/specialty-duct-materials/_index.md
EXCELLENT,254,heating-systems,heating-systems/boilers/boiler-types/_index.md
EXCELLENT,254,heating-systems,heating-systems/boilers/boiler-types/electric-boilers/_index.md
EXCELLENT,254,specialty-applications-testing,specialty-applications-testing/specialty-hvac-applications/mass-transit-hvac/heating-cooling-loads-transit/solar-loads-transit/_index.md
EXCELLENT,254,specialty-applications-testing,specialty-applications-testing/specialty-hvac-applications/power-plants/combined-cycle-plants/gas-turbine/_index.md
EXCELLENT,254,specialty-applications-testing,specialty-applications-testing/specialty-hvac-applications/tall-buildings-high-rise-hvac/elevator-shaft-pressurization/shaft-venting/_index.md
EXCELLENT,254,sustainability-emerging-tech-economics,sustainability-emerging-tech-economics/sustainability-green-building/green-building-rating-systems/passive-house-passivhaus/_index.md
EXCELLENT,255,specialty-applications-testing,specialty-applications-testing/specialty-hvac-applications/acoustic-considerations-assembly/equipment-sound-levels/sound-attenuation/_index.md
EXCELLENT,256,codes-standards-regulations-safety,codes-standards-regulations-safety/health-safety-hvac/refrigerant-safety-detailed/_index.md
EXCELLENT,256,heating-systems,heating-systems/heat-pumps/air-source-heat-pumps/defrost-systems/_index.md
EXCELLENT,256,refrigeration-systems,refrigeration-systems/compressors/_index.md
EXCELLENT,256,specialty-applications-testing,specialty-applications-testing/specialty-hvac-applications/snow-melting-freeze-protection-systems/heat-flux-requirements/ashrae-load-calculation/_index.md
EXCELLENT,256,specialty-applications-testing,specialty-applications-testing/specialty-hvac-applications/wood-paper-facilities/plywood-particleboard-plants/dryers-plywood/_index.md
EXCELLENT,257,specialty-applications-testing,specialty-applications-testing/specialty-hvac-applications/automobiles-hvac/refrigerant-systems-automotive/_index.md
EXCELLENT,257,specialty-applications-testing,specialty-applications-testing/specialty-hvac-applications/hospitality-facilities/commercial-kitchens-hotel/_index.md
EXCELLENT,257,specialty-applications-testing,specialty-applications-testing/specialty-hvac-applications/smoke-control-large-volumes/atrium-smoke-control/exhaust-rates-atrium/_index.md
EXCELLENT,258,specialty-applications-testing,specialty-applications-testing/specialty-hvac-applications/service-water-heating-domestic-hot-water/distribution-systems-dhw/recirculation-systems/on-demand-recirculation/_index.md
EXCELLENT,258,specialty-applications-testing,specialty-applications-testing/testing-balancing-commissioning-process/functional-performance-testing/system-integration-tests/_index.md
EXCELLENT,258,sustainability-emerging-tech-economics,sustainability-emerging-tech-economics/sustainability-green-building/government-incentive-programs/regional-programs/north-america/_index.md
EXCELLENT,259,international-perspectives,international-perspectives/european-standards-practices/en-european-standards/refrigeration-standards/_index.md
EXCELLENT,259,professional-development-training,professional-development-training/mentorship-programs/_index.md
EXCELLENT,259,specialty-applications-testing,specialty-applications-testing/specialty-hvac-applications/hospitality-facilities/laundry-facilities-commercial/exhaust-systems-laundry/_index.md
EXCELLENT,259,specialty-applications-testing,specialty-applications-testing/specialty-hvac-applications/textile-processing-plants/dyeing-finishing/process-exhaust/_index.md
EXCELLENT,260,international-perspectives,international-perspectives/cross-cultural-considerations/_index.md
EXCELLENT,260,specialty-applications-testing,specialty-applications-testing/seismic-wind-flood-resistant-design/seismic-restraints-detailed/ductwork-piping-supports/_index.md
EXCELLENT,260,specialty-applications-testing,specialty-applications-testing/specialty-hvac-applications/industrial-drying-systems/fluid-bed-dryers/_index.md
EXCELLENT,260,specialty-applications-testing,specialty-applications-testing/specialty-hvac-applications/justice-facilities/ventilation-security-areas/_index.md
EXCELLENT,260,sustainability-emerging-tech-economics,sustainability-emerging-tech-economics/sustainability-green-building/resilience-adaptation/_index.md
EXCELLENT,260,ventilation-indoor-air-quality,ventilation-indoor-air-quality/indoor-air-quality-management/_index.md
EXCELLENT,261,refrigeration-systems,refrigeration-systems/food-processing-refrigeration/meat-processing/slaughterhouse-refrigeration/_index.md
EXCELLENT,261,specialty-applications-testing,specialty-applications-testing/specialty-hvac-applications/hospitality-facilities/hotels-motels-hvac/guest-room-areas/_index.md
EXCELLENT,261,specialty-applications-testing,specialty-applications-testing/specialty-hvac-applications/mass-transit-hvac/equipment-placement-transit/end-of-car-equipment/_index.md
EXCELLENT,261,specialty-applications-testing,specialty-applications-testing/specialty-hvac-applications/specialized-cooling-applications/humidors-tobacco/_index.md
EXCELLENT,262,international-perspectives,international-perspectives/climate-specific-design-approaches/desert-arid-climate/_index.md
EXCELLENT,262,international-perspectives,international-perspectives/developing-world-applications/low-cost-cooling-solutions/_index.md
EXCELLENT,262,refrigeration-systems,refrigeration-systems/food-processing-refrigeration/meat-processing/meat-freezing-methods/cryogenic-freezing-meat/_index.md
EXCELLENT,262,specialty-applications-testing,specialty-applications-testing/specialty-hvac-applications/acoustic-considerations-assembly/duct-silencers/insertion-loss/_index.md
EXCELLENT,262,specialty-applications-testing,specialty-applications-testing/specialty-hvac-applications/justice-facilities/tamper-proof-equipment/locked-enclosures/_index.md
EXCELLENT,262,specialty-applications-testing,specialty-applications-testing/specialty-hvac-applications/snow-melting-freeze-protection-systems/controls-snow-melt/control-strategies/_index.md
EXCELLENT,262,specialty-applications-testing,specialty-applications-testing/specialty-hvac-applications/variable-occupancy-control/post-event-purge/return-to-setback/_index.md
EXCELLENT,262,sustainability-emerging-tech-economics,sustainability-emerging-tech-economics/emerging-hvac-technologies/controls-automation-ai/_index.md
EXCELLENT,263,specialty-applications-testing,specialty-applications-testing/seismic-wind-flood-resistant-design/resilient-design-strategies/_index.md
EXCELLENT,264,professional-development-training,professional-development-training/safety-training-programs/lockout-tagout-training/_index.md
EXCELLENT,264,specialty-applications-testing,specialty-applications-testing/specialty-hvac-applications/ships-marine-hvac/commercial-ships/cargo-ships/_index.md
EXCELLENT,265,specialty-applications-testing,specialty-applications-testing/seismic-wind-flood-resistant-design/seismic-restraints-detailed/bracing-systems/_index.md
EXCELLENT,265,specialty-applications-testing,specialty-applications-testing/specialty-hvac-applications/mass-transit-hvac/subway-rail-cars/ventilation-subway/_index.md
EXCELLENT,265,specialty-applications-testing,specialty-applications-testing/specialty-hvac-applications/service-water-heating-domestic-hot-water/dhw-systems-design/point-of-use-systems/_index.md
EXCELLENT,265,specialty-applications-testing,specialty-applications-testing/specialty-hvac-applications/ships-marine-hvac/seawater-cooling-systems/corrosion-protection/_index.md
EXCELLENT,266,heating-systems,heating-systems/cogeneration-chp-systems/system-configurations/_index.md
EXCELLENT,266,heating-systems,heating-systems/heat-pumps/ground-source-heat-pumps/ground-loop-types/pond-lake-loops/_index.md
EXCELLENT,266,specialty-applications-testing,specialty-applications-testing/specialty-hvac-applications/snow-melting-freeze-protection-systems/hydronic-snow-melting/tube-spacing/_index.md
EXCELLENT,266,ventilation-indoor-air-quality,ventilation-indoor-air-quality/ventilation-systems/energy-recovery-ventilation/sensible-heat-recovery/_index.md
EXCELLENT,267,refrigeration-systems,refrigeration-systems/food-processing-refrigeration/poultry-processing/poultry-chilling/_index.md
EXCELLENT,267,specialty-applications-testing,specialty-applications-testing/specialty-hvac-applications/laboratory-hvac/_index.md
EXCELLENT,268,professional-development-training,professional-development-training/professional-certifications/technician-certifications/tabb-testing-adjusting-balancing/_index.md
EXCELLENT,268,specialty-applications-testing,specialty-applications-testing/specialty-hvac-applications/aircraft-environmental-control/temperature-control-aircraft/galley-cooling/_index.md
EXCELLENT,268,specialty-applications-testing,specialty-applications-testing/specialty-hvac-applications/justice-facilities/prisons-jails-hvac/control-access-hvac/_index.md
EXCELLENT,268,specialty-applications-testing,specialty-applications-testing/specialty-hvac-applications/tall-buildings-high-rise-hvac/pressure-differentials-vertical-shafts/_index.md
EXCELLENT,268,specialty-applications-testing,specialty-applications-testing/testing-balancing-commissioning-process/hydronic-systems-testing/system-flushing/_index.md
EXCELLENT,269,maintenance-refrigerant-management,maintenance-refrigerant-management/maintenance-management/preventive-maintenance-schedules/_index.md
EXCELLENT,269,specialty-applications-testing,specialty-applications-testing/specialty-hvac-applications/nuclear-facilities-hvac/containment-ventilation/filtered-exhaust/_index.md
EXCELLENT,269,specialty-applications-testing,specialty-applications-testing/specialty-hvac-applications/service-water-heating-domestic-hot-water/heat-pump-water-heaters/ducted-configurations/_index.md
EXCELLENT,269,specialty-applications-testing,specialty-applications-testing/specialty-hvac-applications/tall-buildings-high-rise-hvac/stairwell-pressurization/makeup-air-requirements/_index.md
EXCELLENT,270,international-perspectives,international-perspectives/asian-standards-practices/indian-standards/_index.md
EXCELLENT,270,specialty-applications-testing,specialty-applications-testing/specialty-hvac-applications/engine-test-facilities/noise-control-test-cells/_index.md
EXCELLENT,270,specialty-applications-testing,specialty-applications-testing/specialty-hvac-applications/nuclear-facilities-hvac/hepa-filtration-nuclear/seismic-qualification/_index.md
EXCELLENT,271,air-conditioning-cooling,air-conditioning-cooling/chillers/absorption-chillers/double-effect-absorption/_index.md
EXCELLENT,271,refrigeration-systems,refrigeration-systems/food-processing-refrigeration/meat-processing/pork-processing/curing-operations/_index.md
EXCELLENT,271,specialty-applications-testing,specialty-applications-testing/acoustic-noise-vibration/vibration-control/vibration-isolation/isolation-design/_index.md
EXCELLENT,272,specialty-applications-testing,specialty-applications-testing/specialty-hvac-applications/ships-marine-hvac/cargo-hold-ventilation/refrigerated-cargo/_index.md
EXCELLENT,272,specialty-applications-testing,specialty-applications-testing/specialty-hvac-applications/snow-melting-freeze-protection-systems/heat-sources-snow-melt/heat-pumps/_index.md
EXCELLENT,272,sustainability-emerging-tech-economics,sustainability-emerging-tech-economics/emerging-hvac-technologies/solar-energy-equipment/solar-thermal-systems/domestic-hot-water/active-systems/_index.md
EXCELLENT,273,specialty-applications-testing,specialty-applications-testing/seismic-wind-flood-resistant-design/resilient-design-strategies/diversity/_index.md
EXCELLENT,273,specialty-applications-testing,specialty-applications-testing/specialty-hvac-applications/healthcare-facilities/hospitals/isolation-rooms/_index.md
EXCELLENT,273,specialty-applications-testing,specialty-applications-testing/specialty-hvac-applications/printing-plants/ink-drying-systems/oxidation-drying/_index.md
EXCELLENT,273,specialty-applications-testing,specialty-applications-testing/specialty-hvac-applications/service-water-heating-domestic-hot-water/piping-materials-dhw/copper-type-l-m/type-m-copper/_index.md
EXCELLENT,273,specialty-applications-testing,specialty-applications-testing/specialty-hvac-applications/textile-processing-plants/humidity-control-textile/weaving-60-65-rh/_index.md
EXCELLENT,273,ventilation-indoor-air-quality,ventilation-indoor-air-quality/_index.md
EXCELLENT,274,specialty-applications-testing,specialty-applications-testing/specialty-hvac-applications/automobiles-hvac/electric-vehicle-hvac/co2-refrigerant-systems/_index.md
EXCELLENT,274,specialty-applications-testing,specialty-applications-testing/specialty-hvac-applications/educational-facilities/school-cafeterias/dining-area-hvac/_index.md
EXCELLENT,274,specialty-applications-testing,specialty-applications-testing/specialty-hvac-applications/educational-facilities/school-cafeterias/grease-removal-school/_index.md
EXCELLENT,275,controls-automation-building,controls-automation-building/control-strategies-detailed/basic-control-modes/_index.md
EXCELLENT,275,specialty-applications-testing,specialty-applications-testing/specialty-hvac-applications/power-plants/fossil-fuel-power-plants/natural-gas/_index.md
EXCELLENT,275,specialty-applications-testing,specialty-applications-testing/specialty-hvac-applications/snow-melting-freeze-protection-systems/antifreeze-solutions/corrosion-inhibitors/_index.md
EXCELLENT,275,ventilation-indoor-air-quality,ventilation-indoor-air-quality/indoor-air-quality-management/particulate-matter-control/filter-types-detailed/_index.md
EXCELLENT,276,agricultural-hvac-systems,agricultural-hvac-systems/agricultural-ventilation/hybrid-natural-mechanical/_index.md
EXCELLENT,276,refrigeration-systems,refrigeration-systems/food-processing-refrigeration/meat-processing/portion-cutting-rooms/_index.md
EXCELLENT,277,agricultural-hvac-systems,agricultural-hvac-systems/biosecurity-hvac/_index.md
EXCELLENT,277,specialty-applications-testing,specialty-applications-testing/specialty-hvac-applications/hospitality-facilities/individual-room-control/thermostat-systems/_index.md
EXCELLENT,277,ventilation-indoor-air-quality,ventilation-indoor-air-quality/indoor-air-quality-management/pollutant-sources/_index.md
EXCELLENT,280,international-perspectives,international-perspectives/developing-world-applications/water-conservation-strategies/_index.md
EXCELLENT,280,refrigeration-systems,refrigeration-systems/food-processing-refrigeration/poultry-processing/poultry-chilling/water-immersion-chilling/_index.md
EXCELLENT,280,specialty-applications-testing,specialty-applications-testing/seismic-wind-flood-resistant-design/elevated-equipment-installation/_index.md
EXCELLENT,280,specialty-applications-testing,specialty-applications-testing/specialty-hvac-applications/cleanrooms/_index.md
EXCELLENT,280,specialty-applications-testing,specialty-applications-testing/specialty-hvac-applications/educational-facilities/dormitories-residence-halls/bathroom-exhaust-dormitory/_index.md
EXCELLENT,280,specialty-applications-testing,specialty-applications-testing/specialty-hvac-applications/engine-test-facilities/_index.md
EXCELLENT,280,specialty-applications-testing,specialty-applications-testing/specialty-hvac-applications/ships-marine-hvac/cargo-hold-ventilation/_index.md
EXCELLENT,280,specialty-applications-testing,specialty-applications-testing/specialty-hvac-applications/snow-melting-freeze-protection-systems/roof-gutter-heating/self-regulating-cable/_index.md
EXCELLENT,280,sustainability-emerging-tech-economics,sustainability-emerging-tech-economics/emerging-hvac-technologies/solar-energy-equipment/solar-system-components/pumps-controllers/_index.md
EXCELLENT,281,specialty-applications-testing,specialty-applications-testing/seismic-wind-flood-resistant-design/seismic-restraints-detailed/_index.md
EXCELLENT,281,specialty-applications-testing,specialty-applications-testing/specialty-hvac-applications/snow-melting-freeze-protection-systems/application-areas/specialized-applications/_index.md
EXCELLENT,282,sustainability-emerging-tech-economics,sustainability-emerging-tech-economics/emerging-hvac-technologies/solar-energy-equipment/solar-thermal-collectors/concentrating-collectors/_index.md
EXCELLENT,283,specialty-applications-testing,specialty-applications-testing/specialty-hvac-applications/automobiles-hvac/ventilation-automotive/_index.md
EXCELLENT,283,specialty-applications-testing,specialty-applications-testing/specialty-hvac-applications/snow-melting-freeze-protection-systems/application-areas/ramps-loading-docks/_index.md
EXCELLENT,283,specialty-applications-testing,specialty-applications-testing/specialty-hvac-applications/snow-melting-freeze-protection-systems/energy-considerations/operating-strategies/_index.md
EXCELLENT,283,specialty-applications-testing,specialty-applications-testing/specialty-hvac-applications/snow-melting-freeze-protection-systems/freeze-protection-piping/drain-down-systems/_index.md
EXCELLENT,284,specialty-applications-testing,specialty-applications-testing/specialty-hvac-applications/tall-buildings-high-rise-hvac/high-rise-system-types/vrf-systems/_index.md
EXCELLENT,285,codes-standards-regulations-safety,codes-standards-regulations-safety/codes-standards-regulations/ashrae-standards-detailed/ashrae-15-safety-refrigeration/machinery-room-requirements/_index.md
EXCELLENT,285,specialty-applications-testing,specialty-applications-testing/specialty-hvac-applications/mass-transit-hvac/buses-hvac/transit-buses/_index.md
EXCELLENT,286,specialty-applications-testing,specialty-applications-testing/specialty-hvac-applications/mass-transit-hvac/energy-efficiency-transit/heat-recovery-transit/_index.md
EXCELLENT,287,international-perspectives,international-perspectives/asian-standards-practices/middle-east-practices/_index.md
EXCELLENT,287,specialty-applications-testing,specialty-applications-testing/specialty-hvac-applications/automobiles-hvac/defrost-defogging/heated-glass-systems/_index.md
EXCELLENT,289,professional-development-training,professional-development-training/professional-certifications/manufacturer-certifications/_index.md
EXCELLENT,289,specialty-applications-testing,specialty-applications-testing/specialty-hvac-applications/places-of-assembly/houses-of-worship/temples/_index.md
EXCELLENT,289,specialty-applications-testing,specialty-applications-testing/specialty-hvac-applications/ships-marine-hvac/naval-vessels/submarines/_index.md
EXCELLENT,289,ventilation-indoor-air-quality,ventilation-indoor-air-quality/indoor-air-quality-management/source-control-strategies/_index.md
EXCELLENT,290,air-conditioning-cooling,air-conditioning-cooling/psychrometrics/psychrometric-processes/_index.md
EXCELLENT,290,international-perspectives,international-perspectives/developing-world-applications/resource-constrained-design/_index.md
EXCELLENT,290,specialty-applications-testing,specialty-applications-testing/seismic-wind-flood-resistant-design/elevated-equipment-installation/platform-supports/_index.md
EXCELLENT,290,sustainability-emerging-tech-economics,sustainability-emerging-tech-economics/emerging-hvac-technologies/solar-energy-equipment/solar-thermal-collectors/_index.md
EXCELLENT,291,international-perspectives,international-perspectives/asian-standards-practices/southeast-asian-practices/_index.md
EXCELLENT,291,specialty-applications-testing,specialty-applications-testing/specialty-hvac-applications/places-of-assembly/theaters-auditoriums/acoustics-coordination/_index.md
EXCELLENT,292,specialty-applications-testing,specialty-applications-testing/seismic-wind-flood-resistant-design/tornado-resistant-design/_index.md
EXCELLENT,292,specialty-applications-testing,specialty-applications-testing/specialty-hvac-applications/museums-galleries-archives-libraries/collection-materials-requirements/artifacts-by-type/_index.md
EXCELLENT,292,specialty-applications-testing,specialty-applications-testing/specialty-hvac-applications/snow-melting-freeze-protection-systems/controls-snow-melt/zoning-control/_index.md
EXCELLENT,293,specialty-applications-testing,specialty-applications-testing/specialty-hvac-applications/aircraft-environmental-control/bleed-air-systems/engine-bleed/_index.md
EXCELLENT,293,specialty-applications-testing,specialty-applications-testing/specialty-hvac-applications/healthcare-facilities/hospitals/pharmacies/_index.md
EXCELLENT,293,specialty-applications-testing,specialty-applications-testing/specialty-hvac-applications/natatoriums-indoor-swimming-pools/chloramine-control/air-quality-concerns/_index.md
EXCELLENT,293,ventilation-indoor-air-quality,ventilation-indoor-air-quality/indoor-air-quality-management/biosecurity-filtration/agricultural-biosecurity/_index.md
EXCELLENT,293,ventilation-indoor-air-quality,ventilation-indoor-air-quality/indoor-air-quality-management/gaseous-contaminant-control/_index.md
EXCELLENT,294,specialty-applications-testing,specialty-applications-testing/specialty-hvac-applications/acoustic-considerations-assembly/background-noise-limits/_index.md
EXCELLENT,295,professional-development-training,professional-development-training/continuing-education/_index.md
EXCELLENT,295,professional-development-training,professional-development-training/continuing-education/trade-publications-journals/_index.md
EXCELLENT,295,professional-development-training,professional-development-training/safety-training-programs/hot-work-safety/_index.md
EXCELLENT,295,specialty-applications-testing,specialty-applications-testing/specialty-hvac-applications/acoustic-considerations-assembly/equipment-sound-levels/_index.md
EXCELLENT,296,specialty-applications-testing,specialty-applications-testing/specialty-hvac-applications/healthcare-facilities/_index.md
EXCELLENT,296,specialty-applications-testing,specialty-applications-testing/specialty-hvac-applications/industrial-local-exhaust/duct-design-exhaust/_index.md
EXCELLENT,296,specialty-applications-testing,specialty-applications-testing/specialty-hvac-applications/power-plants/fossil-fuel-power-plants/_index.md
EXCELLENT,297,heating-systems,heating-systems/cogeneration-chp-systems/heat-recovery-equipment/exhaust-heat-recovery/_index.md
EXCELLENT,297,specialty-applications-testing,specialty-applications-testing/specialty-hvac-applications/acoustic-considerations-assembly/background-noise-limits/ambient-noise-environment/_index.md
EXCELLENT,297,specialty-applications-testing,specialty-applications-testing/specialty-hvac-applications/fire-emt-stations/diesel-exhaust-removal/magnetic-spring-loaded-nozzles/_index.md
EXCELLENT,297,specialty-applications-testing,specialty-applications-testing/specialty-hvac-applications/hospitality-facilities/individual-room-control/occupancy-sensors/_index.md
EXCELLENT,298,specialty-applications-testing,specialty-applications-testing/specialty-hvac-applications/nuclear-facilities-hvac/hepa-filtration-nuclear/dop-testing-99-97-percent/_index.md
EXCELLENT,298,sustainability-emerging-tech-economics,sustainability-emerging-tech-economics/computational-methods-research/temperature-modeling/_index.md
EXCELLENT,299,air-conditioning-cooling,air-conditioning-cooling/psychrometrics/psychrometric-chart/_index.md
EXCELLENT,299,hvac-fundamentals,hvac-fundamentals/energy-resources/renewable-energy-resources/hydroelectric-resources/_index.md
EXCELLENT,299,specialty-applications-testing,specialty-applications-testing/specialty-hvac-applications/acoustic-considerations-assembly/duct-silencers/pressure-drop-silencers/_index.md
EXCELLENT,299,specialty-applications-testing,specialty-applications-testing/specialty-hvac-applications/power-plants/control-room-hvac/redundancy/_index.md
EXCELLENT,300,specialty-applications-testing,specialty-applications-testing/specialty-hvac-applications/hospitality-facilities/conference-centers/flexible-zoning/_index.md
EXCELLENT,300,specialty-applications-testing,specialty-applications-testing/specialty-hvac-applications/tall-buildings-high-rise-hvac/compartmentalization-strategies/pressure-boundaries/_index.md
EXCELLENT,301,specialty-applications-testing,specialty-applications-testing/specialty-hvac-applications/mine-ventilation/underground-mine-ventilation/_index.md
EXCELLENT,301,specialty-applications-testing,specialty-applications-testing/specialty-hvac-applications/ships-marine-hvac/offshore-platforms/_index.md
EXCELLENT,302,heating-systems,heating-systems/combustion-heating/burners/_index.md
EXCELLENT,302,heating-systems,heating-systems/heat-pumps/ground-source-heat-pumps/ground-loop-types/_index.md
EXCELLENT,302,specialty-applications-testing,specialty-applications-testing/specialty-hvac-applications/data-centers/_index.md
EXCELLENT,302,specialty-applications-testing,specialty-applications-testing/specialty-hvac-applications/natatoriums-indoor-swimming-pools/chloramine-control/_index.md
EXCELLENT,304,codes-standards-regulations-safety,codes-standards-regulations-safety/codes-standards-regulations/nfpa-standards-detailed/nfpa-90a-air-conditioning/_index.md
EXCELLENT,304,specialty-applications-testing,specialty-applications-testing/specialty-hvac-applications/hospitality-facilities/laundry-facilities-commercial/_index.md
EXCELLENT,304,specialty-applications-testing,specialty-applications-testing/specialty-hvac-applications/snow-melting-freeze-protection-systems/antifreeze-solutions/propylene-glycol/_index.md
EXCELLENT,305,maintenance-refrigerant-management,maintenance-refrigerant-management/maintenance-management/preventive-maintenance-schedules/annual-tasks/_index.md
EXCELLENT,305,specialty-applications-testing,specialty-applications-testing/specialty-hvac-applications/ships-marine-hvac/naval-vessels/surface-ships/_index.md
EXCELLENT,305,ventilation-indoor-air-quality,ventilation-indoor-air-quality/ventilation-systems/mechanical-ventilation/_index.md
EXCELLENT,306,air-conditioning-cooling,air-conditioning-cooling/psychrometrics/psychrometric-calculations/_index.md
EXCELLENT,306,codes-standards-regulations-safety,codes-standards-regulations-safety/health-safety-hvac/refrigerant-safety-detailed/refrigerant-toxicity-levels/_index.md
EXCELLENT,306,heating-systems,heating-systems/hydronic-heat-distributing-units/_index.md
EXCELLENT,306,heating-systems,heating-systems/infrared-radiant-heating/_index.md
EXCELLENT,306,heating-systems,heating-systems/radiant-heating/_index.md
EXCELLENT,307,specialty-applications-testing,specialty-applications-testing/specialty-hvac-applications/acoustic-considerations-assembly/background-noise-limits/reverberation-time-coordination/_index.md
EXCELLENT,307,specialty-applications-testing,specialty-applications-testing/specialty-hvac-applications/mine-ventilation/auxiliary-fans/fan-placement/_index.md
EXCELLENT,308,hvac-systems,hvac-systems/_index.md
EXCELLENT,309,specialty-applications-testing,specialty-applications-testing/specialty-hvac-applications/fire-emt-stations/_index.md
EXCELLENT,309,specialty-applications-testing,specialty-applications-testing/specialty-hvac-applications/healthcare-facilities/hospitals/patient-rooms/_index.md
EXCELLENT,310,specialty-applications-testing,specialty-applications-testing/specialty-hvac-applications/nuclear-facilities-hvac/fuel-handling-ventilation/_index.md
EXCELLENT,310,specialty-applications-testing,specialty-applications-testing/specialty-hvac-applications/ships-marine-hvac/engine-room-ventilation/heat-removal/_index.md
EXCELLENT,311,specialty-applications-testing,specialty-applications-testing/specialty-hvac-applications/power-plants/control-room-hvac/filtration/_index.md
EXCELLENT,312,heating-systems,heating-systems/chimney-venting-systems/masonry-chimneys/_index.md
EXCELLENT,312,heating-systems,heating-systems/furnaces/heat-exchangers-furnace/_index.md
EXCELLENT,312,specialty-applications-testing,specialty-applications-testing/specialty-hvac-applications/fire-emt-stations/fire-stations/apparatus-bays/_index.md
EXCELLENT,312,specialty-applications-testing,specialty-applications-testing/specialty-hvac-applications/mass-transit-hvac/ventilation-requirements-transit/_index.md
EXCELLENT,312,specialty-applications-testing,specialty-applications-testing/specialty-hvac-applications/ships-marine-hvac/marine-hvac-systems/split-systems/_index.md
EXCELLENT,312,specialty-applications-testing,specialty-applications-testing/specialty-hvac-applications/snow-melting-freeze-protection-systems/hydronic-snow-melting/flow-rates/_index.md
EXCELLENT,312,specialty-applications-testing,specialty-applications-testing/specialty-hvac-applications/wood-paper-facilities/paper-mills/pulp-processing/_index.md
EXCELLENT,312,ventilation-indoor-air-quality,ventilation-indoor-air-quality/indoor-air-quality-management/biosecurity-filtration/healthcare-biosecurity/_index.md
EXCELLENT,314,specialty-applications-testing,specialty-applications-testing/specialty-hvac-applications/nuclear-facilities-hvac/nuclear-safety-hvac/emergency-power-systems/_index.md
EXCELLENT,316,heating-systems,heating-systems/boilers/boiler-types/water-tube/_index.md
EXCELLENT,316,specialty-applications-testing,specialty-applications-testing/specialty-hvac-applications/natatoriums-indoor-swimming-pools/dehumidification-systems-pools/_index.md
EXCELLENT,316,specialty-applications-testing,specialty-applications-testing/specialty-hvac-applications/nuclear-facilities-hvac/fuel-handling-areas/spent-fuel-pool-ventilation/_index.md
EXCELLENT,316,specialty-applications-testing,specialty-applications-testing/specialty-hvac-applications/power-plants/control-room-hvac/24-7-operation/_index.md
EXCELLENT,317,specialty-applications-testing,specialty-applications-testing/specialty-hvac-applications/engine-test-facilities/dynamometer-test-cells/engine-test-cells/_index.md
EXCELLENT,317,specialty-applications-testing,specialty-applications-testing/specialty-hvac-applications/ships-marine-hvac/refrigerated-cargo-systems/insulated-holds/_index.md
EXCELLENT,318,specialty-applications-testing,specialty-applications-testing/specialty-hvac-applications/nuclear-facilities-hvac/hepa-filtration-nuclear/two-stage-hepa/_index.md
EXCELLENT,318,specialty-applications-testing,specialty-applications-testing/specialty-hvac-applications/ships-marine-hvac/galley-laundry-hvac/dishwashing-area/_index.md
EXCELLENT,319,international-perspectives,international-perspectives/climate-specific-design-approaches/arctic-subarctic-climate/characteristics/_index.md
EXCELLENT,319,specialty-applications-testing,specialty-applications-testing/specialty-hvac-applications/acoustic-considerations-assembly/air-distribution-acoustics/low-velocity-systems/_index.md
EXCELLENT,319,specialty-applications-testing,specialty-applications-testing/specialty-hvac-applications/aircraft-environmental-control/air-conditioning-packs/air-cycle-machine/_index.md
EXCELLENT,320,air-conditioning-cooling,air-conditioning-cooling/psychrometrics/psychrometric-properties/_index.md
EXCELLENT,320,specialty-applications-testing,specialty-applications-testing/specialty-hvac-applications/fire-emt-stations/diesel-exhaust-removal/hose-reels/_index.md
EXCELLENT,321,professional-development-training,professional-development-training/apprenticeship-programs/union-apprenticeships/_index.md
EXCELLENT,321,specialty-applications-testing,specialty-applications-testing/specialty-hvac-applications/acoustic-considerations-assembly/air-distribution-acoustics/displacement-ventilation/_index.md
EXCELLENT,322,codes-standards-regulations-safety,codes-standards-regulations-safety/health-safety-hvac/_index.md
EXCELLENT,322,refrigeration-systems,refrigeration-systems/_index.md
EXCELLENT,323,specialty-applications-testing,specialty-applications-testing/seismic-wind-flood-resistant-design/elevated-equipment-installation/rooftop-installation/_index.md
EXCELLENT,323,sustainability-emerging-tech-economics,sustainability-emerging-tech-economics/sustainability-green-building/net-zero-energy-buildings/_index.md
EXCELLENT,324,specialty-applications-testing,specialty-applications-testing/specialty-hvac-applications/acoustic-considerations-assembly/air-distribution-acoustics/_index.md
EXCELLENT,325,air-conditioning-cooling,air-conditioning-cooling/cooling-load-calculations/_index.md
EXCELLENT,325,air-conditioning-cooling,air-conditioning-cooling/cooling-load-calculations/heat-gain-sources/_index.md
EXCELLENT,325,specialty-applications-testing,specialty-applications-testing/specialty-hvac-applications/aircraft-environmental-control/aircraft-ecs-systems/bleed-air-systems/_index.md
EXCELLENT,326,hvac-fundamentals,hvac-fundamentals/building-envelope-moisture/building-envelope-heat-air-moisture-control/moisture-transport-mechanisms/_index.md
EXCELLENT,326,specialty-applications-testing,specialty-applications-testing/specialty-hvac-applications/enclosed-vehicular-facilities/vehicle-tunnels/longitudinal-ventilation/_index.md
EXCELLENT,326,specialty-applications-testing,specialty-applications-testing/specialty-hvac-applications/ships-marine-hvac/commercial-ships/_index.md
EXCELLENT,327,specialty-applications-testing,specialty-applications-testing/seismic-wind-flood-resistant-design/seismic-bracing-equipment/_index.md
EXCELLENT,327,specialty-applications-testing,specialty-applications-testing/specialty-hvac-applications/acoustic-considerations-assembly/background-noise-limits/hvac-noise-contribution/_index.md
EXCELLENT,327,specialty-applications-testing,specialty-applications-testing/specialty-hvac-applications/acoustic-considerations-assembly/noise-criteria-venues/nc-35-arenas/_index.md
EXCELLENT,327,specialty-applications-testing,specialty-applications-testing/specialty-hvac-applications/nuclear-facilities-hvac/nuclear-safety-hvac/seismic-qualification/_index.md
EXCELLENT,327,specialty-applications-testing,specialty-applications-testing/specialty-hvac-applications/nuclear-facilities-hvac/radiological-zones/_index.md
EXCELLENT,328,professional-development-training,professional-development-training/safety-training-programs/osha-safety-training/_index.md
EXCELLENT,329,ventilation-indoor-air-quality,ventilation-indoor-air-quality/indoor-air-quality-management/biological-contaminant-control/_index.md
EXCELLENT,330,specialty-applications-testing,specialty-applications-testing/specialty-hvac-applications/aircraft-environmental-control/equipment-cooling-aircraft/_index.md
EXCELLENT,330,specialty-applications-testing,specialty-applications-testing/specialty-hvac-applications/ships-marine-hvac/galley-laundry-hvac/commercial-kitchen/_index.md
EXCELLENT,331,specialty-applications-testing,specialty-applications-testing/specialty-hvac-applications/acoustic-considerations-assembly/noise-criteria-venues/nc-30-lecture-halls/_index.md
EXCELLENT,331,specialty-applications-testing,specialty-applications-testing/specialty-hvac-applications/nuclear-facilities-hvac/fuel-handling-areas/dry-cask-storage/_index.md
EXCELLENT,332,heating-systems,heating-systems/chimney-venting-systems/gas-venting-systems/_index.md
EXCELLENT,332,specialty-applications-testing,specialty-applications-testing/specialty-hvac-applications/snow-melting-freeze-protection-systems/hydronic-snow-melting/embedded-tubing-systems/_index.md
EXCELLENT,333,specialty-applications-testing,specialty-applications-testing/specialty-hvac-applications/acoustic-considerations-assembly/equipment-sound-levels/vibration-isolation/_index.md
EXCELLENT,333,specialty-applications-testing,specialty-applications-testing/specialty-hvac-applications/educational-facilities/gymnasiums-natatoriums/spectator-areas-gymnasium/_index.md
EXCELLENT,335,professional-development-training,professional-development-training/professional-certifications/controls-automation-certifications/_index.md
EXCELLENT,335,specialty-applications-testing,specialty-applications-testing/specialty-hvac-applications/specialized-cooling-applications/musical-instrument-storage/wood-instruments-rh-40-50-percent/_index.md
EXCELLENT,335,sustainability-emerging-tech-economics,sustainability-emerging-tech-economics/emerging-hvac-technologies/solar-energy-equipment/solar-system-components/_index.md
EXCELLENT,336,specialty-applications-testing,specialty-applications-testing/specialty-hvac-applications/natatoriums/air-quality-challenges/chloramine-control/_index.md
EXCELLENT,338,specialty-applications-testing,specialty-applications-testing/specialty-hvac-applications/ships-marine-hvac/naval-vessels/aircraft-carriers/_index.md
EXCELLENT,340,codes-standards-regulations-safety,codes-standards-regulations-safety/codes-standards-regulations/iso-standards/_index.md
EXCELLENT,340,heating-systems,heating-systems/chimney-venting-systems/gas-venting-systems/category-i-appliances/_index.md
EXCELLENT,340,specialty-applications-testing,specialty-applications-testing/specialty-hvac-applications/aircraft-environmental-control/temperature-control-aircraft/cabin-zone-control/_index.md
EXCELLENT,341,specialty-applications-testing,specialty-applications-testing/specialty-hvac-applications/aircraft-environmental-control/aircraft-ecs-systems/vapor-cycle-systems/_index.md
EXCELLENT,343,professional-development-training,professional-development-training/continuing-education/manufacturer-training/_index.md
EXCELLENT,343,specialty-applications-testing,specialty-applications-testing/seismic-wind-flood-resistant-design/seismic-bracing-ductwork/clearances/_index.md
EXCELLENT,343,specialty-applications-testing,specialty-applications-testing/specialty-hvac-applications/snow-melting-freeze-protection-systems/electric-snow-melting/cable-spacing/_index.md
EXCELLENT,344,specialty-applications-testing,specialty-applications-testing/specialty-hvac-applications/acoustic-considerations-assembly/noise-criteria-venues/nc-25-theaters/_index.md
EXCELLENT,344,specialty-applications-testing,specialty-applications-testing/specialty-hvac-applications/tall-buildings/wind-effects/_index.md
EXCELLENT,345,international-perspectives,international-perspectives/climate-specific-design-approaches/arctic-subarctic-climate/_index.md
EXCELLENT,346,specialty-applications-testing,specialty-applications-testing/specialty-hvac-applications/educational-facilities/dormitories-residence-halls/_index.md
EXCELLENT,346,specialty-applications-testing,specialty-applications-testing/specialty-hvac-applications/printing-plants/humidity-control-printing/curl-control/_index.md
EXCELLENT,347,specialty-applications-testing,specialty-applications-testing/specialty-hvac-applications/mass-transit-hvac/buses-hvac/motor-coaches/_index.md
EXCELLENT,348,specialty-applications-testing,specialty-applications-testing/specialty-hvac-applications/mine-ventilation/methane-control/monitoring/_index.md
EXCELLENT,349,specialty-applications-testing,specialty-applications-testing/specialty-hvac-applications/specialized-cooling-applications/humidors-tobacco/spanish-cedar-lining/_index.md
EXCELLENT,349,sustainability-emerging-tech-economics,sustainability-emerging-tech-economics/emerging-hvac-technologies/solar-energy-equipment/building-integration/_index.md
EXCELLENT,351,hvac-systems,hvac-systems/decentralized-systems/_index.md
EXCELLENT,352,international-perspectives,international-perspectives/climate-specific-design-approaches/mediterranean-climate/equipment-considerations/_index.md
EXCELLENT,352,specialty-applications-testing,specialty-applications-testing/specialty-hvac-applications/fire-emt-stations/training-academies/smoke-houses/_index.md
EXCELLENT,352,specialty-applications-testing,specialty-applications-testing/specialty-hvac-applications/service-water-heating-domestic-hot-water/mixing-valves-thermostatic/_index.md
EXCELLENT,353,heating-systems,heating-systems/hydronic-heat-distributing-units/radiators/steel-panel-radiators/_index.md
EXCELLENT,353,project-delivery-methods,project-delivery-methods/design-delivery-methods/_index.md
EXCELLENT,353,specialty-applications-testing,specialty-applications-testing/seismic-wind-flood-resistant-design/seismic-design-criteria/seismic-design-category-a-f/_index.md
EXCELLENT,353,specialty-applications-testing,specialty-applications-testing/specialty-hvac-applications/mass-transit-hvac/heating-cooling-loads-transit/lighting-equipment/_index.md
EXCELLENT,353,specialty-applications-testing,specialty-applications-testing/specialty-hvac-applications/snow-melting-freeze-protection-systems/heat-flux-requirements/idling-mode/_index.md
EXCELLENT,353,sustainability-emerging-tech-economics,sustainability-emerging-tech-economics/sustainability-green-building/_index.md
EXCELLENT,354,specialty-applications-testing,specialty-applications-testing/specialty-hvac-applications/fire-emt-stations/apparatus-bays/vehicle-exhaust-removal/_index.md
EXCELLENT,354,specialty-applications-testing,specialty-applications-testing/specialty-hvac-applications/hospitality-facilities/laundry-facilities-commercial/makeup-air-laundry/_index.md
EXCELLENT,354,specialty-applications-testing,specialty-applications-testing/specialty-hvac-applications/service-water-heating-domestic-hot-water/expansion-tanks-dhw/asme-relief-valve/_index.md
EXCELLENT,355,specialty-applications-testing,specialty-applications-testing/specialty-hvac-applications/fire-emt-stations/ems-facilities/medical-equipment-storage/_index.md
EXCELLENT,355,specialty-applications-testing,specialty-applications-testing/specialty-hvac-applications/nuclear-facilities-hvac/emergency-ventilation-nuclear/_index.md
EXCELLENT,356,professional-development-training,professional-development-training/continuing-education/professional-development-hours/_index.md
EXCELLENT,356,specialty-applications-testing,specialty-applications-testing/specialty-hvac-applications/fire-emt-stations/apparatus-bays/overhead-underfloor/_index.md
EXCELLENT,356,specialty-applications-testing,specialty-applications-testing/specialty-hvac-applications/mass-transit-hvac/energy-efficiency-transit/thermal-storage/_index.md
EXCELLENT,356,specialty-applications-testing,specialty-applications-testing/specialty-hvac-applications/ships-marine-hvac/marine-hvac-systems/central-chilled-water/_index.md
EXCELLENT,357,specialty-applications-testing,specialty-applications-testing/specialty-hvac-applications/specialized-cooling-applications/organ-pipe-rooms/_index.md
EXCELLENT,357,ventilation-indoor-air-quality,ventilation-indoor-air-quality/ventilation-systems/dedicated-outdoor-air-systems/_index.md
EXCELLENT,359,professional-development-training,professional-development-training/soft-skills-development/_index.md
EXCELLENT,359,ventilation-indoor-air-quality,ventilation-indoor-air-quality/indoor-air-quality-management/ventilation-effectiveness/_index.md
EXCELLENT,360,specialty-applications-testing,specialty-applications-testing/specialty-hvac-applications/printing-plants/humidity-control-printing/paper-conditioning/_index.md
EXCELLENT,361,heating-systems,heating-systems/chimney-venting-systems/gas-venting-systems/type-b-vents/_index.md
EXCELLENT,361,specialty-applications-testing,specialty-applications-testing/specialty-hvac-applications/industrial-drying-systems/conveyor-dryers/_index.md
EXCELLENT,362,specialty-applications-testing,specialty-applications-testing/specialty-hvac-applications/mine-ventilation/heat-stress-mines/cooling-strategies/_index.md
EXCELLENT,363,heating-systems,heating-systems/residential-in-space-heating/electric-resistance-heating/_index.md
EXCELLENT,363,specialty-applications-testing,specialty-applications-testing/specialty-hvac-applications/laboratory-hvac/biosafety-cabinets/exhaust-connections/_index.md
EXCELLENT,363,specialty-applications-testing,specialty-applications-testing/specialty-hvac-applications/snow-melting-freeze-protection-systems/freeze-protection-piping/circulation-freeze-protection/_index.md
EXCELLENT,364,specialty-applications-testing,specialty-applications-testing/specialty-hvac-applications/mass-transit-hvac/energy-efficiency-transit/_index.md
EXCELLENT,364,specialty-applications-testing,specialty-applications-testing/specialty-hvac-applications/ships-marine-hvac/engine-room-ventilation/combustion-air/_index.md
EXCELLENT,366,specialty-applications-testing,specialty-applications-testing/specialty-hvac-applications/mass-transit-hvac/subway-rail-cars/ac-systems-rail/_index.md
EXCELLENT,370,specialty-applications-testing,specialty-applications-testing/specialty-hvac-applications/educational-facilities/k-12-schools/elementary-schools/_index.md
EXCELLENT,371,specialty-applications-testing,specialty-applications-testing/specialty-hvac-applications/power-plants/turbine-hall-ventilation/_index.md
EXCELLENT,372,heating-systems,heating-systems/residential-in-space-heating/vented-gas-heaters/_index.md
EXCELLENT,372,specialty-applications-testing,specialty-applications-testing/specialty-hvac-applications/mass-transit-hvac/equipment-placement-transit/rooftop-equipment/_index.md
EXCELLENT,372,specialty-applications-testing,specialty-applications-testing/specialty-hvac-applications/printing-plants/humidity-control-printing/dimensional-stability/_index.md
EXCELLENT,372,specialty-applications-testing,specialty-applications-testing/specialty-hvac-applications/snow-melting-freeze-protection-systems/antifreeze-solutions/viscosity-effects/_index.md
EXCELLENT,373,specialty-applications-testing,specialty-applications-testing/specialty-hvac-applications/nuclear-facilities-hvac/nuclear-safety-hvac/redundancy-requirements/_index.md
EXCELLENT,374,heating-systems,heating-systems/hydronic-heat-distributing-units/convectors/_index.md
EXCELLENT,374,specialty-applications-testing,specialty-applications-testing/specialty-hvac-applications/fire-emt-stations/training-academies/live-fire/_index.md
EXCELLENT,374,specialty-applications-testing,specialty-applications-testing/specialty-hvac-applications/snow-melting-freeze-protection-systems/electric-snow-melting/power-density/_index.md
EXCELLENT,374,sustainability-emerging-tech-economics,sustainability-emerging-tech-economics/emerging-hvac-technologies/solar-energy-equipment/solar-thermal-systems/solar-cooling/_index.md
EXCELLENT,375,heating-systems,heating-systems/hydronic-heat-distributing-units/radiators/_index.md
EXCELLENT,375,specialty-applications-testing,specialty-applications-testing/specialty-hvac-applications/aircraft-environmental-control/air-conditioning-packs/pack-operation/_index.md
EXCELLENT,375,specialty-applications-testing,specialty-applications-testing/specialty-hvac-applications/printing-plants/paper-conditioning/acclimation/_index.md
EXCELLENT,375,specialty-applications-testing,specialty-applications-testing/specialty-hvac-applications/snow-melting-freeze-protection-systems/energy-considerations/annual-operating-cost/_index.md
EXCELLENT,376,specialty-applications-testing,specialty-applications-testing/specialty-hvac-applications/tall-buildings/vertical-zoning-strategies/_index.md
EXCELLENT,379,specialty-applications-testing,specialty-applications-testing/specialty-hvac-applications/printing-plants/web-press-hvac/heat-from-dryers/_index.md
EXCELLENT,379,ventilation-indoor-air-quality,ventilation-indoor-air-quality/ventilation-systems/mechanical-ventilation/supply-systems/_index.md
EXCELLENT,381,professional-development-training,professional-development-training/safety-training-programs/osha-safety-training/osha-general-industry/_index.md
EXCELLENT,381,specialty-applications-testing,specialty-applications-testing/_index.md
EXCELLENT,381,specialty-applications-testing,specialty-applications-testing/specialty-hvac-applications/fire-emt-stations/fire-stations/_index.md
EXCELLENT,382,specialty-applications-testing,specialty-applications-testing/seismic-wind-flood-resistant-design/resilient-design-strategies/redundancy/_index.md
EXCELLENT,383,specialty-applications-testing,specialty-applications-testing/specialty-hvac-applications/natatoriums-indoor-swimming-pools/condensation-prevention/_index.md
EXCELLENT,383,specialty-applications-testing,specialty-applications-testing/specialty-hvac-applications/ships-marine-hvac/refrigerated-cargo-systems/cargo-temperature-control/_index.md
EXCELLENT,386,heating-systems,heating-systems/hydronic-heat-distributing-units/radiators/cast-iron-radiators/_index.md
EXCELLENT,387,specialty-applications-testing,specialty-applications-testing/specialty-hvac-applications/data-centers/cooling-efficiency/pue-optimization/_index.md
EXCELLENT,389,specialty-applications-testing,specialty-applications-testing/specialty-hvac-applications/mass-transit-hvac/light-rail-vehicles/trams-streetcars/_index.md
EXCELLENT,390,codes-standards-regulations-safety,codes-standards-regulations-safety/codes-standards-regulations/nfpa-standards-detailed/nfpa-96-cooking-equipment/_index.md
EXCELLENT,390,specialty-applications-testing,specialty-applications-testing/specialty-hvac-applications/printing-plants/sheet-fed-press-environments/temperature-70-75f/_index.md
EXCELLENT,391,international-perspectives,international-perspectives/climate-specific-design-approaches/desert-arid-climate/hvac-strategies/_index.md
EXCELLENT,393,specialty-applications-testing,specialty-applications-testing/specialty-hvac-applications/acoustic-considerations-assembly/equipment-sound-levels/fan-selection-acoustic/_index.md
EXCELLENT,393,specialty-applications-testing,specialty-applications-testing/specialty-hvac-applications/printing-plants/static-electricity-control/_index.md
EXCELLENT,394,specialty-applications-testing,specialty-applications-testing/specialty-hvac-applications/mass-transit-hvac/buses-hvac/equipment-placement/_index.md
EXCELLENT,395,agricultural-hvac-systems,agricultural-hvac-systems/livestock-environmental-control/_index.md
EXCELLENT,395,international-perspectives,international-perspectives/asian-standards-practices/korean-standards/_index.md
EXCELLENT,395,specialty-applications-testing,specialty-applications-testing/specialty-hvac-applications/nuclear-facilities-hvac/radiological-zones/buffer-zones/_index.md
EXCELLENT,396,heating-systems,heating-systems/chimney-venting-systems/factory-built-chimneys/_index.md
EXCELLENT,398,specialty-applications-testing,specialty-applications-testing/specialty-hvac-applications/fire-emt-stations/fire-stations/living-quarters/_index.md
EXCELLENT,398,specialty-applications-testing,specialty-applications-testing/specialty-hvac-applications/printing-plants/ink-drying-systems/exhaust-requirements/_index.md
EXCELLENT,400,international-perspectives,international-perspectives/climate-specific-design-approaches/mediterranean-climate/characteristics/_index.md
EXCELLENT,403,international-perspectives,international-perspectives/climate-specific-design-approaches/mediterranean-climate/hvac-strategies/_index.md
EXCELLENT,404,specialty-applications-testing,specialty-applications-testing/specialty-hvac-applications/snow-melting-freeze-protection-systems/application-areas/driveways-walkways/_index.md
EXCELLENT,406,heating-systems,heating-systems/hydronic-heat-distributing-units/fan-coil-units/_index.md
EXCELLENT,406,specialty-applications-testing,specialty-applications-testing/specialty-hvac-applications/natatoriums-indoor-swimming-pools/energy-recovery-pool-applications/_index.md
EXCELLENT,406,specialty-applications-testing,specialty-applications-testing/specialty-hvac-applications/tall-buildings/stairwell-pressurization/_index.md
EXCELLENT,407,hvac-fundamentals,hvac-fundamentals/building-envelope-moisture/building-assembly-moisture-design/cold-climate-assemblies/_index.md
EXCELLENT,407,hvac-fundamentals,hvac-fundamentals/building-envelope-moisture/building-envelope-heat-air-moisture-control/condensation-analysis/_index.md
EXCELLENT,407,project-delivery-methods,project-delivery-methods/commissioning-integration/_index.md
EXCELLENT,408,codes-standards-regulations-safety,codes-standards-regulations-safety/health-safety-hvac/refrigerant-safety-detailed/refrigerant-concentration-limits/_index.md
EXCELLENT,408,specialty-applications-testing,specialty-applications-testing/specialty-hvac-applications/fire-emt-stations/emergency-response-facilities/eoc/_index.md
EXCELLENT,409,specialty-applications-testing,specialty-applications-testing/specialty-hvac-applications/nuclear-facilities-hvac/radiological-zones/controlled-zones/_index.md
EXCELLENT,409,specialty-applications-testing,specialty-applications-testing/specialty-hvac-applications/specialized-cooling-applications/organ-pipe-rooms/rh-40-50-percent-stability/_index.md
EXCELLENT,412,heating-systems,heating-systems/hydronic-heat-distributing-units/specialty-terminal-units/_index.md
EXCELLENT,412,specialty-applications-testing,specialty-applications-testing/specialty-hvac-applications/mass-transit-hvac/light-rail-vehicles/integration-challenges/_index.md
EXCELLENT,412,specialty-applications-testing,specialty-applications-testing/specialty-hvac-applications/mass-transit-hvac/passenger-rail-cars/amtrak-long-distance/_index.md
EXCELLENT,412,specialty-applications-testing,specialty-applications-testing/specialty-hvac-applications/tall-buildings/mechanical-system-integration/_index.md
EXCELLENT,413,ventilation-indoor-air-quality,ventilation-indoor-air-quality/ventilation-systems/natural-ventilation/cross-ventilation/_index.md
EXCELLENT,416,professional-development-training,professional-development-training/business-management-training/_index.md
EXCELLENT,416,specialty-applications-testing,specialty-applications-testing/specialty-hvac-applications/fire-emt-stations/ems-facilities/ambulance-bays/_index.md
EXCELLENT,418,specialty-applications-testing,specialty-applications-testing/specialty-hvac-applications/fire-emt-stations/training-academies/burn-buildings/_index.md
EXCELLENT,418,specialty-applications-testing,specialty-applications-testing/specialty-hvac-applications/hospitality-facilities/unoccupied-room-setback/_index.md
EXCELLENT,419,professional-development-training,professional-development-training/safety-training-programs/osha-safety-training/osha-30-hour-construction/_index.md
EXCELLENT,419,specialty-applications-testing,specialty-applications-testing/seismic-wind-flood-resistant-design/seismic-bracing-piping/four-way-bracing/_index.md
EXCELLENT,419,specialty-applications-testing,specialty-applications-testing/specialty-hvac-applications/educational-facilities/ventilation-standards-schools/demand-control-ventilation/_index.md
EXCELLENT,420,controls-automation-building,controls-automation-building/_index.md
EXCELLENT,420,specialty-applications-testing,specialty-applications-testing/specialty-hvac-applications/ships-marine-hvac/engine-room-ventilation/cooling-ventilation/_index.md
EXCELLENT,420,specialty-applications-testing,specialty-applications-testing/specialty-hvac-applications/snow-melting-freeze-protection-systems/controls-snow-melt/snow-sensors/_index.md
EXCELLENT,421,specialty-applications-testing,specialty-applications-testing/specialty-hvac-applications/industrial-drying-systems/_index.md
EXCELLENT,422,specialty-applications-testing,specialty-applications-testing/specialty-hvac-applications/power-plants/control-room-hvac/precision-control/_index.md
EXCELLENT,422,specialty-applications-testing,specialty-applications-testing/specialty-hvac-applications/specialized-cooling-applications/humidors-tobacco/temperature-68-72f/_index.md
EXCELLENT,423,specialty-applications-testing,specialty-applications-testing/specialty-hvac-applications/printing-plants/humidity-control-printing/registration/_index.md
EXCELLENT,424,specialty-applications-testing,specialty-applications-testing/specialty-hvac-applications/fire-emt-stations/ems-facilities/_index.md
EXCELLENT,424,specialty-applications-testing,specialty-applications-testing/specialty-hvac-applications/industrial-local-exhaust/duct-design-exhaust/material-transport/_index.md
EXCELLENT,425,heating-systems,heating-systems/residential-in-space-heating/fireplace-systems/_index.md
EXCELLENT,425,specialty-applications-testing,specialty-applications-testing/specialty-hvac-applications/ships-marine-hvac/offshore-platforms/drilling-platforms/_index.md
EXCELLENT,425,specialty-applications-testing,specialty-applications-testing/specialty-hvac-applications/tall-buildings/smoke-control-systems/_index.md
EXCELLENT,425,specialty-applications-testing,specialty-applications-testing/specialty-hvac-applications/wood-paper-facilities/_index.md
EXCELLENT,426,specialty-applications-testing,specialty-applications-testing/specialty-hvac-applications/printing-plants/static-electricity-control/material-handling/_index.md
EXCELLENT,427,specialty-applications-testing,specialty-applications-testing/specialty-hvac-applications/nuclear-facilities-hvac/emergency-ventilation-nuclear/accident-scenarios/_index.md
EXCELLENT,429,specialty-applications-testing,specialty-applications-testing/specialty-hvac-applications/educational-facilities/k-12-schools/high-schools/_index.md
EXCELLENT,429,specialty-applications-testing,specialty-applications-testing/specialty-hvac-applications/tall-buildings/energy-efficiency/_index.md
EXCELLENT,432,hvac-fundamentals,hvac-fundamentals/building-envelope-moisture/mold-growth-prediction/_index.md
EXCELLENT,434,specialty-applications-testing,specialty-applications-testing/specialty-hvac-applications/nuclear-facilities-hvac/emergency-ventilation-nuclear/habitability-systems/_index.md
EXCELLENT,435,specialty-applications-testing,specialty-applications-testing/specialty-hvac-applications/snow-melting-freeze-protection-systems/freeze-protection-piping/heat-trace/_index.md
EXCELLENT,436,professional-development-training,professional-development-training/safety-training-programs/hazard-communication-training/_index.md
EXCELLENT,436,specialty-applications-testing,specialty-applications-testing/specialty-hvac-applications/industrial-drying-systems/spray-dryers/_index.md
EXCELLENT,440,heating-systems,heating-systems/hydronic-heat-distributing-units/baseboard-radiation/_index.md
EXCELLENT,441,specialty-applications-testing,specialty-applications-testing/specialty-hvac-applications/ships-marine-hvac/offshore-platforms/fpso-vessels/_index.md
EXCELLENT,442,specialty-applications-testing,specialty-applications-testing/specialty-hvac-applications/printing-plants/sheet-fed-press-environments/humidity-for-paper/_index.md
EXCELLENT,442,sustainability-emerging-tech-economics,sustainability-emerging-tech-economics/computational-methods-research/_index.md
EXCELLENT,445,codes-standards-regulations-safety,codes-standards-regulations-safety/health-safety-hvac/combustion-safety/_index.md
EXCELLENT,446,international-perspectives,international-perspectives/climate-specific-design-approaches/arctic-subarctic-climate/equipment-considerations/_index.md
EXCELLENT,447,hvac-fundamentals,hvac-fundamentals/building-envelope-moisture/building-assembly-moisture-design/hot-humid-climate-assemblies/_index.md
EXCELLENT,447,professional-development-training,professional-development-training/professional-certifications/engineering-certifications/building-energy-modeling/_index.md
EXCELLENT,450,hvac-fundamentals,hvac-fundamentals/building-envelope-moisture/building-assembly-moisture-design/mixed-climate-strategies/_index.md
EXCELLENT,451,specialty-applications-testing,specialty-applications-testing/specialty-hvac-applications/natatoriums-indoor-swimming-pools/pool-deck-heating-systems/_index.md
EXCELLENT,451,specialty-applications-testing,specialty-applications-testing/specialty-hvac-applications/snow-melting-freeze-protection-systems/controls-snow-melt/pavement-sensors/_index.md
EXCELLENT,452,professional-development-training,professional-development-training/professional-certifications/engineering-certifications/certified-energy-manager-cem/_index.md
EXCELLENT,452,specialty-applications-testing,specialty-applications-testing/specialty-hvac-applications/specialized-cooling-applications/humidors-tobacco/rh-65-75-percent/_index.md
EXCELLENT,453,project-delivery-methods,project-delivery-methods/construction-administration/_index.md
EXCELLENT,454,professional-development-training,professional-development-training/apprenticeship-programs/non-union-apprenticeships/_index.md
EXCELLENT,455,specialty-applications-testing,specialty-applications-testing/specialty-hvac-applications/mass-transit-hvac/buses-hvac/school-buses/_index.md
EXCELLENT,455,specialty-applications-testing,specialty-applications-testing/specialty-hvac-applications/tall-buildings/refuge-areas/_index.md
EXCELLENT,456,specialty-applications-testing,specialty-applications-testing/specialty-hvac-applications/hospitality-facilities/guest-room-ventilation/bathroom-exhaust/_index.md
EXCELLENT,456,specialty-applications-testing,specialty-applications-testing/specialty-hvac-applications/laboratory-hvac/controls-laboratory/_index.md
EXCELLENT,457,specialty-applications-testing,specialty-applications-testing/specialty-hvac-applications/aircraft-environmental-control/humidity-control-aircraft/humidification-systems/_index.md
EXCELLENT,457,specialty-applications-testing,specialty-applications-testing/specialty-hvac-applications/printing-plants/_index.md
EXCELLENT,458,specialty-applications-testing,specialty-applications-testing/specialty-hvac-applications/aircraft-environmental-control/temperature-control-aircraft/cockpit-climate-control/_index.md
EXCELLENT,458,specialty-applications-testing,specialty-applications-testing/specialty-hvac-applications/hospitality-facilities/laundry-facilities-commercial/heat-recovery-laundry/_index.md
EXCELLENT,460,specialty-applications-testing,specialty-applications-testing/specialty-hvac-applications/aircraft-environmental-control/humidity-control-aircraft/moisture-control/_index.md
EXCELLENT,460,specialty-applications-testing,specialty-applications-testing/specialty-hvac-applications/hospitality-facilities/energy-management-hotels/_index.md
EXCELLENT,461,specialty-applications-testing,specialty-applications-testing/specialty-hvac-applications/specialized-cooling-applications/organ-pipe-rooms/temperature-68-72f/_index.md
EXCELLENT,464,heating-systems,heating-systems/infrared-radiant-heating/gas-fired-infrared/_index.md
EXCELLENT,465,specialty-applications-testing,specialty-applications-testing/specialty-hvac-applications/tall-buildings/design-methodology/_index.md
EXCELLENT,466,agricultural-hvac-systems,agricultural-hvac-systems/waste-management-integration/_index.md
EXCELLENT,469,project-delivery-methods,project-delivery-methods/procurement-methods/_index.md
EXCELLENT,469,specialty-applications-testing,specialty-applications-testing/specialty-hvac-applications/printing-plants/paper-conditioning/moisture-equilibrium/_index.md
EXCELLENT,471,specialty-applications-testing,specialty-applications-testing/specialty-hvac-applications/power-plants/turbine-hall-ventilation/equipment-cooling/_index.md
EXCELLENT,473,specialty-applications-testing,specialty-applications-testing/specialty-hvac-applications/natatoriums/_index.md
EXCELLENT,475,international-perspectives,international-perspectives/climate-specific-design-approaches/hot-dry-extreme-desert-climate/characteristics/_index.md
EXCELLENT,475,specialty-applications-testing,specialty-applications-testing/specialty-hvac-applications/mass-transit-hvac/passenger-rail-cars/regional-commuter-rail/_index.md
EXCELLENT,476,heating-systems,heating-systems/hydronic-heat-distributing-units/unit-heaters-hydronic/_index.md
EXCELLENT,479,heating-systems,heating-systems/residential-in-space-heating/safety-requirements/_index.md
EXCELLENT,480,specialty-applications-testing,specialty-applications-testing/specialty-hvac-applications/printing-plants/sheet-fed-press-environments/static-control/_index.md
EXCELLENT,481,specialty-applications-testing,specialty-applications-testing/seismic-wind-flood-resistant-design/resilient-design-strategies/rapid-recovery/_index.md
EXCELLENT,482,heating-systems,heating-systems/residential-in-space-heating/unvented-gas-heaters/_index.md
EXCELLENT,484,specialty-applications-testing,specialty-applications-testing/specialty-hvac-applications/laboratory-hvac/fume-hood-systems/_index.md
EXCELLENT,486,specialty-applications-testing,specialty-applications-testing/specialty-hvac-applications/healthcare-facilities/hospitals/_index.md
EXCELLENT,487,heating-systems,heating-systems/residential-in-space-heating/oil-kerosene-heaters/_index.md
EXCELLENT,487,specialty-applications-testing,specialty-applications-testing/seismic-wind-flood-resistant-design/tornado-resistant-design/safe-room-hvac/_index.md
EXCELLENT,487,specialty-applications-testing,specialty-applications-testing/specialty-hvac-applications/mass-transit-hvac/light-rail-vehicles/climate-systems-lrv/_index.md
EXCELLENT,488,specialty-applications-testing,specialty-applications-testing/specialty-hvac-applications/power-plants/battery-room-ventilation/_index.md
EXCELLENT,495,codes-standards-regulations-safety,codes-standards-regulations-safety/codes-standards-regulations/nfpa-standards-detailed/nfpa-90a-air-conditioning/fire-dampers/_index.md
EXCELLENT,497,specialty-applications-testing,specialty-applications-testing/specialty-hvac-applications/specialized-cooling-applications/wine-cellars-aging/rh-60-70-percent/_index.md
EXCELLENT,499,specialty-applications-testing,specialty-applications-testing/specialty-hvac-applications/ships-marine-hvac/offshore-platforms/oil-rigs/_index.md
EXCELLENT,500,international-perspectives,international-perspectives/climate-specific-design-approaches/desert-arid-climate/equipment-considerations/_index.md
EXCELLENT,501,specialty-applications-testing,specialty-applications-testing/specialty-hvac-applications/printing-plants/sheet-fed-press-environments/rh-45-55-percent/_index.md
EXCELLENT,503,heating-systems,heating-systems/combustion-heating/burners/combustion-air-requirements/_index.md
EXCELLENT,506,international-perspectives,international-perspectives/climate-specific-design-approaches/arctic-subarctic-climate/hvac-strategies/_index.md
EXCELLENT,507,professional-development-training,professional-development-training/continuing-education/seminars-workshops/_index.md
EXCELLENT,509,specialty-applications-testing,specialty-applications-testing/specialty-hvac-applications/printing-plants/web-press-hvac/temperature-humidity-control/_index.md
EXCELLENT,510,specialty-applications-testing,specialty-applications-testing/specialty-hvac-applications/educational-facilities/dormitories-residence-halls/common-areas-dormitory/_index.md
EXCELLENT,520,specialty-applications-testing,specialty-applications-testing/specialty-hvac-applications/educational-facilities/dormitories-residence-halls/individual-room-control/_index.md
EXCELLENT,521,heating-systems,heating-systems/combustion-heating/burners/dual-fuel-burners/_index.md
EXCELLENT,521,specialty-applications-testing,specialty-applications-testing/specialty-hvac-applications/printing-plants/static-electricity-control/ionization/_index.md
EXCELLENT,524,specialty-applications-testing,specialty-applications-testing/specialty-hvac-applications/natatoriums-indoor-swimming-pools/chloramine-control/source-control-measures/_index.md
EXCELLENT,526,heating-systems,heating-systems/combustion-heating/burners/oil-burners/_index.md
EXCELLENT,527,specialty-applications-testing,specialty-applications-testing/specialty-hvac-applications/fire-emt-stations/emergency-response-facilities/critical-operations/_index.md
EXCELLENT,529,specialty-applications-testing,specialty-applications-testing/specialty-hvac-applications/healthcare-facilities/hospitals/operating-rooms/_index.md
EXCELLENT,532,specialty-applications-testing,specialty-applications-testing/specialty-hvac-applications/educational-facilities/k-12-schools/middle-schools/_index.md
EXCELLENT,536,controls-automation,controls-automation/_index.md
EXCELLENT,537,specialty-applications-testing,specialty-applications-testing/specialty-hvac-applications/industrial-drying-systems/freeze-dryers/_index.md
EXCELLENT,539,heating-systems,heating-systems/combustion-heating/burners/flue-gas-analysis/_index.md
EXCELLENT,548,specialty-applications-testing,specialty-applications-testing/specialty-hvac-applications/farm-crops-processing/potato-storage/sprout-inhibition/_index.md
EXCELLENT,551,specialty-applications-testing,specialty-applications-testing/specialty-hvac-applications/printing-plants/static-electricity-control/humidity/_index.md
EXCELLENT,556,specialty-applications-testing,specialty-applications-testing/specialty-hvac-applications/power-plants/battery-room-ventilation/hydrogen-off-gassing/_index.md
EXCELLENT,565,specialty-applications-testing,specialty-applications-testing/specialty-hvac-applications/snow-melting-freeze-protection-systems/antifreeze-solutions/ethylene-glycol/_index.md
EXCELLENT,567,specialty-applications-testing,specialty-applications-testing/specialty-hvac-applications/hospitality-facilities/unoccupied-room-setback/energy-savings/_index.md
EXCELLENT,568,international-perspectives,international-perspectives/developing-world-applications/appropriate-technology-hvac/_index.md
EXCELLENT,571,specialty-applications-testing,specialty-applications-testing/specialty-hvac-applications/power-plants/battery-room-ventilation/1-cfm-sqft-minimum/_index.md
EXCELLENT,576,heating-systems,heating-systems/residential-in-space-heating/wood-pellet-stoves/_index.md
EXCELLENT,584,international-perspectives,international-perspectives/european-standards-practices/eco-design-directive/_index.md
EXCELLENT,591,heating-systems,heating-systems/combustion-heating/burners/burner-controls/_index.md
EXCELLENT,592,specialty-applications-testing,specialty-applications-testing/specialty-hvac-applications/snow-melting-freeze-protection-systems/energy-considerations/on-demand-vs-idling/_index.md
EXCELLENT,596,specialty-applications-testing,specialty-applications-testing/specialty-hvac-applications/data-centers/cooling-efficiency/_index.md
EXCELLENT,605,specialty-applications-testing,specialty-applications-testing/specialty-hvac-applications/hospitality-facilities/energy-management-hotels/load-shedding/_index.md
EXCELLENT,610,specialty-applications-testing,specialty-applications-testing/specialty-hvac-applications/printing-plants/web-press-hvac/solvent-vapor-control/_index.md
EXCELLENT,614,specialty-applications-testing,specialty-applications-testing/specialty-hvac-applications/specialized-cooling-applications/organ-pipe-rooms/wind-pressure-effects/_index.md
EXCELLENT,617,specialty-applications-testing,specialty-applications-testing/specialty-hvac-applications/farm-crops-processing/potato-storage/_index.md
EXCELLENT,621,international-perspectives,international-perspectives/european-standards-practices/regional-european-practices/northern-europe-practices/_index.md
EXCELLENT,622,codes-standards-regulations-safety,codes-standards-regulations-safety/codes-standards-regulations/nfpa-standards-detailed/nfpa-90a-air-conditioning/smoke-dampers/_index.md
EXCELLENT,622,specialty-applications-testing,specialty-applications-testing/specialty-hvac-applications/hospitality-facilities/unoccupied-room-setback/recovery-time/_index.md
EXCELLENT,622,specialty-applications-testing,specialty-applications-testing/specialty-hvac-applications/mass-transit-hvac/passenger-rail-cars/equipment-configuration/_index.md
EXCELLENT,630,heating-systems,heating-systems/combustion-heating/burners/nox-reduction-techniques/_index.md
EXCELLENT,630,specialty-applications-testing,specialty-applications-testing/specialty-hvac-applications/printing-plants/solvent-vapor-control/voc-emissions/_index.md
EXCELLENT,639,specialty-applications-testing,specialty-applications-testing/specialty-hvac-applications/printing-plants/ink-drying-systems/uv-curing/_index.md
EXCELLENT,642,codes-standards-regulations-safety,codes-standards-regulations-safety/codes-standards-regulations/nfpa-standards-detailed/nfpa-90a-air-conditioning/duct-penetrations-fire-rated-assemblies/_index.md
EXCELLENT,647,heating-systems,heating-systems/infrared-radiant-heating/gas-fired-infrared/high-intensity-infrared/_index.md
EXCELLENT,648,specialty-applications-testing,specialty-applications-testing/specialty-hvac-applications/power-plants/battery-room-ventilation/exhaust-requirements/_index.md
EXCELLENT,649,specialty-applications-testing,specialty-applications-testing/specialty-hvac-applications/power-plants/battery-room-ventilation/explosion-proof/_index.md
EXCELLENT,652,international-perspectives,international-perspectives/european-standards-practices/en-european-standards/ventilation-standards/_index.md
EXCELLENT,658,heating-systems,heating-systems/combustion-heating/burners/gas-burners/_index.md
EXCELLENT,677,specialty-applications-testing,specialty-applications-testing/specialty-hvac-applications/industrial-local-exhaust/material-conveying/_index.md
EXCELLENT,707,heating-systems,heating-systems/infrared-radiant-heating/electric-infrared/_index.md
EXCELLENT,729,specialty-applications-testing,specialty-applications-testing/specialty-hvac-applications/printing-plants/solvent-vapor-control/dilution-ventilation/_index.md
EXCELLENT,745,international-perspectives,international-perspectives/european-standards-practices/energy-performance-buildings-directive/_index.md
EXCELLENT,860,heating-systems,heating-systems/infrared-radiant-heating/gas-fired-infrared/low-intensity-infrared/_index.md
EXCELLENT,875,specialty-applications-testing,specialty-applications-testing/specialty-hvac-applications/printing-plants/solvent-vapor-control/carbon-adsorption/_index.md
EXCELLENT,916,international-perspectives,international-perspectives/european-standards-practices/regional-european-practices/uk-ireland-practices/_index.md
EXCELLENT,927,specialty-applications-testing,specialty-applications-testing/specialty-hvac-applications/printing-plants/solvent-vapor-control/incineration/_index.md
EXCELLENT,1086,specialty-applications-testing,specialty-applications-testing/specialty-hvac-applications/printing-plants/solvent-vapor-control/_index.md
